Price,NIFTY50,NIFTY_BANK,INDIA_VIX,NIFTY_IT,NIFTY_PHARMA,NIFTY_AUTO,nifty_30d_return,nifty_5d_return,vix_at_open
Ticker,^NSEI,^NSEBANK,^INDIAVIX,^CNXIT,^CNXPHARMA,^CNXAUTO,,,
Date,,,,,,,,,
2010-01-04,5232.2001953125,9112.244140625,23.639999389648438,5877.25,,,,,23.639999389648438
2010-01-05,5277.89990234375,9192.0439453125,22.270000457763672,5913.64990234375,,,,,22.270000457763672
2010-01-06,5281.7998046875,9222.892578125,22.1200008392334,5824.89990234375,,,,,22.1200008392334
2010-01-07,5263.10009765625,9192.84375,22.5,5702.85009765625,,,,,22.5
2010-01-08,5244.75,9160.59375,22.56999969482422,5607.89990234375,,,,,22.56999969482422
2010-01-11,5249.39990234375,9173.443359375,22.68000030517578,5649.64990234375,,,,0.32872799948784337,22.68000030517578
2010-01-12,5210.39990234375,8984.9951171875,23.079999923706055,5862.39990234375,,,,-1.2789177750420322,23.079999923706055
2010-01-13,5233.9501953125,8925.99609375,21.989999771118164,6075.7998046875,,,,-0.9059337942444179,21.989999771118164
2010-01-14,5259.89990234375,8910.6962890625,20.979999542236328,6105.2998046875,,,,-0.06080437865746413,20.979999542236328
2010-01-15,5252.2001953125,8910.99609375,21.079999923706055,6118.39990234375,,,,0.14205053267553058,21.079999923706055
2010-01-18,5274.85009765625,9093.14453125,21.549999237060547,6181.14990234375,,,,0.48482104213734,21.549999237060547
2010-01-19,5225.64990234375,9135.7939453125,22.34000015258789,6068.7001953125,,,,0.2926838685287869,22.34000015258789
2010-01-20,5221.7001953125,9126.2431640625,22.290000915527344,6052.39990234375,,,,-0.23404884538203996,22.290000915527344
2010-01-21,5094.14990234375,8919.1962890625,23.5,5951.89990234375,,,,-3.151200651672925,23.5
2010-01-22,5036.0,8772.548828125,24.850000381469727,5874.60009765625,,,,-4.116373848534083,24.850000381469727
2010-01-25,5007.89990234375,8696.498046875,25.81999969482422,5799.2998046875,,,,-5.060811025342938,25.81999969482422
2010-01-27,4853.10009765625,8329.703125,28.920000076293945,5599.0,,,,-7.1292530431556145,28.920000076293945
2010-01-28,4867.25,8423.751953125,26.959999084472656,5649.35009765625,,,,-6.788022713956055,26.959999084472656
2010-01-29,4882.0498046875,8651.44921875,26.1299991607666,5594.14990234375,,,,-4.16360141971216,26.1299991607666
2010-02-01,4899.7001953125,8649.1494140625,25.610000610351562,5643.4501953125,,,,-2.7065092273133473,25.610000610351562
2010-02-02,4830.10009765625,8468.0517578125,26.690000534057617,5586.7001953125,,,,-3.5503865523407896,26.690000534057617
2010-02-03,4931.85009765625,8631.7490234375,25.540000915527344,5698.85009765625,,,,1.6226741343750906,25.540000915527344
2010-02-04,4845.35009765625,8471.0009765625,27.06999969482422,5565.9501953125,,,,-0.449944061713492,27.06999969482422
2010-02-05,4718.64990234375,8223.154296875,30.06999969482422,5449.75,,,,-3.3469527940264254,30.06999969482422
2010-02-08,4760.39990234375,8342.103515625,30.360000610351562,5484.64990234375,,,,-2.8430370719828346,30.360000610351562
2010-02-09,4792.64990234375,8392.3525390625,29.90999984741211,5606.2998046875,,,,-0.7753502940999524,29.90999984741211
2010-02-10,4757.2001953125,8289.9033203125,30.549999237060547,5573.4501953125,,,,-3.5412654254586617,30.549999237060547
2010-02-11,4826.85009765625,8381.302734375,28.809999465942383,5644.2001953125,,,,-0.3818093559214364,28.809999465942383
2010-02-15,4801.9501953125,8312.603515625,29.68000030517578,5667.0498046875,,,,1.7653416696028934,29.68000030517578
2010-02-16,4855.75,8397.7021484375,28.729999542236328,5745.10009765625,,,,2.00298503512919,28.729999542236328
2010-02-17,4914.0,8551.400390625,29.040000915527344,5743.7998046875,,,-6.0815753112347215,2.5320042174769686,29.040000915527344
2010-02-18,4887.75,8573.80078125,29.760000228881836,5741.10009765625,,,-7.392142889456787,2.744257111906645,29.760000228881836
2010-02-19,4844.89990234375,8487.0009765625,31.899999618530273,5712.4501953125,,,-8.271799736824736,0.3739458305586085,31.899999618530273
2010-02-22,4856.39990234375,8493.2509765625,32.130001068115234,5752.7998046875,,,-7.727388568832472,1.133908200139233,32.130001068115234
2010-02-23,4870.0498046875,8512.8515625,30.989999771118164,5783.7998046875,,,-7.144290868249204,0.2944921935334355,30.989999771118164
2010-02-24,4858.60009765625,8504.451171875,30.399999618530273,5779.75,,,-7.444656759966328,-1.127389140084456,30.399999618530273
2010-02-25,4859.75,8537.7001953125,29.549999237060547,5782.10009765625,,,-6.729807863423687,-0.5728607232366678,29.549999237060547
2010-02-26,4922.2998046875,8722.6484375,24.020000457763672,5766.7001953125,,,-5.954401150093336,1.597554209660923,24.020000457763672
2010-03-02,5017.0,8921.99609375,21.6299991607666,5848.7001953125,,,-4.61795674544142,3.3069784384671896,21.6299991607666
2010-03-03,5088.10009765625,9039.3447265625,20.75,5896.7001953125,,,-3.1244067543865994,4.477372957436154,20.75
2010-03-04,5080.25,9013.6953125,20.979999542236328,5833.60009765625,,,-3.6892062154091465,4.562011647154751,20.979999542236328
2010-03-05,5088.7001953125,9038.3447265625,20.739999771118164,5843.2001953125,,,-2.6207210507888545,4.711151711765016,20.739999771118164
2010-03-08,5124.0,9145.84375,20.729999542236328,5882.7001953125,,,-1.8710418380627258,4.097682045299655,20.729999542236328
2010-03-09,5101.5,9138.09375,20.799999237060547,5925.10009765625,,,0.14428506811055009,1.6842734702013251,20.799999237060547
2010-03-10,5116.25,9119.1435546875,20.09000015258789,5897.85009765625,,,1.5935266084193822,0.5532497750332599,20.09000015258789
2010-03-11,5133.39990234375,9186.7431640625,20.139999389648438,5960.0498046875,,,2.5060405049482926,1.046206433615482,20.139999389648438
2010-03-12,5137.0,9172.7939453125,19.729999542236328,5960.64990234375,,,5.84986702583894,0.9491579938623929,19.729999542236328
2010-03-15,5128.89990234375,9085.39453125,20.260000228881836,6038.4501953125,,,5.375723505958185,0.09562650944086037,20.260000228881836
2010-03-16,5198.10009765625,9102.8447265625,19.59000015258789,6102.75,,,6.473721195250692,1.893562631701462,19.59000015258789
2010-03-17,5231.89990234375,9188.2939453125,17.729999542236328,6143.0,,,6.780000689614907,2.2604427528707616,17.729999542236328
2010-03-18,5245.89990234375,9252.1923828125,17.969999313354492,6174.7001953125,,,8.608513204296987,2.191530021821131,17.969999313354492
2010-03-19,5262.7998046875,9270.6923828125,17.75,6145.4501953125,,,6.710457545912152,2.448896334193118,17.75
2010-03-22,5205.2001953125,9186.84375,19.959999084472656,6128.75,,,7.4267099467242526,1.4876541640807428,19.959999084472656
2010-03-23,5225.2998046875,9222.79296875,18.1299991607666,6142.7001953125,,,10.737179337930902,0.5232624712924183,18.1299991607666
2010-03-25,5260.39990234375,9318.1416015625,17.049999237060547,6201.2001953125,,,10.503319264287626,0.5447351924151356,17.049999237060547
2010-03-26,5282.0,9456.08984375,17.889999389648438,6151.89990234375,,,10.210428627739798,0.688158339432321,17.889999389648438
2010-03-29,5302.85009765625,9517.4892578125,18.729999542236328,6050.9501953125,,,11.469979818831355,0.7610073431460807,18.729999542236328
2010-03-30,5262.4501953125,9470.189453125,19.799999237060547,5917.75,,,9.024520936910019,1.0998616355151203,19.799999237060547
2010-03-31,5249.10009765625,9459.4892578125,19.8700008392334,5855.9501953125,,,9.311839651736541,0.45548186435924176,19.8700008392334
2010-04-01,5290.5,9507.6396484375,17.6200008392334,5984.0,,,8.953302785357575,0.5722016997764534,17.6200008392334
2010-04-05,5368.39990234375,9698.4873046875,17.170000076293945,5993.89990234375,,,9.247047259742569,1.6357421875,17.170000076293945
2010-04-06,5366.0,9728.0869140625,17.200000762939453,5934.7998046875,,,9.784665745997657,1.190867197465395,17.200000762939453
2010-04-07,5374.64990234375,9680.9375,17.31999969482422,5920.0498046875,,,10.93417842840736,2.1320811193840994,17.31999969482422
2010-04-08,5304.4501953125,9519.8896484375,19.920000076293945,5950.0,,,9.225976072368258,1.0544683207882377,19.920000076293945
2010-04-09,5361.75,9656.3876953125,18.440000534057617,5950.7001953125,,,10.096409996448719,1.3467536149702308,18.440000534057617
2010-04-12,5339.7001953125,9575.3388671875,20.049999237060547,5963.7998046875,,,9.902031202121965,-0.5346044920893522,20.049999237060547
2010-04-13,5322.9501953125,9482.8896484375,20.139999389648438,6141.14990234375,,,9.531358512526356,-0.8022699345415552,20.139999389648438
2010-04-15,5273.60009765625,9344.4912109375,21.579999923706055,6171.75,,,7.1369137782751,-1.8801188267804192,21.579999923706055
2010-04-16,5262.60009765625,9353.6416015625,21.780000686645508,6142.85009765625,,,4.8953577368198165,-0.7889620246266493,21.780000686645508
2010-04-19,5203.64990234375,9302.7919921875,22.65999984741211,6064.25,,,2.2709813578692284,-2.948665970182307,22.65999984741211
2010-04-20,5230.10009765625,9445.990234375,20.8700008392334,6000.0,,,2.9496599115446998,-2.052551522508017,20.8700008392334
2010-04-21,5244.89990234375,9555.1884765625,19.229999542236328,6004.60009765625,,,3.0695403744778416,-1.466297637680003,19.229999542236328
2010-04-22,5269.35009765625,9623.1376953125,20.530000686645508,6017.2001953125,,,2.83665295972384,-0.08059010773093789,20.530000686645508
2010-04-23,5304.10009765625,9813.185546875,20.209999084472656,6016.14990234375,,,3.9713828806478446,0.788583575227042,20.209999084472656
2010-04-26,5322.4501953125,9839.0361328125,19.790000915527344,6040.0,,,4.030299444172969,2.28301855809403,19.790000915527344
2010-04-27,5308.35009765625,9756.3369140625,19.81999969482422,6037.75,,,3.4080764920072504,1.4961472732628156,19.81999969482422
2010-04-28,5215.4501953125,9634.7880859375,22.729999542236328,5949.64990234375,,,1.5271597296573791,-0.5614922606643091,22.729999542236328
2010-04-29,5254.14990234375,9803.685546875,21.190000534057617,5938.5498046875,,,2.442044149521516,-0.288464327304061,21.190000534057617
2010-04-30,5278.0,9870.2353515625,20.350000381469727,5985.7998046875,,,1.5370981866966282,-0.492074002671683,20.350000381469727
2010-05-03,5222.75,9775.38671875,22.139999389648438,5930.0,,,-0.1748868004842974,-1.873201094494159,22.139999389648438
2010-05-04,5148.5,9623.587890625,23.299999237060547,5871.7998046875,,,-1.8566862532057415,-3.0112953123952235,23.299999237060547
2010-05-05,5124.89990234375,9581.73828125,23.690000534057617,5932.0,,,-2.620276420564671,-1.7361932254694734,23.690000534057617
2010-05-06,5090.85009765625,9581.888671875,24.360000610351562,5867.89990234375,,,-2.196843413616001,-3.108015715628054,24.360000610351562
2010-05-07,5018.0498046875,9275.9921875,27.399999618530273,5726.60009765625,,,-3.9662795963225084,-4.925164746352784,27.399999618530273
2010-05-10,5193.60009765625,9656.1376953125,24.139999389648438,5890.89990234375,,,-1.2698617201657547,-0.5581332122684413,24.139999389648438
2010-05-11,5136.14990234375,9625.9873046875,25.809999465942383,5834.35009765625,,,-2.761266521322414,-0.23987758873943443,25.809999465942383
2010-05-12,5156.64990234375,9722.0869140625,25.81999969482422,5876.25,,,-2.757011656375452,0.6195242952058422,25.81999969482422
2010-05-13,5178.89990234375,9773.236328125,24.860000610351562,5922.60009765625,,,-1.587669048975926,1.7295697771190888,24.860000610351562
2010-05-14,5093.5,9588.9384765625,26.530000686645508,5839.75,,,-2.964319497845469,1.5035760554233724,26.530000686645508
2010-05-17,5059.89990234375,9526.3896484375,27.170000076293945,5744.5498046875,,,-4.358758107102356,-2.574325954992873,27.170000076293945
2010-05-18,5066.2001953125,9492.1396484375,26.540000915527344,5754.7001953125,,,-5.629232406835316,-1.3619093749450362,26.540000915527344
2010-05-19,4919.64990234375,9108.244140625,32.040000915527344,5663.10009765625,,,-8.318115871342712,-4.596007184670048,32.040000915527344
2010-05-20,4947.60009765625,9174.4931640625,31.040000915527344,5659.89990234375,,,-7.945630179582008,-4.466195698874653,31.040000915527344
2010-05-21,4931.14990234375,9135.59375,32.2599983215332,5606.4501953125,,,-7.037492656611843,-3.1873976176744923,32.2599983215332
2010-05-24,4943.9501953125,9087.14453125,31.299999237060547,5638.5,,,-7.792228371100851,-2.2915415179960763,31.299999237060547
2010-05-25,4806.75,8851.6474609375,34.52000045776367,5488.10009765625,,,-9.980901095914607,-5.1211990310322975,34.52000045776367
2010-05-26,4917.39990234375,9027.4951171875,32.150001525878906,5674.39990234375,,,-7.618900761571767,-0.045734961728238765,32.150001525878906
2010-05-27,5003.10009765625,9258.3427734375,29.010000228881836,5713.60009765625,,,-5.129323327345558,1.1217559807691568,29.010000228881836
2010-05-28,5066.5498046875,9312.4912109375,26.43000030517578,5783.60009765625,,,-3.7253503844242863,2.745807874942008,26.43000030517578
2010-05-31,5086.2998046875,9363.591796875,26.43000030517578,5761.9501953125,,,-2.2551497479374016,2.8792686768965847,26.43000030517578
2010-06-01,4970.2001953125,9118.943359375,29.079999923706055,5688.2998046875,,,-4.969310290260376,3.40043054688719,29.079999923706055
2010-06-02,5019.85009765625,9192.34375,27.760000228881836,5738.4501953125,,,-4.290831262326544,2.0834220796984493,27.760000228881836
2010-06-03,5110.5,9387.5908203125,25.290000915527344,5839.64990234375,,,-3.0146051166139998,2.1466670713636615,25.290000915527344
2010-06-04,5135.5,9455.83984375,24.719999313354492,5884.2998046875,,,-3.1786748845624158,1.3608905067647559,24.719999313354492
2010-06-07,5034.0,9292.4912109375,27.989999771118164,5785.85009765625,,,-5.419500131096367,-1.028248563706391,27.989999771118164
2010-06-08,4987.10009765625,9185.193359375,28.770000457763672,5740.7001953125,,,-6.05178622528757,0.3400245800901258,28.770000457763672
2010-06-09,5000.2998046875,9238.0927734375,28.15999984741211,5670.39990234375,,,-4.125250602879326,-0.3894596967721764,28.15999984741211
2010-06-10,5078.60009765625,9346.341796875,26.5,5735.10009765625,,,-3.341164754534154,-0.6242031571030204,26.5
2010-06-11,5119.35009765625,9451.640625,25.100000381469727,5739.25,,,-3.005871586656883,-0.3144757539431442,25.100000381469727
2010-06-14,5197.7001953125,9533.9892578125,22.950000762939453,5945.25,,,-0.47962863793020727,3.2518910471295293,22.950000762939453
2010-06-15,5222.35009765625,9554.2890625,21.979999542236328,5916.75,,,1.4344002652471488,4.717170207001842,21.979999542236328
2010-06-16,5233.35009765625,9588.7890625,22.670000076293945,5969.89990234375,,,2.1161427028633772,4.660726397850756,22.670000076293945
2010-06-17,5274.85009765625,9613.2890625,20.850000381469727,5975.89990234375,,,3.6143275969707123,3.864253853942312,20.850000381469727
2010-06-18,5262.60009765625,9576.138671875,19.959999084472656,6006.9501953125,,,4.8734130287090505,2.7982067502197783,19.959999084472656
2010-06-21,5353.2998046875,9757.9365234375,19.40999984741211,6037.25,,,3.074932686929799,2.9936241708462985,19.40999984741211
2010-06-22,5316.5498046875,9675.3876953125,20.639999389648438,5958.5498046875,,,3.5123566440580234,1.8037800084204747,20.639999389648438
2010-06-23,5323.14990234375,9718.8369140625,20.34000015258789,6007.64990234375,,,3.2288404904960544,1.7159143380779396,20.34000015258789
2010-06-24,5320.60009765625,9673.4873046875,20.06999969482422,6014.60009765625,,,2.7361060840039197,0.8673232253619378,20.06999969482422
2010-06-25,5269.0498046875,9450.990234375,20.0,5921.75,,,3.446545689358982,0.12255742240649958,20.0
2010-06-28,5333.5,9542.0888671875,19.549999237060547,5979.60009765625,,,5.407223520953819,-0.3698616817642608,19.549999237060547
2010-06-29,5256.14990234375,9381.291015625,20.639999389648438,5934.14990234375,,,3.7493525661895566,-1.136073291187767,20.639999389648438
2010-06-30,5312.5,9464.4892578125,20.06999969482422,5928.2998046875,,,7.985326302773976,-0.20006767682910764,20.06999969482422
2010-07-01,5251.39990234375,9349.2919921875,21.440000534057617,5861.25,,,6.140346808373098,-1.3006088419045603,21.440000534057617
2010-07-02,5237.10009765625,9357.0419921875,21.899999618530273,5836.2998046875,,,6.2044391545891475,-0.6063656297730646,21.899999618530273
2010-07-05,5235.89990234375,9385.240234375,21.989999771118164,5862.60009765625,,,5.90519110220924,-1.8299446452845203,21.989999771118164
2010-07-06,5289.0498046875,9550.7890625,20.899999618530273,5959.5498046875,,,10.033802562802308,0.6259315840493773,20.899999618530273
2010-07-07,5241.10009765625,9449.140625,22.110000610351562,5954.39990234375,,,6.582751082705651,-1.3439981617647034,22.110000610351562
2010-07-08,5296.85009765625,9566.48828125,21.1200008392334,6041.2998046875,,,5.871359642346752,0.8654872254580281,21.1200008392334
2010-07-09,5352.4501953125,9713.5869140625,20.209999084472656,6108.39990234375,,,5.642901020345037,2.2025566726874723,20.209999084472656
2010-07-12,5383.0,9850.4853515625,19.90999984741211,6185.64990234375,,,5.833321013422421,2.809452059815043,19.90999984741211
2010-07-13,5400.64990234375,9931.484375,19.110000610351562,6028.0498046875,,,8.660611044142975,2.110021682105212,19.110000610351562
2010-07-14,5386.14990234375,9956.5341796875,20.06999969482422,5952.4501953125,,,7.297026755012537,2.76754501888572,20.06999969482422
2010-07-15,5378.75,9931.984375,20.18000030517578,5985.5,,,5.248997162704239,1.5462001158006888,20.18000030517578
2010-07-16,5393.89990234375,10013.333984375,19.700000762939453,6086.10009765625,,,5.031640586968167,0.7744062161951559,19.700000762939453
2010-07-19,5386.4501953125,10032.3837890625,20.709999084472656,6072.7998046875,,,7.0013944241656745,0.06409428408880036,20.709999084472656
2010-07-20,5368.0,9975.8837890625,20.3799991607666,6052.5,,,7.637703171884569,-0.6045550615969564,20.3799991607666
2010-07-21,5399.35009765625,9992.0341796875,20.0,6097.4501953125,,,7.980527339473986,0.24507664197679357,20.0
2010-07-22,5441.9501953125,10060.1328125,18.899999618530273,6076.25,,,7.154532561520921,1.1749978212874712,18.899999618530273
2010-07-23,5449.10009765625,10093.783203125,19.239999771118164,6100.39990234375,,,6.441247301116726,1.0233819001445488,19.239999771118164
2010-07-26,5418.60009765625,10023.8837890625,19.969999313354492,6131.35009765625,,,4.249954673087264,0.5968662324535856,19.969999313354492
2010-07-27,5430.60009765625,10090.533203125,19.219999313354492,6168.64990234375,,,3.9876683122692436,1.1661717149077822,19.219999313354492
2010-07-28,5397.5498046875,10068.033203125,19.520000457763672,6161.39990234375,,,3.13756396891518,-0.03334277155933041,19.520000457763672
2010-07-29,5408.89990234375,10179.58203125,18.329999923706055,6152.35009765625,,,2.541300742310426,-0.60732442934186,18.329999923706055
2010-07-30,5367.60009765625,10160.8818359375,18.940000534057617,6086.85009765625,,,1.9952114553937417,-1.4956598069294835,18.940000534057617
2010-08-02,5431.64990234375,10411.37890625,17.989999771118164,6104.35009765625,,,1.4635850879796575,0.24083350777528434,17.989999771118164
2010-08-03,5439.5498046875,10502.5283203125,17.549999237060547,6077.0,,,2.313530475940495,0.1648014376000928,17.549999237060547
2010-08-04,5467.85009765625,10489.177734375,17.040000915527344,6274.2001953125,,,2.7183190022281645,1.302448249902155,17.040000915527344
2010-08-05,5447.10009765625,10454.779296875,17.709999084472656,6288.7001953125,,,2.377551360338548,0.7062470373309537,17.709999084472656
2010-08-06,5439.25,10383.529296875,17.3700008392334,6259.89990234375,,,3.230187635749515,1.3348591743083782,17.3700008392334
2010-08-09,5486.14990234375,10523.9775390625,17.0,6306.85009765625,,,2.8620962284381823,1.0033783653192296,17.0
2010-08-10,5460.7001953125,10519.828125,17.329999923706055,6216.0,,,3.8916373537508875,0.38882612319817156,17.329999923706055
2010-08-11,5420.60009765625,10428.529296875,18.110000610351562,6161.2998046875,,,2.034825367647053,-0.8641421976848473,18.110000610351562
2010-08-12,5416.4501953125,10583.52734375,18.0,6091.0498046875,,,3.142977035420347,-0.5626829284253065,18.0
2010-08-13,5452.10009765625,10737.224609375,16.739999771118164,6116.7001953125,,,4.105325389832037,0.2362476013466841,16.739999771118164
2010-08-16,5418.2998046875,10680.42578125,18.110000610351562,6086.85009765625,,,3.483639980628772,-1.2367525288957903,18.110000610351562
2010-08-17,5414.14990234375,10770.125,17.6299991607666,6059.5,,,2.3652660170713213,-0.8524601480357608,17.6299991607666
2010-08-18,5479.14990234375,10893.9228515625,16.399999618530273,6184.39990234375,,,4.54198164988211,1.0801351074176457,16.399999618530273
2010-08-19,5540.2001953125,11110.37109375,16.530000686645508,6183.89990234375,,,4.594241731778048,2.284706690501759,16.530000686645508
2010-08-20,5530.64990234375,11033.6220703125,16.700000762939453,6128.60009765625,,,3.3293108862051835,1.4407256521439704,16.700000762939453
2010-08-23,5543.5,11095.37109375,17.139999389648438,6178.9501953125,,,2.98160876834479,2.3106915420993523,17.139999389648438
2010-08-24,5505.10009765625,11042.8720703125,16.989999771118164,6117.60009765625,,,1.934030111212559,1.6798610484192178,16.989999771118164
2010-08-25,5462.35009765625,10937.72265625,18.920000076293945,6109.9501953125,,,1.4147433081901806,-0.30661334307195975,18.920000076293945
2010-08-26,5477.89990234375,10981.572265625,17.09000015258789,6116.14990234375,,,1.8433632785266107,-1.124513388910775,17.09000015258789
2010-08-27,5408.7001953125,10727.3251953125,19.6299991607666,6005.89990234375,,,0.27438946285078814,-2.2049796892689044,19.6299991607666
2010-08-30,5415.4501953125,10747.125,18.360000610351562,5971.25,,,0.5383879725693319,-2.309908986876519,18.360000610351562
2010-08-31,5402.39990234375,10746.224609375,18.469999313354492,5974.89990234375,,,0.6408327560311067,-1.8655463750100298,18.469999313354492
2010-09-01,5471.85009765625,10879.6240234375,16.700000762939453,6086.4501953125,,,1.3427541961294809,0.1739178161443089,16.700000762939453
2010-09-02,5486.14990234375,10980.4716796875,16.149999618530273,6055.2001953125,,,0.8122034462814787,0.15060516159615123,16.149999618530273
2010-09-03,5479.39990234375,10991.072265625,15.859999656677246,6076.10009765625,,,0.5560515340970129,1.3071478262471015,15.859999656677246
2010-09-06,5576.9501953125,11218.6689453125,15.220000267028809,6184.4501953125,,,2.9223433138153565,2.9822082038496234,15.220000267028809
2010-09-07,5604.0,11192.8203125,15.829999923706055,6253.64990234375,,,3.193015490471973,3.7316766862961925,15.829999923706055
2010-09-08,5607.85009765625,11189.919921875,15.970000267028809,6287.7001953125,,,3.896217739132579,2.48544820440626,15.970000267028809
2010-09-09,5640.0498046875,11446.5673828125,15.920000076293945,6302.0,,,4.273510446062967,2.805244207381241,15.920000076293945
2010-09-13,5760.0,11872.7119140625,18.139999389648438,6358.14990234375,,,7.310527893370633,5.121000522999353,18.139999389648438
2010-09-14,5795.5498046875,11928.2109375,18.600000381469727,6441.75,,,6.699619984467842,3.9196980736664333,18.600000381469727
2010-09-15,5860.9501953125,11987.4599609375,19.43000030517578,6602.0,,,7.746971822224347,4.585121258253033,19.43000030517578
2010-09-16,5828.7001953125,12031.91015625,18.850000381469727,6447.25,,,6.599487754993971,3.938231119062041,18.850000381469727
2010-09-17,5884.9501953125,12103.958984375,19.489999771118164,6477.85009765625,,,8.03822382196806,4.342167163514432,19.489999771118164
2010-09-20,5980.4501953125,12251.0576171875,21.950000762939453,6528.4501953125,,,9.949904772027395,3.8272603352864643,21.950000762939453
2010-09-21,6009.0498046875,12244.8076171875,22.6299991607666,6673.2998046875,,,9.531272598299957,3.683861017419243,22.6299991607666
2010-09-22,5991.0,12305.5576171875,24.290000915527344,6594.60009765625,,,9.711205261602029,2.2189201469671627,24.290000915527344
2010-09-23,5959.5498046875,12146.158203125,23.899999618530273,6596.39990234375,,,9.94262069368077,2.244919192794148,23.899999618530273
2010-09-24,6018.2998046875,12263.4072265625,21.709999084472656,6634.7001953125,,,11.111513771433778,2.2659428703613482,21.709999084472656
2010-09-27,6035.64990234375,12253.0576171875,22.360000610351562,6600.75,,,10.703211500800514,0.9230025370751571,22.360000610351562
2010-09-28,6029.5,12272.2578125,21.209999084472656,6560.5,,,11.28029487743989,0.34032327867457024,21.209999084472656
2010-09-29,5991.2998046875,12237.4072265625,22.15999984741211,6578.60009765625,,,10.660028125447841,0.005004251168427842,22.15999984741211
2010-09-30,6029.9501953125,12366.2060546875,22.25,6613.39990234375,,,10.052659678705655,1.1813038389179464,22.25
2010-10-01,6143.39990234375,12556.6044921875,21.43000030517578,6759.14990234375,,,10.887687913184262,2.078661776849544,21.43000030517578
2010-10-04,6159.4501953125,12651.15234375,22.799999237060547,6733.35009765625,,,11.369374378629171,2.051150994040851,22.799999237060547
2010-10-05,6145.7998046875,12596.353515625,22.170000076293945,6732.7998046875,,,10.864973476819696,1.9288465824280676,22.170000076293945
2010-10-06,6186.4501953125,12629.0537109375,21.729999542236328,6776.85009765625,,,12.37670679133207,3.2572295993653633,21.729999542236328
2010-10-07,6120.2998046875,12536.4541015625,22.450000762939453,6681.4501953125,,,12.045176439964166,1.4983475227579035,22.450000762939453
2010-10-08,6103.4501953125,12473.255859375,21.399999618530273,6710.64990234375,,,11.419527631403149,-0.6502866110996486,21.399999618530273
2010-10-11,6135.85009765625,12512.8544921875,21.200000762939453,6716.25,,,13.444078541715832,-0.38315266635665646,21.200000762939453
2010-10-12,6090.89990234375,12461.6552734375,20.510000228881836,6724.14990234375,,,12.472641842702291,-0.8932914199690778,20.510000228881836
2010-10-13,6233.89990234375,12744.8515625,20.020000457763672,6924.75,,,15.391307845227576,0.7669940843814338,20.020000457763672
2010-10-14,6177.35009765625,12598.703125,20.600000381469727,6952.7998046875,,,12.89326256035752,0.9321486657410949,20.600000381469727
2010-10-15,6062.64990234375,12346.306640625,22.649999618530273,6730.10009765625,,,10.508280128359448,-0.6684791660966583,22.649999618530273
2010-10-18,6075.9501953125,12331.15625,22.350000381469727,6814.0,,,10.887146468604758,-0.9762282550975332,22.350000381469727
2010-10-19,6027.2998046875,12245.5078125,23.229999542236328,6663.0,,,8.075195108493617,-1.0441822830116965,23.229999542236328
2010-10-20,5982.10009765625,12176.3583984375,23.799999237060547,6652.2998046875,,,6.746968195150793,-4.039201922264279,23.799999237060547
2010-10-21,6101.5,12435.6552734375,22.190000534057617,6715.2998046875,,,8.802836982929808,-1.2278743548148285,22.190000534057617
2010-10-22,6066.0498046875,12384.65625,21.610000610351562,6777.10009765625,,,7.553124790599308,0.05607947677195302,21.610000610351562
2010-10-25,6105.7998046875,12424.5556640625,21.360000610351562,6751.7998046875,,,6.00346883138021,0.49127475399697307,21.360000610351562
2010-10-26,6082.0,12332.5068359375,20.549999237060547,6736.85009765625,,,4.942588795989922,0.9075406414985165,20.549999237060547
2010-10-27,6012.64990234375,12182.5087890625,21.020000457763672,6663.64990234375,,,2.5883125086539227,0.5106869525548285,21.020000457763672
2010-10-28,5987.7001953125,12105.1591796875,20.520000457763672,6632.5498046875,,,2.727880911217029,-1.8651119345652667,20.520000457763672
2010-10-29,6017.7001953125,12330.6064453125,20.760000228881836,6613.25,,,2.255754009706634,-0.7970526278508028,20.760000228881836
2010-11-01,6117.5498046875,12734.751953125,20.920000076293945,6670.0,,,2.2924630236442534,0.19243998126141637,20.920000076293945
2010-11-02,6119.0,12770.751953125,21.25,6712.7001953125,,,1.8297434517305922,0.6083525156198588,21.25
2010-11-03,6160.5,12891.650390625,21.530000686645508,6721.25,,,2.829243865798703,2.4589839764097565,21.530000686645508
2010-11-04,6281.7998046875,13182.7470703125,19.360000610351562,6818.64990234375,,,5.407287640192782,4.911729040896828,19.360000610351562
2010-11-08,6273.2001953125,13104.947265625,19.610000610351562,6723.60009765625,,,4.2354219446905095,4.245808061342471,19.610000610351562
2010-11-09,6301.5498046875,13121.197265625,18.75,6811.7001953125,,,4.405489162658305,3.0077401226715317,18.75
2010-11-10,6275.7001953125,13006.9482421875,19.079999923706055,6851.5498046875,,,4.083260557467461,2.560879152026474,19.079999923706055
2010-11-11,6194.25,12823.4501953125,19.360000610351562,6762.7001953125,,,3.3874151173959755,0.547845142439729,19.360000610351562
2010-11-12,6071.64990234375,12457.1552734375,21.6299991607666,6663.2001953125,,,0.6915431418267115,-3.3453772625312794,21.6299991607666
2010-11-15,6121.60009765625,12762.001953125,20.25,6733.0,,,-0.3548491883001659,-2.416630952883181,20.25
2010-11-16,5988.7001953125,12524.3046875,21.1299991607666,6608.2998046875,,,-2.7721630110743467,-4.964645508987042,21.1299991607666
2010-11-18,5998.7998046875,12315.0068359375,20.6200008392334,6631.0,,,-2.3918774556873856,-4.412262887124929,20.6200008392334
2010-11-19,5890.2998046875,12062.8095703125,21.600000381469727,6503.5,,,-4.787081141449978,-4.9069733270775355,21.600000381469727
2010-11-22,6010.0,12389.9560546875,19.93000030517578,6666.5498046875,,,-1.8021961048872437,-1.0153731413260814,19.93000030517578
2010-11-23,5934.75,12206.30859375,23.260000228881836,6619.85009765625,,,-2.7640136302261142,-3.0523081330939728,23.260000228881836
2010-11-24,5865.75,11842.412109375,24.68000030517578,6540.75,,,-4.401999614681296,-2.053036406944131,24.68000030517578
2010-11-25,5799.75,11652.2646484375,21.6299991607666,6617.89990234375,,,-4.780080234641792,-3.318160484901689,21.6299991607666
2010-11-26,5751.9501953125,11668.7138671875,22.579999923706055,6615.39990234375,,,-7.731110774654115,-2.3487702487554385,22.579999923706055
2010-11-29,5830.0,11828.2119140625,21.309999465942383,6688.89990234375,,,-5.622962794160524,-2.9950083194675514,21.309999465942383
2010-11-30,5862.7001953125,11952.4609375,20.709999084472656,6703.60009765625,,,-3.2980579491148188,-1.2140326835586968,20.709999084472656
2010-12-01,5960.89990234375,12310.6064453125,19.200000762939453,6723.2998046875,,,-1.8935358136659808,1.622126792716183,19.200000762939453
2010-12-02,6011.7001953125,12472.455078125,18.799999237060547,6827.60009765625,,,-0.25881588572826963,3.6544712325962347,18.799999237060547
2010-12-03,5992.7998046875,12349.056640625,18.600000381469727,6856.64990234375,,,0.17886205273365263,4.187268686214951,18.600000381469727
2010-12-06,5992.25,12051.060546875,19.3700008392334,6890.5498046875,,,-1.7905433090223744,2.783018867924536,19.3700008392334
2010-12-07,5976.5498046875,11695.1640625,19.239999771118164,6932.2998046875,,,-1.4754247472686388,1.9419312873277805,19.239999771118164
2010-12-08,5903.7001953125,11460.0673828125,20.43000030517578,6850.89990234375,,,-3.3099612800905343,-0.9595817404811635,20.43000030517578
2010-12-09,5766.5,11115.9208984375,22.600000381469727,6843.75,,,-5.187438342650442,-4.078716292334239,22.600000381469727
2010-12-10,5857.35009765625,11446.8671875,21.6299991607666,6869.10009765625,,,-2.582884538595265,-2.2602074396895877,21.6299991607666
2010-12-13,5907.64990234375,11517.9658203125,22.56999969482422,6886.10009765625,,,-1.3369121759205238,-1.4118252351996374,22.56999969482422
2010-12-14,5944.10009765625,11560.365234375,21.459999084472656,6935.5,,,-1.2230602267886526,-0.5429504997314538,21.459999084472656
2010-12-15,5892.2998046875,11196.169921875,21.420000076293945,7024.64990234375,,,-3.682029688216104,-0.19310585307248385,21.420000076293945
2010-12-16,5948.75,11424.017578125,20.239999771118164,7211.7998046875,,,-2.782317372119625,3.160495968091559,20.239999771118164
2010-12-20,5947.0498046875,11266.96875,20.780000686645508,7332.0498046875,,,-3.4648193379190007,1.5314042277777107,20.780000686645508
2010-12-21,6000.64990234375,11537.1162109375,19.770000457763672,7325.7001953125,,,-4.475626589277093,1.5742300498054806,19.770000457763672
2010-12-22,5984.39990234375,11467.5673828125,19.559999465942383,7302.9501953125,,,-4.603715551506693,0.677979913282245,19.559999465942383
2010-12-23,5980.0,11468.916015625,19.030000686645508,7339.60009765625,,,-5.102709883341882,1.488386508146311,19.030000686645508
2010-12-24,6011.60009765625,11476.916015625,17.649999618530273,7353.64990234375,,,-4.208296914080023,1.0565261215591537,17.649999618530273
2010-12-27,5998.10009765625,11470.81640625,18.450000762939453,7364.10009765625,,,-3.166644910098071,0.8584137453920837,18.450000762939453
2010-12-28,5996.0,11427.1669921875,18.1299991607666,7387.25,,,-1.245952970946962,-0.07748997890935083,18.1299991607666
2010-12-29,6060.35009765625,11612.765625,17.1299991607666,7426.60009765625,,,-1.000555394388647,1.269136363743928,17.1299991607666
2010-12-30,6101.85009765625,11629.1650390625,17.020000457763672,7503.64990234375,,,1.8893899953835502,2.03762705110786,17.020000457763672
2010-12-31,6134.5,11791.3134765625,16.559999465942383,7491.10009765625,,,2.2621224199957934,2.0443792059898547,16.559999465942383
2011-01-03,6157.60009765625,11855.6123046875,16.989999771118164,7492.4501953125,,,4.537974327826788,2.659175362250532,16.989999771118164
2011-01-04,6146.35009765625,11563.9150390625,17.030000686645508,7512.2998046875,,,2.2687204268926786,2.5075066320255246,17.030000686645508
2011-01-05,6079.7998046875,11305.318359375,17.8799991607666,7508.0,,,2.444076072075485,0.32093372029400324,17.8799991607666
2011-01-06,6048.25,11186.669921875,18.200000762939453,7545.9501953125,,,3.111281592294257,-0.8784237042604226,18.200000762939453
2011-01-07,5904.60009765625,11053.220703125,20.81999969482422,7333.7998046875,,,1.8078382284796746,-3.74765510381857,20.81999969482422
2011-01-10,5762.85009765625,10700.5263671875,23.15999984741211,7317.4501953125,,,0.1894992476227042,-6.410776824403596,23.15999984741211
2011-01-11,5754.10009765625,10833.423828125,22.329999923706055,7194.5,,,-1.3018851173885126,-6.381836273035835,22.329999923706055
2011-01-12,5863.25,11128.021484375,21.40999984741211,7324.0498046875,,,0.009378011311911294,-3.5617916978210484,21.40999984741211
2011-01-13,5751.89990234375,10716.525390625,23.149999618530273,7063.9501953125,,,-3.506182009830827,-4.899766009279549,23.149999618530273
2011-01-14,5654.5498046875,10432.779296875,23.809999465942383,7068.2001953125,,,-5.940921520063169,-4.234838750011272,23.809999465942383
2011-01-17,5654.75,10470.9775390625,23.56999969482422,7178.2001953125,,,-5.640932714339653,-1.875809639751247,23.56999969482422
2011-01-18,5724.0498046875,10618.376953125,21.459999084472656,7360.85009765625,,,-4.475784476824229,-0.5222414010661702,21.459999084472656
2011-01-19,5691.0498046875,10615.02734375,21.09000015258789,7267.10009765625,,,-4.777003611282183,-2.936941036327978,21.09000015258789
2011-01-20,5711.60009765625,10798.2236328125,21.010000228881836,7353.75,,,-3.2538931737891463,-0.7006346663139706,21.010000228881836
2011-01-21,5696.5,10889.2734375,21.030000686645508,7249.7998046875,,,-1.21390791641377,0.741883912274055,21.030000686645508
2011-01-24,5743.25,11151.0205078125,20.170000076293945,7295.10009765625,,,-1.9479815232814168,1.5650559264335229,20.170000076293945
2011-01-25,5687.39990234375,10872.82421875,20.780000686645508,7242.5,,,-3.728216865265155,-0.6402792357560694,20.780000686645508
2011-01-27,5604.2998046875,10676.0263671875,22.09000015258789,7146.5498046875,,,-5.716597758889231,-1.5243233318490312,22.09000015258789
2011-01-28,5512.14990234375,10578.126953125,22.579999923706055,7065.35009765625,,,-6.451638832792073,-3.4920196075062138,22.579999923706055
2011-01-31,5505.89990234375,10641.7255859375,23.40999984741211,6971.25,4689.7998046875,,-7.444422738495482,-3.3459158721363957,23.40999984741211
2011-02-01,5417.2001953125,10481.078125,23.729999542236328,6898.64990234375,4629.25,,-8.909453035980452,-5.677095802681409,23.729999542236328
2011-02-02,5432.0,10470.0283203125,23.520000457763672,6961.64990234375,4630.2001953125,,-9.476471908845163,-4.490626766697048,23.520000457763672
2011-02-03,5526.75,10670.4755859375,22.690000534057617,6998.89990234375,4640.89990234375,,-7.647381689257005,-1.3837554625938497,22.690000534057617
2011-02-04,5395.75,10433.728515625,24.40999984741211,6850.64990234375,4573.25,,-9.770066889632112,-2.111696967715937,24.40999984741211
2011-02-07,5396.0,10383.9287109375,24.690000534057617,6861.25,4500.2001953125,,-10.240203733715669,-1.9960388727184752,24.690000534057617
2011-02-08,5312.5498046875,10147.6318359375,24.739999771118164,6847.5,4427.60009765625,,-11.429457358282969,-1.9318169322144252,24.739999771118164
2011-02-09,5253.5498046875,10116.533203125,25.239999771118164,6828.89990234375,4373.25,,-12.382424871789521,-3.2851655985364547,25.239999771118164
2011-02-10,5225.7998046875,10073.982421875,24.81999969482422,6720.4501953125,4393.39990234375,,-13.770661422538932,-5.445337591034516,24.81999969482422
2011-02-11,5310.0,10447.62890625,23.469999313354492,6719.64990234375,4428.7001953125,,-12.977213221944005,-1.5892137330306255,23.469999313354492
2011-02-14,5456.0,10802.423828125,22.579999923706055,6869.0498046875,4515.2001953125,,-11.060396120303206,1.111934766493694,22.579999923706055
2011-02-15,5481.0,10959.5732421875,22.850000381469727,6855.0498046875,4498.35009765625,,-10.98804870283444,3.1707974796559846,22.850000381469727
2011-02-16,5481.7001953125,10960.5732421875,23.049999237060547,6862.10009765625,4451.35009765625,,-10.813733220260213,4.342785337666966,23.049999237060547
2011-02-17,5546.4501953125,11134.5703125,22.56999969482422,6893.2998046875,4477.4501953125,,-8.772486373051125,6.135910341176465,22.56999969482422
2011-02-18,5458.9501953125,10949.5732421875,24.18000030517578,6832.0498046875,4463.25,,-9.743310952548256,2.805088423964208,24.18000030517578
2011-02-21,5518.60009765625,11049.970703125,24.90999984741211,7014.10009765625,4497.2998046875,,-6.5372759139643914,1.1473624936995996,24.90999984741211
2011-02-22,5469.2001953125,10836.673828125,26.850000381469727,6966.7998046875,4458.9501953125,,-5.0955672517523425,-0.21528561735997265,26.850000381469727
2011-02-23,5437.35009765625,10646.326171875,26.549999237060547,6856.7001953125,4426.39990234375,,-5.504770418036664,-0.8090573376153376,26.549999237060547
2011-02-24,5262.7001953125,10210.630859375,28.200000762939453,6706.4501953125,4300.25,,-10.242609554214809,-5.1158847552585485,28.200000762939453
2011-02-25,5303.5498046875,10435.728515625,27.270000457763672,6679.7998046875,4328.10009765625,,-7.794817456290559,-2.8467083425388173,27.270000457763672
2011-02-28,5333.25,10435.228515625,24.399999618530273,6666.2998046875,4331.0498046875,,-5.6821465153804045,-3.3586433946349636,24.399999618530273
2011-03-01,5522.2998046875,10885.2734375,22.219999313354492,6831.4501953125,4473.64990234375,,-2.3422820692780455,0.9708843611266893,22.219999313354492
2011-03-03,5536.2001953125,10914.373046875,22.959999084472656,6786.7998046875,4456.39990234375,,-3.2817605678617134,1.8179829490629906,22.959999084472656
2011-03-04,5538.75,10963.2734375,22.90999984741211,6810.5498046875,4446.75,,-2.676128480936091,5.245402444421554,22.90999984741211
2011-03-07,5463.14990234375,10782.125,25.219999313354492,6747.0498046875,4427.35009765625,,-4.349922807348705,3.009307040261766,25.219999313354492
2011-03-08,5520.7998046875,10931.4228515625,23.670000076293945,6871.7001953125,4447.2001953125,,-3.0843534681383344,3.5166137849810264,23.670000076293945
2011-03-09,5531.0,10974.671875,23.280000686645508,6861.89990234375,4425.0498046875,,-3.6956427110085732,0.15754659508191438,23.280000686645508
2011-03-10,5494.39990234375,10850.1240234375,23.530000686645508,6827.7001953125,4395.64990234375,,-3.39346631701537,-0.7550357915911743,23.530000686645508
2011-03-11,5445.4501953125,10740.8251953125,24.1299991607666,6722.25,4386.85009765625,,-2.834423833680999,-1.6844920728955048,24.1299991607666
2011-03-14,5531.5,10893.123046875,23.299999237060547,6822.0,4419.85009765625,,0.3510444744621699,1.2511115176782273,23.299999237060547
2011-03-15,5449.64990234375,10725.6748046875,26.6299991607666,6689.0498046875,4346.2001953125,,-1.0216313590455162,-1.2887607749032859,26.6299991607666
2011-03-16,5511.14990234375,10957.47265625,24.889999389648438,6733.2998046875,4408.9501953125,,1.7342853068739172,-0.35888804296239085,24.889999389648438
2011-03-17,5446.64990234375,10851.82421875,25.260000228881836,6633.85009765625,4385.5,,0.2696962876242548,-0.8690667015269771,25.260000228881836
2011-03-18,5373.7001953125,10715.775390625,25.889999389648438,6552.64990234375,4340.0,,-2.769255071922916,-1.3176137403986043,25.889999389648438
2011-03-21,5364.75,10723.474609375,25.209999084472656,6504.85009765625,4344.7998046875,,-0.5745262475096102,-3.014553014553012,25.209999084472656
2011-03-22,5413.85009765625,10771.1748046875,22.260000228881836,6533.9501953125,4389.75,,0.3308024028215284,-0.6569193494815773,22.260000228881836
2011-03-23,5480.25,10957.97265625,20.969999313354492,6595.64990234375,4462.2998046875,,3.156679964948861,-0.5606797654081008,20.969999313354492
2011-03-24,5522.39990234375,11070.220703125,19.84000015258789,6660.5498046875,4463.0498046875,,5.117494030728853,1.390763154565966,19.84000015258789
2011-03-25,5654.25,11387.1669921875,20.469999313354492,6930.64990234375,4480.39990234375,,8.198748733699745,5.2207937638989454,20.469999313354492
2011-03-28,5687.25,11523.2666015625,21.020000457763672,6912.35009765625,4441.4501953125,,7.1045197740112975,6.011463721515442,21.020000457763672
2011-03-29,5736.35009765625,11582.365234375,21.219999313354492,6983.25,4469.2998046875,,5.138381555283167,5.956943657151048,21.219999313354492
2011-03-30,5787.64990234375,11765.0634765625,22.040000915527344,7010.0498046875,4561.0,,5.594780192369098,5.609231373454682,22.040000915527344
2011-03-31,5833.75,11705.314453125,22.18000030517578,7148.10009765625,4535.85009765625,,6.4222739687322505,5.637949137368903,22.18000030517578
2011-04-01,5826.0498046875,11590.8154296875,20.110000610351562,7109.85009765625,4550.9501953125,,5.0410550808028365,3.0384189713489773,20.110000610351562
2011-04-04,5908.4501953125,11804.1630859375,20.059999465942383,7267.85009765625,4570.4501953125,,8.234183934962026,3.8894051661611417,20.059999465942383
2011-04-05,5910.0498046875,11798.763671875,19.899999618530273,7313.7998046875,4590.7998046875,,7.093279094411975,3.0280527526069134,19.899999618530273
2011-04-06,5891.75,11729.9130859375,20.360000610351562,7270.85009765625,4577.10009765625,,7.725988985549592,1.7986592038695015,20.360000610351562
2011-04-07,5885.7001953125,11754.263671875,20.31999969482422,7215.39990234375,4583.60009765625,,8.245746358129669,0.8905111688450873,20.31999969482422
2011-04-08,5842.0,11673.1142578125,20.540000915527344,7168.7998046875,4587.9501953125,,11.007653546433893,0.2737737548976549,20.540000915527344
2011-04-11,5785.7001953125,11597.6650390625,21.239999771118164,7157.85009765625,4588.2001953125,,9.091088202827002,-2.0775329560598577,21.239999771118164
2011-04-13,5911.5,11839.3623046875,20.40999984741211,7306.10009765625,4619.0,,10.842356911826755,0.024537784966716103,20.40999984741211
2011-04-15,5824.5498046875,11735.513671875,21.59000015258789,6842.14990234375,4593.7998046875,,5.473263145609031,-1.1405812417787597,21.59000015258789
2011-04-18,5729.10009765625,11539.6162109375,22.450000762939453,6651.0498046875,4563.9501953125,,3.4843375517214614,-2.6606876405456337,22.450000762939453
2011-04-19,5740.75,11586.615234375,22.06999969482422,6668.4501953125,4546.5,,3.647032272624684,-1.7331393358438918,22.06999969482422
2011-04-20,5851.64990234375,11794.4130859375,20.989999771118164,6818.14990234375,4619.0,,7.111282079836934,1.1398742555772445,20.989999771118164
2011-04-21,5884.7001953125,11894.611328125,20.510000228881836,6780.85009765625,4610.2998046875,,6.59144333246835,-0.4533503288082552,20.510000228881836
2011-04-25,5874.5,11878.8623046875,20.90999984741211,6834.39990234375,4619.5498046875,,6.2104501898390785,0.8575803622161704,20.90999984741211
2011-04-26,5868.39990234375,11867.5625,21.709999084472656,6825.35009765625,4640.9501953125,,6.806930814054191,2.4314430244374075,21.709999084472656
2011-04-27,5833.89990234375,11779.712890625,21.350000381469727,6809.10009765625,4654.89990234375,,7.133472772657656,1.6226085850063132,21.350000381469727
2011-04-28,5785.4501953125,11684.6640625,20.920000076293945,6729.75,4647.5498046875,,4.590982469718874,-1.1312998579210087,20.920000076293945
2011-04-29,5749.5,11483.6162109375,19.579999923706055,6718.35009765625,4685.5498046875,,5.502190104492621,-2.2974865468965544,19.579999923706055
2011-05-02,5701.2998046875,11243.6689453125,20.8799991607666,6715.64990234375,4712.7001953125,,3.4502763617967336,-2.9483393533492164,20.8799991607666
2011-05-03,5565.25,10898.1728515625,21.579999923706055,6644.7001953125,4642.5498046875,,2.1774870752242714,-5.1658017072537366,21.579999923706055
2011-05-04,5537.14990234375,10913.22265625,21.18000030517578,6576.5,4590.9501953125,,3.041660328833151,-5.086648810700057,21.18000030517578
2011-05-05,5459.85009765625,10729.974609375,21.600000381469727,6506.5498046875,4506.25,,1.7726846107693817,-5.627912896390641,21.600000381469727
2011-05-06,5551.4501953125,11144.9697265625,20.969999313354492,6627.0,4539.25,,2.5416310975403533,-3.4446439636055315,20.969999313354492
2011-05-09,5551.10009765625,11076.37109375,21.5,6620.2998046875,4532.0,,1.2928260144382087,-2.634481823035484,21.5
2011-05-10,5541.25,11009.2724609375,21.739999771118164,6596.75,4522.85009765625,,0.3413388742139034,-0.4312474731593352,21.739999771118164
2011-05-11,5565.0498046875,11058.9208984375,21.239999771118164,6650.4501953125,4542.2001953125,,-1.577577845204936,0.503867564285021,21.239999771118164
2011-05-12,5486.14990234375,10887.3232421875,21.229999542236328,6569.2001953125,4544.85009765625,,-3.5359813206074953,0.48169462928642215,21.229999542236328
2011-05-13,5544.75,11020.822265625,20.6299991607666,6609.5498046875,4607.5498046875,,-3.3401046727349115,-0.12069270328962656,20.6299991607666
2011-05-16,5499.0,10912.22265625,21.459999084472656,6564.0498046875,4660.0498046875,,-4.987342137382211,-0.9385544619929909,21.459999084472656
2011-05-17,5438.9501953125,10668.7255859375,21.030000686645508,6562.5,4648.0498046875,,-6.767513257981572,-1.8461503214527442,21.030000686645508
2011-05-18,5420.60009765625,10598.9267578125,20.709999084472656,6582.5498046875,4584.89990234375,,-6.95925576717581,-2.5956588368639344,20.709999084472656
2011-05-19,5428.10009765625,10558.2265625,20.40999984741211,6594.25,4563.7998046875,,-8.129883163563578,-1.0581155404211673,20.40999984741211
2011-05-20,5486.35009765625,10663.9755859375,19.450000762939453,6615.39990234375,4619.7998046875,,-7.169139364869592,-1.0532468072275591,19.450000762939453
2011-05-23,5386.5498046875,10368.1298828125,21.040000915527344,6566.85009765625,4541.5,,-8.574705228709634,-2.044920809465356,21.040000915527344
2011-05-24,5394.85009765625,10425.4287109375,19.93000030517578,6557.60009765625,4561.85009765625,,-8.339706090486454,-0.8108200309364322,19.93000030517578
2011-05-25,5348.9501953125,10355.6796875,20.65999984741211,6457.39990234375,4567.0,,-8.439743318854841,-1.3218075684042763,20.65999984741211
2011-05-26,5412.35009765625,10468.177734375,19.18000030517578,6450.4501953125,4604.85009765625,,-6.452980366295746,-0.29015677155254105,19.18000030517578
2011-05-27,5476.10009765625,10722.525390625,17.25,6507.60009765625,4632.10009765625,,-7.365303262179646,-0.18682730444742335,17.25
2011-05-30,5473.10009765625,10781.3251953125,17.8700008392334,6515.89990234375,4736.7001953125,,-6.033937708772086,1.6067853469660998,17.8700008392334
2011-05-31,,11020.7216796875,16.81999969482422,6538.5,4822.75,,-4.468415556305749,1.4504573543942412,16.81999969482422
2011-06-01,5592.0,11033.2724609375,16.729999542236328,6604.0498046875,4805.64990234375,,-2.591124853024429,4.543878626884479,16.729999542236328
2011-06-02,5550.35009765625,10839.1240234375,17.979999542236328,6573.2001953125,4806.9501953125,,-5.148971823601767,2.549724195775127,17.979999542236328
2011-06-03,5516.75,10781.875,17.610000610351562,6562.0498046875,4759.39990234375,,-6.252658302042191,0.7423148156321613,17.610000610351562
2011-06-06,5532.0498046875,10854.5244140625,18.209999084472656,6610.4501953125,4807.2998046875,,-5.829435616861012,1.0770807399721027,18.209999084472656
2011-06-07,5556.14990234375,10873.32421875,18.030000686645508,6696.4501953125,4850.2998046875,,-5.320871194808863,1.5174179752909023,18.030000686645508
2011-06-08,5526.85009765625,10791.3251953125,18.579999923706055,6672.60009765625,4795.10009765625,,-5.263199743350821,-1.1650554782501765,18.579999923706055
2011-06-09,5521.0498046875,10785.275390625,18.579999923706055,6659.35009765625,4773.75,,-4.570091897761442,-0.5278999063702772,18.579999923706055
2011-06-10,5485.7998046875,10714.125,18.540000915527344,6653.4501953125,4772.64990234375,,-4.586489178406817,-0.561022256083743,18.540000915527344
2011-06-13,5482.7998046875,10717.375,18.90999984741211,6650.60009765625,4790.4501953125,,-3.8324593949673247,-0.8902667499173456,18.90999984741211
2011-06-14,5500.5,10803.82421875,18.510000228881836,6671.35009765625,4822.5498046875,,-1.1634697452944653,-1.001591089547016,18.510000228881836
2011-06-15,5447.5,10626.52734375,19.139999389648438,6595.2001953125,4820.60009765625,,-1.6190622237950092,-1.4357200983232676,19.139999389648438
2011-06-16,5396.75,10572.02734375,19.65999984741211,6480.75,4819.7001953125,,-1.1557111738898618,-2.2513798839845056,19.65999984741211
2011-06-17,5366.39990234375,10598.126953125,20.270000457763672,6357.10009765625,4754.5,,-3.3333685155817805,-2.176526789069577,20.270000457763672
2011-06-20,5257.89990234375,10484.177734375,22.18000030517578,6166.4501953125,4654.39990234375,,-5.281839458025505,-4.10191709264075,22.18000030517578
2011-06-21,5275.85009765625,10459.029296875,21.309999465942383,6237.14990234375,4686.89990234375,,-4.789531285247007,-4.084172390578134,21.309999465942383
2011-06-22,5278.2998046875,10475.078125,20.889999389648438,6240.2001953125,4691.64990234375,,-5.152694226715948,-3.106015517439187,20.889999389648438
2011-06-23,5320.0,10526.328125,19.5,6298.35009765625,4660.64990234375,,-3.0285337677843804,-1.422152221244266,19.5
2011-06-24,5471.25,10854.3740234375,19.31999969482422,6499.10009765625,4720.5,,-1.325578249695658,1.953825647813856,19.31999969482422
2011-06-27,5526.60009765625,11032.3720703125,19.989999771118164,6530.7998046875,4765.7001953125,,0.5019112139707183,5.110409104454905,19.989999771118164
2011-06-28,5545.2998046875,11053.9208984375,19.489999771118164,6525.35009765625,4795.14990234375,,1.9553333925847793,5.107228257886831,19.489999771118164
2011-06-29,5600.4501953125,11153.2197265625,19.459999084472656,6570.60009765625,4828.2001953125,,3.317900129434248,6.103298458698925,19.459999084472656
2011-06-30,5647.39990234375,11244.51953125,18.40999984741211,6624.7001953125,4817.0,,4.040084020966916,6.154133502702064,18.40999984741211
2011-07-01,5627.2001953125,11254.869140625,18.209999084472656,6674.75,4796.25,,2.567282348904798,2.85035769362576,18.209999084472656
2011-07-04,5650.5,11379.66796875,18.170000076293945,6685.85009765625,4828.2001953125,,4.900171814670773,2.241882896435632,18.170000076293945
2011-07-05,5632.10009765625,11405.966796875,18.25,6708.39990234375,4821.9501953125,,4.397712553738442,1.5652948627840946,18.25
2011-07-06,5625.4501953125,11282.9189453125,18.34000015258789,6704.10009765625,4795.60009765625,,5.169238633822171,0.4463926850188704,18.34000015258789
2011-07-07,5728.9501953125,11425.966796875,18.6200008392334,6787.35009765625,4885.5,,5.84958644477469,1.4440325526603015,18.6200008392334
2011-07-08,5660.64990234375,11285.01953125,18.670000076293945,6723.85009765625,4850.2998046875,,3.3700955314254877,0.5944289499263622,18.670000076293945
2011-07-11,5616.10009765625,11135.3701171875,19.690000534057617,6612.0498046875,4841.14990234375,,2.612778817278283,-0.6087939535218134,19.690000534057617
2011-07-12,5526.14990234375,11022.421875,20.829999923706055,6415.4501953125,4818.7998046875,3719.530029296875,0.9692825590786658,-1.8811845222102885,20.829999923706055
2011-07-13,5585.4501953125,11142.1201171875,19.520000457763672,6408.5498046875,4889.60009765625,3774.280029296875,-0.1171281238823374,-0.7110542020855593,19.520000457763672
2011-07-14,,11263.6689453125,19.969999313354492,6325.89990234375,4934.75,3783.64990234375,0.6323943001554477,-2.504821915146227,19.969999313354492
2011-07-15,5581.10009765625,11234.4189453125,19.950000762939453,6346.0498046875,4922.2998046875,3783.64990234375,1.166449406919834,-1.405312217852639,19.950000762939453
2011-07-18,5567.0498046875,11228.71875,20.200000762939453,6296.75,4868.4501953125,3759.18994140625,0.6326768781138359,-0.873387085625843,20.200000762939453
2011-07-19,5613.5498046875,11313.7177734375,19.25,6365.9501953125,4907.4501953125,3720.5400390625,1.033087719961201,1.58156951744437,19.25
2011-07-20,5567.0498046875,11164.5703125,19.110000610351562,6327.7001953125,4826.89990234375,3662.64990234375,0.7273529464513206,-0.32943433351965146,19.110000610351562
2011-07-21,5541.60009765625,11049.6708984375,18.75,6335.89990234375,4786.35009765625,3649.780029296875,0.37221712709967214,-0.7850772296394415,18.75
2011-07-22,5633.9501953125,11291.8193359375,17.90999984741211,6438.5,4850.0,3710.969970703125,2.7006160614612362,0.9469476757538287,17.90999984741211
2011-07-25,5680.2998046875,11391.6669921875,19.200000762939453,6434.4501953125,4905.4501953125,3758.659912109375,3.6021741999616275,2.0342911231841843,19.200000762939453
2011-07-26,5574.85009765625,11114.4208984375,19.299999237060547,6426.85009765625,4869.39990234375,3679.159912109375,1.351697075834024,-0.6893981237849567,19.299999237060547
2011-07-27,5546.7998046875,11000.0224609375,18.25,6408.4501953125,4861.64990234375,3674.0400390625,1.8228509350619593,-0.3637474193773027,18.25
2011-07-28,5487.75,10828.3740234375,18.510000228881836,6307.39990234375,4877.10009765625,3659.889892578125,1.6862000277945155,-0.9717427585405392,18.510000228881836
2011-07-29,5482.0,10893.5234375,19.770000457763672,6335.10009765625,4848.4501953125,3671.159912109375,2.1541461642797577,-2.697045412984378,19.770000457763672
2011-08-01,5516.7998046875,10938.873046875,18.780000686645508,6382.10009765625,4881.7001953125,3671.159912109375,4.924017329206731,-2.878369199193964,18.780000686645508
2011-08-02,5456.5498046875,10743.1748046875,19.149999618530273,6274.9501953125,4892.2001953125,3698.10009765625,3.425034898385837,-2.122035407167,19.149999618530273
2011-08-03,5404.7998046875,10639.42578125,19.479999542236328,6217.35009765625,4841.5,3680.280029296875,2.39660505618986,-2.560034704695824,19.479999542236328
2011-08-04,5331.7998046875,10536.927734375,20.219999313354492,6157.2001953125,4764.75,3625.639892578125,0.22180083999059352,-2.8417875324586617,20.219999313354492
2011-08-05,5211.25,10354.3798828125,24.899999618530273,5911.5498046875,4710.75,3559.56005859375,-4.752113319625318,-4.938890915724192,24.899999618530273
2011-08-08,5118.5,10232.1806640625,28.780000686645508,5651.75,4684.2001953125,3485.3798828125,-7.384288539880412,-7.219761796487045,28.780000686645508
2011-08-09,5072.85009765625,10196.431640625,34.880001068115234,5452.39990234375,4543.64990234375,3475.239990234375,-8.519822618641527,-7.031910653534757,34.880001068115234
2011-08-10,5161.0,10463.078125,28.950000762939453,5588.7001953125,4597.60009765625,3475.239990234375,-7.846694104704543,-4.510801759503769,28.950000762939453
2011-08-11,5138.2998046875,10338.6796875,29.09000015258789,5555.60009765625,4581.0,3608.070068359375,-9.014769742885864,-3.6291685188532874,29.09000015258789
2011-08-12,5072.9501953125,10182.58203125,27.020000457763672,5416.25,4555.0498046875,3608.070068359375,-9.849480749977479,-2.653870082753662,27.020000457763672
2011-08-16,5035.7998046875,10056.283203125,26.459999084472656,5469.64990234375,4523.2001953125,3553.919921875,-10.878686758915135,-1.6157115426882918,26.459999084472656
2011-08-17,5056.60009765625,9953.0849609375,25.479999542236328,5571.2001953125,4545.60009765625,3506.090087890625,-10.218213277840881,-0.32033274563952885,25.479999542236328
2011-08-18,4944.14990234375,9601.388671875,27.450000762939453,5348.35009765625,4476.25,3455.340087890625,-12.111035904938861,-4.201706988107922,27.450000762939453
2011-08-19,4845.64990234375,9404.740234375,29.190000534057617,5113.85009765625,4418.9501953125,3423.989990234375,-15.418187675841166,-5.695461796074552,29.190000534057617
2011-08-22,4898.7998046875,9407.240234375,27.079999923706055,5087.64990234375,4469.9501953125,3423.989990234375,-13.45870369656339,-3.4329213558200955,27.079999923706055
2011-08-23,4948.89990234375,9488.58984375,25.920000076293945,5289.10009765625,4448.9501953125,3469.659912109375,-11.880133610705068,-1.7256425138835074,25.920000076293945
2011-08-24,4888.89990234375,9331.7412109375,28.600000381469727,5222.10009765625,4441.2998046875,3479.9599609375,-11.531536626064554,-3.31646149732564,28.600000381469727
2011-08-25,4839.60009765625,9177.1435546875,27.940000534057617,5096.7001953125,4452.60009765625,3403.330078125,-13.353446393312984,-2.1146164002417978,27.940000534057617
2011-08-26,4747.7998046875,8974.4453125,33.2599983215332,5088.7001953125,4412.2001953125,3394.639892578125,-14.997007606083113,-2.019338987096897,33.2599983215332
2011-08-29,4919.60009765625,9342.341796875,26.06999969482422,5339.10009765625,4445.7998046875,3366.52001953125,-11.85250198751664,0.4245997754153352,26.06999969482422
2011-08-30,5001.0,9533.2900390625,24.8799991607666,5451.25,4524.2998046875,3469.300048828125,-10.16785954044962,1.0527611930800207,24.8799991607666
2011-09-02,5040.0,9581.23828125,26.09000015258789,5384.14990234375,4587.9501953125,3513.179931640625,-10.217239084768915,3.0906768531671514,26.09000015258789
2011-09-05,5017.2001953125,9613.9384765625,27.829999923706055,5299.64990234375,4556.9501953125,3628.110107421875,-9.876858096581465,3.6697267144502055,27.829999923706055
2011-09-06,5064.2998046875,9657.4873046875,28.65999984741211,5366.2001953125,4545.9501953125,3678.6298828125,-8.613041081232442,6.666245693163386,28.65999984741211
2011-09-07,5124.64990234375,9858.7861328125,27.860000610351562,5374.9501953125,4558.14990234375,3685.199951171875,-9.039843720885088,4.168017737563434,27.860000610351562
2011-09-08,5153.25,9919.9345703125,27.639999389648438,5456.10009765625,4592.89990234375,3694.570068359375,-9.278556111643399,3.044391121775636,27.639999389648438
2011-09-09,5059.4501953125,9678.587890625,28.149999618530273,5339.2001953125,4551.25,3694.570068359375,-9.24508988251418,0.3859165736607162,28.149999618530273
2011-09-12,4946.7998046875,9395.140625,32.75,5157.85009765625,4530.35009765625,3662.429931640625,-10.817048048010513,-1.4031808156823034,32.75
2011-09-13,4940.9501953125,9339.591796875,32.77000045776367,5204.75,4504.2998046875,3575.739990234375,-9.964007192155256,-2.4356695719480848,32.77000045776367
2011-09-14,5012.5498046875,9472.33984375,32.45000076293945,5425.10009765625,4528.7998046875,3550.8798828125,-8.563484044372494,-2.187468408426907,32.45000076293945
2011-09-15,5075.7001953125,9660.2373046875,30.790000915527344,5550.14990234375,4543.85009765625,3653.3701171875,-7.995570348596082,-1.5048717738805562,30.790000915527344
2011-09-16,5084.25,9720.13671875,28.450000762939453,5494.0498046875,4567.25,3685.93994140625,-6.822989215047071,0.49016797735210726,28.450000762939453
2011-09-19,5031.9501953125,9583.4384765625,29.600000381469727,5443.39990234375,4522.89990234375,3696.60009765625,-6.898490653652578,1.7213227538400266,29.600000381469727
2011-09-20,5140.2001953125,9812.5859375,27.25,5613.35009765625,4582.14990234375,3746.25,-3.593525946089604,4.032625145443269,27.25
2011-09-21,5133.25,9928.884765625,27.670000076293945,5606.9501953125,4595.4501953125,3711.320068359375,-1.4967618133845062,2.4079600206590834,27.670000076293945
2011-09-22,4923.64990234375,9520.4892578125,33.880001068115234,5385.2998046875,4503.2001953125,3574.52001953125,-3.8067812377893917,-2.995651577474401,33.880001068115234
2011-09-23,4867.75,9375.5908203125,35.15999984741211,5367.75,4487.39990234375,3515.27001953125,-4.043093994656177,-4.258248512563312,35.15999984741211
2011-09-26,4835.39990234375,9384.390625,35.43000030517578,5387.64990234375,4486.5498046875,3477.7900390625,-6.308856765282888,-3.9060460723924884,35.43000030517578
2011-09-27,4971.25,9619.8388671875,32.0099983215332,5579.7001953125,4511.75,3575.449951171875,-3.25107158081952,-3.286840762866994,32.0099983215332
2011-09-28,4945.89990234375,9512.0400390625,32.0,5623.89990234375,4544.60009765625,3535.760009765625,-2.50446560831894,-3.6497364760385675,32.0
2011-09-29,5015.4501953125,9653.2880859375,31.06999969482422,5746.14990234375,4539.7001953125,3605.199951171875,-0.404098855479873,1.8644764512003809,31.06999969482422
2011-09-30,4943.25,9468.189453125,31.940000534057617,5678.89990234375,4520.9501953125,3549.6201171875,-2.2416266951540864,1.5510246006882111,31.940000534057617
2011-10-03,4849.5,9185.7939453125,35.06999969482422,5588.10009765625,4499.7001953125,3534.60009765625,-1.9143817281689124,0.29160147952633775,35.06999969482422
2011-10-04,4772.14990234375,8913.24609375,37.189998626708984,5537.10009765625,4449.89990234375,3460.699951171875,-1.5168243988169516,-4.005030880688965,37.189998626708984
2011-10-05,4751.2998046875,8701.1982421875,35.369998931884766,5532.7998046875,4494.25,3459.35009765625,-3.0109415750948276,-3.93457412197189,35.369998931884766
2011-10-07,4888.0498046875,9038.14453125,33.02000045776367,5640.9501953125,4518.39990234375,3535.75,-1.2295681637737754,-2.5401586231295847,33.02000045776367
2011-10-10,4979.60009765625,9168.7939453125,30.030000686645508,5796.4501953125,4503.7001953125,3615.949951171875,1.8552270883889,0.7353481546806151,30.030000686645508
2011-10-11,4974.35009765625,9178.5439453125,30.299999237060547,5637.9501953125,4529.2998046875,3652.449951171875,2.784320962082343,2.5744942294308792,30.299999237060547
2011-10-12,5099.39990234375,9482.189453125,28.40999984741211,5934.25,4567.2001953125,3705.89990234375,7.405537556767139,6.857496237477312,28.40999984741211
2011-10-13,5077.85009765625,9591.138671875,28.239999771118164,5978.5498046875,4519.4501953125,3659.300048828125,3.2167248731333364,6.87286229857742,28.239999771118164
2011-10-14,5132.2998046875,9660.2880859375,25.979999542236328,6119.64990234375,4537.89990234375,3693.39990234375,2.6254709995500836,4.99688034614072,25.979999542236328
2011-10-17,5118.25,9721.1865234375,25.43000030517578,6096.5,4529.39990234375,3752.300048828125,1.552579365079354,2.784358173842283,25.43000030517578
2011-10-18,5037.5,9583.7890625,25.899999618530273,5881.0,4504.39990234375,3689.300048828125,0.40460423936174994,1.269510611516944,25.899999618530273
2011-10-19,5139.14990234375,9841.2353515625,24.049999237060547,5959.89990234375,4575.14990234375,3754.35009765625,1.4779949952206328,0.7795034859245042,24.049999237060547
2011-10-20,5091.89990234375,9746.287109375,25.600000381469727,5975.0,4573.7998046875,3699.10009765625,-0.6390680460927056,0.27668805532452545,25.600000381469727
2011-10-21,5049.9501953125,9695.2373046875,26.299999237060547,5948.4501953125,4568.10009765625,3692.14990234375,-2.0045564388977866,-1.6045362217496972,26.299999237060547
2011-10-24,5098.35009765625,9647.7373046875,25.219999313354492,6056.5,4588.9501953125,3759.89990234375,0.7688563152531858,-0.3888028592536563,25.219999313354492
2011-10-25,5191.60009765625,9511.4892578125,22.309999465942383,6217.2998046875,4655.75,3864.050048828125,4.9486597928782405,3.059059010545906,22.309999465942383
2011-10-28,5360.7001953125,9916.9345703125,20.889999389648438,6273.9501953125,4772.4501953125,3983.85009765625,8.495329509660277,4.311029979252212,20.889999389648438
2011-10-31,5326.60009765625,9989.5341796875,22.65999984741211,6278.7001953125,4735.60009765625,3944.050048828125,6.265280250683292,4.609285331875235,22.65999984741211
2011-11-01,5257.9501953125,9822.1357421875,24.020000457763672,6214.10009765625,4699.0498046875,3868.14990234375,3.5906376063801204,4.118852502606285,24.020000457763672
2011-11-02,5258.4501953125,9780.9365234375,24.889999389648438,6220.10009765625,4733.0,3859.75,3.4262712359246716,3.14023349886956,24.889999389648438
2011-11-03,5265.75,9782.38671875,24.65999984741211,6169.7998046875,4723.7998046875,3848.5,4.64630601680629,1.4282668339039573,24.65999984741211
2011-11-04,5284.2001953125,9836.2353515625,23.43000030517578,6200.2001953125,4748.9501953125,3861.60009765625,2.8014473080507196,-1.4270523851882877,23.43000030517578
2011-11-08,5289.35009765625,9852.435546875,23.709999084472656,6216.4501953125,4699.4501953125,3859.10009765625,3.0409603595431767,-0.6993203791737734,23.709999084472656
2011-11-09,5221.0498046875,9592.5390625,24.299999237060547,6233.0498046875,4631.35009765625,3791.300048828125,6.040232515357813,-0.701801828741111,24.299999237060547
2011-11-11,5168.85009765625,9292.44140625,24.739999771118164,6168.85009765625,4661.2001953125,3819.0,6.185611373966404,-1.7039259540029827,24.739999771118164
2011-11-14,5148.35009765625,9274.892578125,25.290000915527344,6210.2998046875,4697.64990234375,3738.85009765625,6.4720643924572,-2.229500115724259,25.290000915527344
2011-11-15,5068.5,9085.5947265625,25.969999313354492,6175.10009765625,4679.4501953125,3678.25,1.9562484284636694,-4.081983788272126,25.969999313354492
2011-11-16,5030.4501953125,9061.4443359375,25.040000915527344,6111.10009765625,4646.2998046875,3675.35009765625,1.7095027121087458,-4.894739383170544,25.040000915527344
2011-11-17,4934.75,8930.796875,26.920000076293945,6065.10009765625,4579.0,3608.85009765625,-1.6090319347189075,-5.483567776550569,26.920000076293945
2011-11-18,4905.7998046875,8850.1474609375,26.579999923706055,6017.7998046875,4601.75,3563.300048828125,-0.7576026968593497,-5.0891453224388705,26.579999923706055
2011-11-21,4778.35009765625,8554.05078125,28.610000610351562,5888.2998046875,4549.14990234375,3476.10009765625,-1.467159549309205,-7.186768440018088,28.610000610351562
2011-11-22,4812.35009765625,8611.6005859375,27.350000381469727,5987.2001953125,4585.85009765625,3515.5,0.8423917130674363,-5.053761514131406,27.350000381469727
2011-11-23,4706.4501953125,8399.2021484375,30.68000030517578,5843.39990234375,4545.5498046875,3465.35009765625,-0.9439439988769505,-6.440775426062483,30.68000030517578
2011-11-24,,8472.4013671875,27.950000762939453,5918.75,4613.10009765625,3539.89990234375,-3.7151751031843205,-4.6263702251887135,27.950000762939453
2011-11-25,4710.0498046875,8488.5009765625,29.1200008392334,5797.4501953125,4594.75,3493.0,-5.413091165606232,-3.9901750538813396,29.1200008392334
2011-11-28,4851.2998046875,8793.0478515625,26.639999389648438,5895.7998046875,4665.0,3547.39990234375,-2.473695870878234,1.526671456472628,26.639999389648438
2011-11-29,4805.10009765625,8623.7998046875,26.8700008392334,5854.2001953125,4690.75,3555.39990234375,-5.771263488322143,-0.15065404330268928,26.8700008392334
2011-11-30,4832.0498046875,8564.0,26.549999237060547,5893.25,4710.85009765625,3527.800048828125,-4.840637046024698,2.6686696801783594,26.549999237060547
2011-12-01,4936.85009765625,8895.1962890625,25.020000457763672,5996.39990234375,4685.75,3604.89990234375,-3.808228561642857,4.895407213131087,25.020000457763672
2011-12-02,5050.14990234375,9172.6435546875,23.989999771118164,6122.89990234375,4744.60009765625,3686.800048828125,-1.3305348049870602,7.220732513651518,23.989999771118164
2011-12-05,5039.14990234375,9173.6435546875,25.020000457763672,6129.7998046875,4715.89990234375,3685.25,0.03275240384614797,3.8721601471577216,25.020000457763672
2011-12-07,5062.60009765625,9176.1435546875,26.459999084472656,6223.0498046875,4639.39990234375,3705.35009765625,-1.489542164407165,5.358889404314371,26.459999084472656
2011-12-08,4943.64990234375,8915.5966796875,28.579999923706055,6179.2998046875,4633.75,3643.39990234375,-2.911486927144069,2.309580864584393,28.579999923706055
2011-12-09,4866.7001953125,8810.9970703125,29.530000686645508,6135.25,4606.25,3561.300048828125,-3.6287486591471296,-1.4209445487731842,29.530000686645508
2011-12-12,4764.60009765625,8543.30078125,29.270000457763672,6194.4501953125,4571.5498046875,3466.300048828125,-6.546235421404811,-5.654283738290178,29.270000457763672
2011-12-13,4800.60009765625,8571.8505859375,28.110000610351562,6208.14990234375,4595.9501953125,3503.75,-7.5313967302011005,-4.733929518082968,28.110000610351562
2011-12-14,4763.25,8532.900390625,28.790000915527344,6198.5,4579.7001953125,3455.35009765625,-11.145002957541294,-5.912971435267722,28.790000915527344
2011-12-15,4746.35009765625,8445.0009765625,28.809999465942383,6160.64990234375,4602.4501953125,3404.64990234375,-10.89344026887461,-3.9909744537929615,28.809999465942383
2011-12-16,4651.60009765625,8171.8046875,29.690000534057617,6112.5498046875,4588.5498046875,3379.050048828125,-11.532062403269162,-4.4198345701144675,29.690000534057617
2011-12-19,4613.10009765625,7920.65771484375,30.579999923706055,6043.60009765625,4553.9501953125,3382.0,-12.272629266918411,-3.1797002244642547,30.579999923706055
2011-12-20,4544.2001953125,7798.458984375,30.530000686645508,5989.9501953125,4512.9501953125,3304.800048828125,-13.702697710440104,-5.340996898886241,30.530000686645508
2011-12-21,4693.14990234375,8189.0546875,27.530000686645508,6131.25,4559.0,3387.10009765625,-11.185236575500257,-1.4716862994016644,27.530000686645508
2011-12-22,4733.85009765625,8384.552734375,26.84000015258789,6076.5498046875,4581.39990234375,3434.60009765625,-10.50223543051435,-0.2633602608912544,26.84000015258789
2011-12-23,4714.0,8296.353515625,27.389999389648438,6058.60009765625,4561.2001953125,3446.64990234375,-9.711644662578522,1.3414717738782223,27.389999389648438
2011-12-26,,8374.4521484375,26.600000381469727,6202.2998046875,4552.75,3480.699951171875,-8.799831472429354,2.1872471918615854,26.600000381469727
2011-12-27,4750.5,8275.404296875,26.290000915527344,6168.64990234375,4540.25,3456.300048828125,-7.727720339713661,4.539848506241118,26.290000915527344
2011-12-28,4705.7998046875,8111.3056640625,26.739999771118164,6167.2001953125,4551.14990234375,3413.10009765625,-7.155967156209919,0.2695397037591363,26.739999771118164
2011-12-29,4646.25,8027.306640625,26.6200008392334,6111.7001953125,4549.5498046875,3400.5,-7.637491285978881,-1.8505042586714149,26.6200008392334
2011-12-30,4624.2998046875,7968.55712890625,27.110000610351562,6139.0,4576.25,3390.550048828125,-6.291102797760784,-1.90284673976453,27.110000610351562
2012-01-02,,7994.95703125,27.530000686645508,6217.7001953125,4567.60009765625,3356.10009765625,-5.738106143895772,-1.90284673976453,27.530000686645508
2012-01-03,4765.2998046875,8340.203125,26.15999984741211,6356.14990234375,4634.5,3414.050048828125,-0.2731129511659547,0.3115420416271997,26.15999984741211
2012-01-04,4749.64990234375,8408.302734375,26.40999984741211,6325.10009765625,4655.75,3386.10009765625,-1.3029017847857038,0.9318309209110476,26.40999984741211
2012-01-05,4749.9501953125,8454.8017578125,25.90999984741211,6301.5498046875,4648.5498046875,3426.75,0.9242634723581,2.2319116559053054,25.90999984741211
2012-01-06,4754.10009765625,8488.1513671875,25.459999084472656,6281.10009765625,4658.60009765625,3416.0,1.0124382574197455,2.806917770278994,25.459999084472656
2012-01-09,4742.7998046875,8481.2509765625,25.68000030517578,6287.89990234375,4699.39990234375,3395.85009765625,0.695321734547405,2.562550115800888,25.68000030517578
2012-01-10,4849.5498046875,8734.9482421875,24.0,6331.75,4747.2998046875,3493.550048828125,-0.03607280667975443,1.7679894960045406,24.0
2012-01-11,4860.9501953125,8839.59765625,24.540000915527344,6249.2998046875,4756.75,3503.949951171875,1.162308724504868,2.3433367775976155,24.540000915527344
2012-01-12,4831.25,8930.146484375,24.030000686645508,5872.75,4755.0498046875,3529.85009765625,-0.016552078720799557,1.7115927819144394,24.030000686645508
2012-01-13,4866.0,8974.9453125,23.479999542236328,5872.60009765625,4752.0498046875,3531.699951171875,-1.4351275865128188,2.353755706551408,23.479999542236328
2012-01-16,4873.89990234375,8940.146484375,24.06999969482422,5990.2998046875,4708.14990234375,3557.800048828125,-3.489995414159952,2.764192102873042,24.06999969482422
2012-01-17,4967.2998046875,9056.5947265625,22.610000610351562,6041.0,4745.2001953125,3643.14990234375,-1.4258376720016175,2.4280604332836075,22.610000610351562
2012-01-18,4955.7998046875,9023.2958984375,22.68000030517578,5912.0,4742.35009765625,3600.14990234375,-2.1095937049855795,1.9512565561043083,22.68000030517578
2012-01-19,5018.39990234375,9199.2939453125,21.68000030517578,5893.2001953125,4813.5498046875,3637.5,1.5120407285427184,3.8737366591203193,21.68000030517578
2012-01-20,5048.60009765625,9516.7392578125,21.959999084472656,5897.9501953125,4790.9501953125,3664.199951171875,3.737643475941921,3.7525708519574597,21.959999084472656
2012-01-23,5046.25,9520.189453125,22.139999389648438,5910.5498046875,4782.25,3677.949951171875,5.91130203104131,3.5361845977462725,22.139999389648438
2012-01-24,5127.35009765625,9833.8857421875,21.420000076293945,5964.25,4791.60009765625,3730.449951171875,6.806440723098883,3.222078377828441,21.420000076293945
2012-01-25,5158.2998046875,9856.4853515625,21.020000457763672,6038.10009765625,4806.75,3775.39990234375,8.293702927360513,4.086121473439319,21.020000457763672
2012-01-27,5204.7001953125,9813.5361328125,21.700000762939453,6136.2998046875,4824.14990234375,3818.550048828125,9.65689610386271,3.712344504106624,21.700000762939453
2012-01-30,5087.2998046875,9536.98828125,23.459999084472656,6103.7998046875,4823.5498046875,3749.75,9.366663038182942,0.7665433245389375,23.459999084472656
2012-01-31,5199.25,9919.3349609375,22.65999984741211,6193.85009765625,4890.35009765625,3836.5,12.706203852839693,3.0319544216002026,22.65999984741211
2012-02-01,5235.7001953125,9948.984375,22.889999389648438,6192.39990234375,4888.2001953125,3910.0,15.21719929314087,2.1131792366933855,22.889999389648438
2012-02-02,5269.89990234375,9991.93359375,23.690000534057617,6280.5498046875,4832.0,3922.5,12.289187688464253,2.163505454933734,23.690000534057617
2012-02-03,5325.85009765625,10133.5322265625,24.09000015258789,6339.9501953125,4906.35009765625,3944.39990234375,12.505676939223353,2.3277018425165164,24.09000015258789
2012-02-06,5361.64990234375,10269.130859375,24.6200008392334,6370.89990234375,4904.5498046875,3985.300048828125,13.738860889769832,5.392843122857838,24.6200008392334
2012-02-07,5335.14990234375,10324.4794921875,24.90999984741211,6308.5498046875,4902.14990234375,3940.949951171875,13.176705607631533,2.6138366561282877,24.90999984741211
2012-02-08,5368.14990234375,10319.9794921875,24.270000457763672,6414.64990234375,4892.85009765625,3969.14990234375,13.00178722963372,2.5297420037501794,24.270000457763672
2012-02-09,5412.35009765625,10507.4775390625,23.299999237060547,6492.5498046875,4882.14990234375,4040.800048828125,15.014457101743828,2.7030911013916192,23.299999237060547
2012-02-10,5381.60009765625,10442.529296875,23.829999923706055,6484.35009765625,4837.9501953125,4031.199951171875,15.82674409806295,1.0467812457683356,23.829999923706055
2012-02-13,5390.2001953125,10473.4775390625,23.709999084472656,6461.14990234375,4847.2001953125,4068.64990234375,16.562515904540454,0.5324908095224457,23.709999084472656
2012-02-14,5416.0498046875,10556.52734375,22.709999084472656,6465.7001953125,4795.9501953125,4154.2001953125,17.121511005783606,1.5163566877138823,22.709999084472656
2012-02-15,5531.9501953125,10930.5732421875,22.100000381469727,6575.39990234375,4835.4501953125,4293.9501953125,16.088187984958815,3.0513360459109906,22.100000381469727
2012-02-16,5521.9501953125,10921.7734375,23.329999923706055,6621.9501953125,4832.75,4296.4501953125,16.260151986942283,2.0250001511119997,23.329999923706055
2012-02-17,5564.2998046875,11074.771484375,24.18000030517578,6703.0498046875,4833.9501953125,4277.9501953125,17.144382064861286,3.394895639139328,24.18000030517578
2012-02-21,5607.14990234375,11170.2705078125,26.25,6703.89990234375,4841.89990234375,4290.4501953125,17.943454852960492,4.0248914543084435,26.25
2012-02-22,5505.35009765625,10747.025390625,26.799999237060547,6718.7001953125,4804.0498046875,4229.2998046875,16.078061996525573,1.648808563234816,26.799999237060547
2012-02-23,5483.2998046875,10713.224609375,24.329999923706055,6704.5,4794.7001953125,4189.25,13.06822335111244,-0.8794437568549363,24.329999923706055
2012-02-24,5429.2998046875,10506.677734375,24.81999969482422,6747.2001953125,4781.10009765625,4169.85009765625,11.692150434354787,-1.6778563251738432,24.81999969482422
2012-02-27,5281.2001953125,10103.8330078125,27.3799991607666,6608.89990234375,4771.2998046875,4034.10009765625,9.313328751617078,-5.087784974068255,27.3799991607666
2012-02-28,5375.5,10483.8779296875,25.850000381469727,6572.4501953125,4815.35009765625,4160.0498046875,10.470612412659275,-4.131330647089026,25.850000381469727
2012-02-29,5385.2001953125,10414.0791015625,26.93000030517578,6606.85009765625,4811.7001953125,4159.39990234375,10.490578452849997,-2.182420740052493,26.93000030517578
2012-03-01,5339.75,10288.78125,27.670000076293945,6553.2001953125,4827.25,4115.7001953125,7.498041389831744,-2.61794557658116,27.670000076293945
2012-03-02,5359.35009765625,10434.1787109375,27.84000015258789,6532.39990234375,4873.4501953125,4114.60009765625,8.142990210925127,-1.288374367738132,27.84000015258789
2012-03-05,5280.35009765625,10178.7314453125,28.920000076293945,6471.39990234375,4835.75,4089.800048828125,5.219795162002949,-0.016096675467913713,28.920000076293945
2012-03-06,5222.39990234375,10058.033203125,27.34000015258789,6511.7001953125,4823.0,4066.89990234375,3.442534590295332,-2.8481089695144624,27.34000015258789
2012-03-07,5220.4501953125,10132.7314453125,26.329999923706055,6563.25,4846.39990234375,4071.949951171875,3.452072238048065,-3.0593105924530906,26.329999923706055
2012-03-09,5333.5498046875,10505.5283203125,25.469999313354492,6558.4501953125,4889.35009765625,4165.0,4.021564806458322,-0.11611396249824324,25.469999313354492
2012-03-12,5359.5498046875,10625.52734375,26.270000457763672,6492.7001953125,4872.64990234375,4193.89990234375,3.9014793172184037,0.0037263292677502946,26.270000457763672
2012-03-13,5429.5,10686.076171875,24.75,6546.75,4902.35009765625,4194.35009765625,4.319169140423518,2.8246214661022506,24.75
2012-03-14,5463.89990234375,10889.5732421875,24.719999313354492,6515.2001953125,4911.39990234375,4237.25,7.402750223394472,4.624310748236993,24.719999313354492
2012-03-15,5380.5,10594.876953125,25.420000076293945,6519.0,4893.7001953125,4209.0,3.4860797230369833,3.065823802537393,25.420000076293945
2012-03-16,5317.89990234375,10391.228515625,23.1299991607666,6501.25,4805.10009765625,4215.39990234375,1.5699849870098204,-0.2934237593505862,23.1299991607666
2012-03-19,5257.0498046875,10188.7314453125,22.969999313354492,6404.39990234375,4810.35009765625,4197.0498046875,-0.24383950159158063,-1.9124740647125438,22.969999313354492
2012-03-20,5274.85009765625,10281.48046875,21.940000534057617,6423.39990234375,4865.7998046875,4132.10009765625,-0.9575936059943446,-2.848326776752008,21.940000534057617
2012-03-21,5364.9501953125,10524.328125,21.0,6523.89990234375,4909.4501953125,4192.2001953125,0.06155368270701622,-1.8109721773783893,21.0
2012-03-22,5228.4501953125,10173.431640625,24.770000457763672,6437.14990234375,4845.5,4118.75,-1.999938314467531,-2.825941914087915,24.770000457763672
2012-03-23,5278.2001953125,10294.4296875,23.34000015258789,6532.14990234375,4878.7001953125,4147.75,-1.675618391207323,-0.7465297910882684,23.34000015258789
2012-03-26,5184.25,10043.3828125,26.739999771118164,6436.75,4836.5,4093.0,-4.214437232266732,-1.384803404802959,26.739999771118164
2012-03-27,5243.14990234375,10148.7314453125,25.049999237060547,6507.2998046875,4883.64990234375,4106.9501953125,-2.5726585550791214,-0.6009686479353293,25.049999237060547
2012-03-28,5194.75,9960.2841796875,24.8700008392334,6450.64990234375,4898.25,4083.949951171875,-3.626028500434364,-3.172446884245239,24.8700008392334
2012-03-29,5178.85009765625,9927.53515625,24.329999923706055,6366.35009765625,4923.64990234375,4105.9501953125,-4.379570269570965,-0.9486577437558541,24.329999923706055
2012-03-30,5295.5498046875,10212.630859375,22.3799991607666,6516.0,5036.60009765625,4207.0,-4.273364406377233,0.32870313237469695,22.3799991607666
2012-04-02,5317.89990234375,10305.2294921875,20.8799991607666,6548.0,5028.2001953125,4216.2998046875,-3.6952577577024415,2.5779987914114955,20.8799991607666
2012-04-03,5358.5,10432.478515625,20.010000228881836,6550.89990234375,5002.4501953125,4209.9501953125,-3.6985750572628984,2.2000152542784868,20.010000228881836
2012-04-04,5322.89990234375,10339.9794921875,20.6299991607666,6539.89990234375,4991.85009765625,4188.7998046875,-5.0694203820230594,2.466911831055385,20.6299991607666
2012-04-09,5234.39990234375,10131.4814453125,22.329999923706055,6466.64990234375,5024.5,4139.35009765625,-4.921579745270865,1.0726281633955725,22.329999923706055
2012-04-10,5243.60009765625,10195.931640625,21.920000076293945,6396.25,5020.4501953125,4184.10009765625,-4.371449958405305,-0.9810068632583824,21.920000076293945
2012-04-11,5226.85009765625,10214.130859375,22.290000915527344,6413.7998046875,5053.4501953125,4168.2998046875,-3.728836393533852,-1.7121383696479864,22.290000915527344
2012-04-12,5276.85009765625,10400.5791015625,21.780000686645508,6343.85009765625,5047.85009765625,4214.89990234375,-0.08236948980102632,-1.5237454948912932,21.780000686645508
2012-04-13,5207.4501953125,10306.1298828125,22.75,5782.85009765625,5116.85009765625,4229.75,-3.1262171832852736,-2.168925006093314,22.75
2012-04-16,5226.2001953125,10432.5791015625,22.229999542236328,5751.10009765625,5115.7998046875,4284.9501953125,-2.952536474658829,-0.15665037414467342,22.229999542236328
2012-04-17,5289.7001953125,10519.427734375,20.309999465942383,5801.7001953125,5127.25,4325.9501953125,-0.9373061414392092,0.8791688305302969,20.309999465942383
2012-04-18,5300.0,10512.328125,20.030000686645508,5815.0,5166.35009765625,4389.60009765625,-1.1074122155633193,1.3995025871614608,20.030000686645508
2012-04-19,5332.39990234375,10567.77734375,19.350000381469727,5861.75,5216.35009765625,4471.2998046875,0.9857263955017403,1.0527076505768562,19.350000381469727
2012-04-20,5290.85009765625,10456.37890625,20.09000015258789,5849.4501953125,5195.2998046875,4472.39990234375,1.3107038256833015,1.6015496877689328,20.09000015258789
2012-04-23,5200.60009765625,10243.03125,21.56999969482422,5680.14990234375,5177.7001953125,4396.2998046875,-0.38023727674049157,-0.48984150433447615,21.56999969482422
2012-04-24,5222.64990234375,10215.03125,19.25,5928.39990234375,5149.0498046875,4395.64990234375,-2.0792887739847,-1.2675631981594493,19.25
2012-04-25,5202.0,10159.7314453125,18.940000534057617,5850.7001953125,5160.85009765625,4416.4501953125,-2.9396089303938555,-1.84905660377358,18.940000534057617
2012-04-26,5189.0,10127.8818359375,18.739999771118164,5871.89990234375,5130.89990234375,4377.0498046875,-4.429505479325901,-2.6892188314818877,18.739999771118164
2012-04-27,5190.60009765625,10148.58203125,17.889999389648438,5940.35009765625,5137.60009765625,4384.39990234375,-5.001918219077684,-1.8947805768379067,17.889999389648438
2012-04-30,5248.14990234375,10276.6806640625,17.81999969482422,6085.39990234375,5155.39990234375,4433.14990234375,-2.45981038298021,0.914313805995759,17.81999969482422
2012-05-02,5239.14990234375,10306.4794921875,18.540000915527344,6124.89990234375,5163.4501953125,4356.89990234375,-1.4808477302345024,0.31593157321525567,18.540000915527344
2012-05-03,5188.39990234375,10126.431640625,19.25,6161.10009765625,5151.89990234375,4250.39990234375,-1.3058636477542573,-0.2614397857795048,19.25
2012-05-04,5086.85009765625,9802.2353515625,21.1200008392334,6100.35009765625,5184.5,4174.64990234375,-3.5640823249846076,-1.968585514429566,21.1200008392334
2012-05-07,5114.14990234375,9876.234375,20.219999313354492,6089.2001953125,5161.25,4228.89990234375,-4.674792567280139,-1.4728585110422965,20.219999313354492
2012-05-08,4999.9501953125,9588.638671875,22.15999984741211,5901.4501953125,5112.0,4142.25,-4.370319912483033,-4.729280063444974,22.15999984741211
2012-05-09,4974.7998046875,9404.6904296875,23.040000915527344,5898.7998046875,5113.75,4105.39990234375,-5.748178913229662,-5.04566776258859,23.040000915527344
2012-05-10,4965.7001953125,9410.791015625,22.719999313354492,5890.0,5090.0,4072.75,-4.215649412885181,-4.292261799840258,22.719999313354492
2012-05-11,4928.89990234375,9397.990234375,22.479999542236328,5830.7998046875,4970.64990234375,4094.10009765625,-5.993534532734346,-3.1050688005387683,22.479999542236328
2012-05-14,4907.7998046875,9257.54296875,23.260000228881836,5855.85009765625,5047.25,4073.5,-5.523849950671355,-4.034885593824344,23.260000228881836
2012-05-15,4942.7998046875,9319.591796875,22.280000686645508,5956.2998046875,5087.5498046875,4076.050048828125,-4.5579672807208205,-1.143019198042794,22.280000686645508
2012-05-16,4858.25,9164.1435546875,23.709999084472656,5870.25,5048.75,3973.800048828125,-8.257873512971447,-2.3428039170074966,23.709999084472656
2012-05-17,4870.2001953125,9154.09375,23.59000015258789,5869.10009765625,5033.60009765625,3952.550048828125,-8.41873136487462,-1.9231930290545818,23.59000015258789
2012-05-18,4891.4501953125,9310.1416015625,23.549999237060547,5865.4501953125,5022.0498046875,3875.85009765625,-8.716054953578423,-0.7597984899925025,23.549999237060547
2012-05-21,,9411.890625,23.920000076293945,5796.5498046875,5052.7001953125,3903.10009765625,-8.105538615168706,-0.3331352138566057,23.920000076293945
2012-05-22,4860.5,9268.6923828125,24.389999389648438,5822.4501953125,5017.2001953125,3878.050048828125,-7.143128330266335,-1.665044265184501,24.389999389648438
2012-05-23,4835.64990234375,9209.79296875,27.1299991607666,5832.14990234375,5016.89990234375,3853.699951171875,-7.77996391248148,-0.46519009224000873,27.1299991607666
2012-05-24,4921.39990234375,9437.490234375,25.489999771118164,5886.10009765625,5049.25,3893.300048828125,-5.843867522611101,1.051285470369967,25.489999771118164
2012-05-25,4920.39990234375,9456.189453125,25.139999389648438,5879.85009765625,5041.2001953125,3884.14990234375,-6.754980503820263,0.5918430296804944,25.139999389648438
2012-05-28,4985.64990234375,9698.1875,23.68000030517578,5916.2998046875,5064.25,3946.89990234375,-4.259287840494452,1.9258032540435899,23.68000030517578
2012-05-29,4990.10009765625,9707.986328125,24.030000686645508,5983.25,5051.89990234375,3958.85009765625,-4.517624446687163,2.666394355647572,24.030000686645508
2012-05-30,4950.75,9533.939453125,25.299999237060547,6012.35009765625,5047.5498046875,3814.14990234375,-6.407739244142096,2.3802405050138864,25.299999237060547
2012-05-31,4924.25,9440.890625,25.25,6008.7998046875,5047.64990234375,3739.75,-7.08962264150943,0.05791233618086533,25.25
2012-06-01,4841.60009765625,9267.4921875,26.770000457763672,5902.75,4978.2001953125,3670.800048828125,-9.204107225187276,-1.6014918756901197,26.770000457763672
2012-06-04,4848.14990234375,9362.19140625,25.600000381469727,5884.0,4942.75,3695.25,-8.36727911661319,-2.7579152706924237,25.600000381469727
2012-06-05,4863.2998046875,9460.0400390625,26.260000228881836,5904.89990234375,4954.25,3685.5,-6.4857956127170935,-2.541037063130369,26.260000228881836
2012-06-06,4997.10009765625,9742.6865234375,24.899999618530273,5999.25,5007.2998046875,3821.550048828125,-4.318685129291944,0.9362237571327592,24.899999618530273
2012-06-07,5049.64990234375,9950.78515625,23.639999389648438,6021.7998046875,5017.14990234375,3871.449951171875,-2.928683153714917,2.54657871439814,23.639999389648438
2012-06-08,5068.35009765625,9998.7333984375,23.469999313354492,5975.5,5024.14990234375,3872.75,-2.3251089293457317,4.683369039705831,23.469999313354492
2012-06-11,5054.10009765625,9969.083984375,25.020000457763672,5965.4501953125,4947.85009765625,3846.699951171875,-2.6297537362131806,4.248016242503905,25.020000457763672
2012-06-12,5115.89990234375,10139.08203125,24.200000762939453,6017.9501953125,4936.4501953125,3914.300048828125,-2.5199356432433317,5.19400628792781,24.200000762939453
2012-06-13,5121.4501953125,10128.0322265625,24.360000610351562,6040.7998046875,4960.35009765625,3851.699951171875,-2.2465420769616995,2.4884452027401416,24.360000610351562
2012-06-14,5054.75,9836.8359375,25.709999084472656,6065.25,4937.5,3778.949951171875,-2.5759367986144754,0.10099903468323568,25.709999084472656
2012-06-15,5139.0498046875,10064.6826171875,25.540000915527344,6134.4501953125,4985.9501953125,3876.699951171875,1.026169555405243,1.394925482040854,25.540000915527344
2012-06-18,5064.25,9749.787109375,22.600000381469727,6082.0,4947.0,3850.0,-0.9757223252466973,0.20082511520609359,22.600000381469727
2012-06-19,5103.85009765625,9786.3369140625,21.43000030517578,6069.14990234375,5004.4501953125,3850.39990234375,2.0780187458898425,-0.23553636540033507,21.43000030517578
2012-06-20,5120.5498046875,9831.685546875,21.030000686645508,6051.4501953125,5065.7998046875,3889.5,2.9297661357682525,-0.017580774793513054,21.030000686645508
2012-06-21,5165.0,10033.5341796875,19.940000534057617,6043.35009765625,5081.14990234375,3917.85009765625,4.013528744156436,2.181116771353686,19.940000534057617
2012-06-22,5146.0498046875,10038.2333984375,20.579999923706055,6028.5498046875,5075.2998046875,3920.800048828125,4.405646425087517,0.13621195096444882,20.579999923706055
2012-06-25,5114.64990234375,9925.634765625,21.56999969482422,5997.0498046875,5049.9501953125,3895.35009765625,4.214721583767234,0.995209603470415,21.56999969482422
2012-06-26,5120.7998046875,9969.9833984375,20.229999542236328,5988.60009765625,5095.9501953125,3907.050048828125,3.601197844007231,0.33209649004060093,20.229999542236328
2012-06-27,5141.89990234375,10017.68359375,20.3700008392334,6042.39990234375,5113.5498046875,3880.89990234375,5.838520091468125,0.4169493212761166,20.3700008392334
2012-06-28,5149.14990234375,10003.7333984375,20.6200008392334,6055.64990234375,5111.5498046875,3886.89990234375,5.72768460934594,-0.30687507562923155,20.6200008392334
2012-06-29,5278.89990234375,10340.5302734375,19.079999923706055,6144.60009765625,5216.0,3966.39990234375,7.920957825606512,2.581593701934981,19.079999923706055
2012-07-02,5278.60009765625,10412.0791015625,19.010000228881836,6120.89990234375,5233.75,3943.949951171875,7.914828668086149,3.2055018123013923,19.010000228881836
2012-07-03,5287.9501953125,10481.177734375,18.559999465942383,6087.5,5237.14990234375,3949.449951171875,8.794366738247096,3.264146168572979,18.559999465942383
2012-07-04,5302.5498046875,10529.328125,18.270000457763672,6074.75,5235.5498046875,3969.85009765625,9.655370255763396,3.124329632914935,18.270000457763672
2012-07-05,5327.2998046875,10641.7763671875,18.350000381469727,6077.35009765625,5253.39990234375,3999.14990234375,8.247651286180702,3.459792504053172,18.350000381469727
2012-07-06,5316.9501953125,10655.2255859375,18.040000915527344,6027.25,5259.60009765625,3983.64990234375,8.059310235736316,0.7207996679735595,18.040000915527344
2012-07-09,5275.14990234375,10587.9267578125,18.719999313354492,6018.2001953125,5219.25,3945.050048828125,5.806665242657849,-0.06536193779922428,18.719999313354492
2012-07-10,5345.35009765625,10751.4248046875,17.829999923706055,6056.5,5271.25,4006.5,7.119095670382514,1.0854849274986034,17.829999923706055
2012-07-11,5306.2998046875,10713.1748046875,18.389999389648438,6049.35009765625,5255.64990234375,3960.89990234375,7.181736195273447,0.07072069359319588,18.389999389648438
2012-07-12,5235.25,10616.1767578125,18.709999084472656,5737.64990234375,5251.10009765625,3921.550048828125,6.315682591257543,-1.727888575118397,18.709999084472656
2012-07-13,5227.25,10594.3271484375,18.260000228881836,5713.89990234375,5247.4501953125,3919.35009765625,7.965339858003517,-1.6870610409625564,18.260000228881836
2012-07-16,5197.25,10568.0771484375,18.770000457763672,5576.75,5312.5,3888.800048828125,7.200686956636471,-1.4767334348003813,18.770000457763672
2012-07-17,5192.85009765625,10557.9267578125,17.780000686645508,5555.35009765625,5345.2001953125,3836.699951171875,6.776269327486495,-2.8529469017729236,17.780000686645508
2012-07-18,5216.2998046875,10606.9765625,17.440000534057617,5582.25,5312.5498046875,3861.550048828125,4.386538247133753,-1.6960971545651349,17.440000534057617
2012-07-19,5242.7001953125,10621.9267578125,16.3799991607666,5682.25,5318.85009765625,3845.89990234375,3.823043115902891,0.14230830070196543,16.3799991607666
2012-07-20,5205.10009765625,10481.4775390625,16.889999389648438,5674.2001953125,5264.60009765625,3856.64990234375,2.698116692121122,-0.4237391045721961,16.889999389648438
2012-07-23,5117.9501953125,10274.48046875,18.65999984741211,5609.2001953125,5257.5,3763.199951171875,1.2633326689722502,-1.5258031591226184,18.65999984741211
2012-07-24,5128.2001953125,10298.8798828125,16.969999313354492,5571.2998046875,5276.85009765625,3758.550048828125,0.24043263557824712,-1.244979175750316,16.969999313354492
2012-07-25,5109.60009765625,10267.73046875,16.75,5588.64990234375,5289.25,3735.85009765625,-0.23138168300642636,-2.0455056462699295,16.75
2012-07-26,5043.0,10083.6826171875,16.3700008392334,5489.60009765625,5273.85009765625,3701.14990234375,-0.23245462189029897,-3.8091095785155127,16.3700008392334
2012-07-27,5099.85009765625,10140.431640625,16.440000534057617,5562.0,5287.0,3735.14990234375,-0.7627812245659671,-2.022055253988142,16.440000534057617
2012-07-30,5199.7998046875,10412.029296875,16.600000381469727,5646.2998046875,5379.35009765625,3818.199951171875,2.6766017611196125,1.5992654529926043,16.600000381469727
2012-07-31,5229.0,10383.978515625,16.010000228881836,5695.25,5413.7998046875,3829.75,2.4520685355006844,1.9655980821426944,16.010000228881836
2012-08-01,5240.5,10419.779296875,16.450000762939453,5670.7001953125,5476.4501953125,3823.5,2.3425257030542657,2.561842411185822,16.450000762939453
2012-08-02,5227.75,10379.478515625,16.770000457763672,5670.39990234375,5468.39990234375,3804.10009765625,1.2149080348499597,3.6634939520126863,16.770000457763672
2012-08-03,5215.7001953125,10315.4794921875,16.1200008392334,5697.14990234375,5506.14990234375,3778.699951171875,1.3534729213377616,2.2716373116435706,16.1200008392334
2012-08-06,5282.5498046875,10462.2783203125,16.219999313354492,5699.10009765625,5532.4501953125,3852.050048828125,3.2827252216581115,1.5914074215973129,16.219999313354492
2012-08-07,5336.7001953125,10591.8271484375,16.209999084472656,5799.7998046875,5529.5498046875,3910.550048828125,4.216145892432044,2.059670975568939,16.209999084472656
2012-08-08,5338.0,10529.1279296875,16.3700008392334,5828.2998046875,5530.75,3951.199951171875,3.813767311317462,1.8605094933689559,16.3700008392334
2012-08-09,5322.9501953125,10445.779296875,16.329999923706055,5827.60009765625,5524.89990234375,3969.25,3.3753201259423715,1.8210548574912666,16.329999923706055
2012-08-10,5320.39990234375,10358.830078125,16.06999969482422,5905.14990234375,5502.85009765625,3930.199951171875,0.7861486439925569,2.0073950401778617,16.06999969482422
2012-08-13,5347.89990234375,10401.1787109375,16.010000228881836,5912.35009765625,5516.14990234375,3924.64990234375,1.3128443792942424,1.2370938291629718,16.010000228881836
2012-08-14,5380.35009765625,10519.0283203125,15.640000343322754,5936.35009765625,5496.0498046875,3954.949951171875,1.7473671069303531,0.8179193274167718,15.640000343322754
2012-08-16,5362.9501953125,10426.62890625,15.6899995803833,5915.89990234375,5500.7001953125,3988.449951171875,1.1390820048800876,0.4674071808261626,15.6899995803833
2012-08-17,5366.2998046875,10417.779296875,15.729999542236328,5980.64990234375,5524.9501953125,4014.35009765625,0.732078190262242,0.8143906627789743,15.729999542236328
2012-08-21,5421.0,10469.3779296875,16.299999237060547,6085.2998046875,5528.4501953125,4067.699951171875,1.9569452574378365,1.8908371457553974,16.299999237060547
2012-08-22,5412.85009765625,10472.078125,16.0,6099.10009765625,5551.5,4077.699951171875,2.6103560630821088,1.2144990837250846,16.0
2012-08-23,5415.35009765625,10457.5791015625,16.1200008392334,6207.60009765625,5603.2998046875,4042.25,1.3095493975351147,0.6505152892419819,16.1200008392334
2012-08-24,5386.7001953125,10332.7294921875,16.15999984741211,6170.7001953125,5601.2998046875,4040.10009765625,1.515187486277636,0.4428532642491989,16.15999984741211
2012-08-27,5350.25,10150.2822265625,16.469999313354492,6112.9501953125,5600.5,4024.60009765625,2.196647724559475,-0.2990851288904972,16.469999313354492
2012-08-28,,10059.283203125,16.350000381469727,6159.89990234375,5613.14990234375,3984.5,2.353053708929176,-1.3051097583471671,16.350000381469727
2012-08-29,5287.7998046875,10011.7841796875,16.739999771118164,6099.14990234375,5618.0,3927.199951171875,1.7422637873394597,-2.310248588315733,16.739999771118164
2012-08-30,5315.0498046875,10085.0830078125,16.670000076293945,6144.5498046875,5650.2998046875,3931.199951171875,2.3532300130597594,-1.852147897366041,16.670000076293945
2012-08-31,5258.5,9990.3837890625,17.299999237060547,6072.35009765625,5648.9501953125,3889.25,0.8090063242641499,-2.379939307260126,17.299999237060547
2012-09-03,5253.75,9962.8837890625,17.280000686645508,6083.2001953125,5644.5498046875,3905.300048828125,0.210765526843959,-1.803654034858182,17.280000686645508
2012-09-04,5274.0,10020.5341796875,16.59000015258789,6084.0498046875,5645.0,3931.0,1.3236998530494093,-1.4251670482687717,16.59000015258789
2012-09-05,5225.7001953125,9827.7861328125,17.010000228881836,6083.75,5578.14990234375,3893.10009765625,2.1053350636097923,-1.1743941084900844,17.010000228881836
2012-09-06,5238.39990234375,9893.03515625,16.979999542236328,6233.35009765625,5606.2001953125,3915.800048828125,2.148896354162999,-1.4421295220253705,16.979999542236328
2012-09-07,5342.10009765625,10121.8828125,15.260000228881836,6342.7001953125,5680.85009765625,3994.85009765625,4.550258250281591,1.5898088362888751,15.260000228881836
2012-09-10,5363.4501953125,10069.732421875,15.270000457763672,6361.89990234375,5799.25,4036.25,6.354356440858622,2.088036075422317,15.270000457763672
2012-09-11,5390.0,10135.7822265625,15.380000114440918,6424.64990234375,5801.89990234375,4030.0,5.689380997239413,2.199469093667039,15.380000114440918
2012-09-12,5431.0,10183.33203125,15.039999961853027,6485.9501953125,5789.85009765625,4089.60009765625,4.446328781813458,3.9286563908058847,15.039999961853027
2012-09-13,5435.35009765625,10207.681640625,15.670000076293945,6514.35009765625,5708.10009765625,4078.800048828125,3.946263103007275,3.759739595756728,15.670000076293945
2012-09-14,5577.64990234375,10642.7763671875,15.380000114440918,6599.39990234375,5632.5498046875,4191.2001953125,6.433544553835513,4.409310952275924,15.380000114440918
2012-09-17,5610.0,10981.5224609375,17.780000686645508,6398.2001953125,5530.39990234375,4264.25,7.311941083640194,4.596850827532206,17.780000686645508
2012-09-18,5600.0498046875,11043.3720703125,17.829999923706055,6370.60009765625,5527.14990234375,4267.39990234375,7.369089383634941,3.897027916280149,17.829999923706055
2012-09-20,5554.25,10920.6728515625,18.6200008392334,6422.5,5514.89990234375,4248.5498046875,5.143353216876534,2.269379488123735,18.6200008392334
2012-09-21,5691.14990234375,11358.3681640625,18.93000030517578,6379.5498046875,5506.14990234375,4318.0498046875,6.641739165759808,4.706224991795871,18.93000030517578
2012-09-24,5669.60009765625,11423.3671875,18.829999923706055,6364.0,5507.0498046875,4352.25,6.212066273065764,1.6485472721022187,18.829999923706055
2012-09-25,5673.89990234375,11420.6171875,17.110000610351562,6367.9501953125,5526.60009765625,4318.0,6.593142790257622,1.1390356924019684,17.110000610351562
2012-09-26,5663.4501953125,11427.1171875,16.969999313354492,6348.7998046875,5541.85009765625,4302.64990234375,6.44782909678705,1.1321397636844477,16.969999313354492
2012-09-27,5649.5,11419.3173828125,16.90999984741211,6285.2001953125,5538.7001953125,4297.60009765625,5.639598780150545,1.7149030022055145,16.90999984741211
2012-09-28,5703.2998046875,11456.6669921875,16.15999984741211,6313.7998046875,5623.0,4369.5498046875,6.00239205942994,0.2134876527983609,16.15999984741211
2012-10-01,5718.7998046875,11420.3173828125,16.34000015258789,6435.39990234375,5635.39990234375,4399.9501953125,6.635333098674523,0.8677809048929008,16.34000015258789
2012-10-03,5731.25,11414.8173828125,16.5,6422.5498046875,5673.39990234375,4390.64990234375,6.80077909537804,1.0107703456763595,16.5
2012-10-04,5787.60009765625,11635.9150390625,16.440000534057617,6399.5,5617.60009765625,4383.2001953125,6.762591729501022,2.1921249072960114,16.440000534057617
2012-10-05,5746.9501953125,11511.2666015625,16.780000686645508,6292.4501953125,5532.10009765625,4406.9501953125,6.172350824954753,1.7249348670236309,16.780000686645508
2012-10-08,5676.0,11362.068359375,17.170000076293945,6207.9501953125,5595.5498046875,4355.89990234375,4.813168080426755,-0.47866683538295707,17.170000076293945
2012-10-09,5704.60009765625,11445.966796875,16.799999237060547,6274.7998046875,5679.2001953125,4347.64990234375,5.901570364364916,-0.2482987255404745,16.799999237060547
2012-10-10,5652.14990234375,11291.369140625,16.829999923706055,6225.7998046875,5637.0,4314.39990234375,5.6427251501098175,-1.3801543756815748,16.829999923706055
2012-10-11,5708.0498046875,11431.1669921875,16.489999771118164,6268.7001953125,5598.60009765625,4337.85009765625,6.687534314985277,-1.3744953283998496,16.489999771118164
2012-10-12,5676.0498046875,11388.3173828125,16.489999771118164,6106.14990234375,5622.2001953125,4314.64990234375,7.34237328077032,-1.2337046296804544,16.489999771118164
2012-10-15,5687.25,11441.6669921875,15.899999618530273,6060.4501953125,5643.75,4303.14990234375,7.002760256060925,0.1982029598308621,15.899999618530273
2012-10-16,5648.0,11347.8681640625,15.569999694824219,6050.85009765625,5606.2998046875,4258.35009765625,7.407055243890848,-0.9921834429639342,15.569999694824219
2012-10-17,5660.25,11358.1181640625,15.170000076293945,6045.14990234375,5626.4501953125,4278.39990234375,7.737330478229842,0.14331002885983324,15.170000076293945
2012-10-18,5718.7001953125,11586.21484375,14.760000228881836,6088.85009765625,5613.0498046875,4334.4501953125,8.431933927047774,0.1865854536912792,14.760000228881836
2012-10-19,5684.25,11491.06640625,14.539999961853027,6067.0,5590.0498046875,4297.39990234375,8.774896904702324,0.1444701085203226,14.539999961853027
2012-10-22,5717.14990234375,11607.265625,13.039999961853027,6112.7998046875,5642.5498046875,4295.39990234375,9.139241159992363,0.5257356779418965,13.039999961853027
2012-10-23,5691.39990234375,11578.015625,13.710000038146973,6063.14990234375,5631.4501953125,4263.4501953125,6.538623356023399,0.7684118686924535,13.710000038146973
2012-10-25,5705.2998046875,11614.365234375,13.520000457763672,6051.7001953125,5603.85009765625,4286.60009765625,6.3736885200083915,0.7958977905127895,13.520000457763672
2012-10-29,5665.60009765625,11472.0166015625,15.119999885559082,6032.4501953125,5570.0498046875,4324.14990234375,5.113174353548233,-0.9285343844353866,15.119999885559082
2012-10-30,5597.89990234375,11202.8701171875,15.170000076293945,6066.10009765625,5566.4501953125,4263.7001953125,3.0730970786917666,-1.5191115390113086,15.170000076293945
2012-10-31,5619.7001953125,11268.6689453125,14.399999618530273,6087.85009765625,5667.0498046875,4329.39990234375,3.391687643740604,-1.7045155137754953,14.399999618530273
2012-11-01,5645.0498046875,11314.91796875,14.079999923706055,6101.85009765625,5713.2998046875,4427.64990234375,1.2083924865099238,-0.8143883482368386,14.079999923706055
2012-11-02,5697.7001953125,11460.3173828125,13.65999984741211,6163.4501953125,5736.7998046875,4488.7001953125,1.5632833389037426,-0.13320262975060615,13.65999984741211
2012-11-05,5704.2001953125,11475.0166015625,14.630000114440918,6144.2001953125,5756.5,4463.85009765625,1.8598118634198801,0.6813064281084413,14.630000114440918
2012-11-06,5724.39990234375,11538.916015625,15.210000038146973,6139.5,5798.64990234375,4445.0,3.0634181454516796,2.2597760268459943,15.210000038146973
2012-11-07,5760.10009765625,11665.3642578125,14.510000228881836,6192.75,5805.0,4478.0,1.211533635480322,2.498352180083563,14.510000228881836
2012-11-08,5738.75,11613.4150390625,14.220000267028809,6163.0498046875,5766.64990234375,4515.0,1.2196610193430768,1.6598648117275072,14.220000267028809
2012-11-09,5686.25,11475.4658203125,14.369999885559082,6110.4501953125,5751.5498046875,4495.25,0.21766506051945633,-0.20096170244128242,14.369999885559082
2012-11-12,5683.7001953125,11583.71484375,14.859999656677246,6138.64990234375,5750.89990234375,4490.85009765625,0.3575558944044488,-0.35938430100763696,14.859999656677246
2012-11-15,5631.0,11521.2666015625,15.529999732971191,6000.5,5683.85009765625,4441.0498046875,-0.32746260731038035,-1.631610368547265,15.529999732971191
2012-11-16,5574.0498046875,11335.3681640625,16.219999313354492,6030.5,5658.85009765625,4374.10009765625,-2.266231908302807,-3.229983677617909,16.219999313354492
2012-11-19,5571.39990234375,11306.818359375,16.68000030517578,6013.85009765625,5624.5498046875,4413.7001953125,-2.5774621839871226,-2.9161419761489893,16.68000030517578
2012-11-20,5571.5498046875,11318.16796875,15.8100004196167,5990.85009765625,5631.0498046875,4439.7998046875,-2.7864810523446026,-2.0171500604528436,15.8100004196167
2012-11-21,5614.7998046875,11465.216796875,15.460000038146973,6043.60009765625,5689.2998046875,4437.4501953125,-2.985698563360095,-1.2122453376732345,15.460000038146973
2012-11-22,5627.75,11508.2158203125,14.90999984741211,6087.9501953125,5694.4501953125,4428.9501953125,-2.074147004261939,-0.057716213816372264,14.90999984741211
2012-11-23,5626.60009765625,11475.666015625,14.680000305175781,6099.10009765625,5680.85009765625,4443.5,-0.870329498656619,0.9427668357853136,14.680000305175781
2012-11-26,5635.89990234375,11432.3173828125,14.670000076293945,6174.4501953125,5698.39990234375,4434.5,-1.2042946768648255,1.1576982648986656,14.670000076293945
2012-11-27,5727.4501953125,11657.2646484375,13.960000038146973,6252.2998046875,5748.0498046875,4480.64990234375,1.3322416119488478,2.7981512521675134,13.960000038146973
2012-11-29,5825.0,11992.66015625,15.369999885559082,6226.60009765625,5833.85009765625,4566.9501953125,2.048864311177856,3.7436810327060144,15.369999885559082
2012-11-30,5879.85009765625,12158.7587890625,15.149999618530273,6263.25,5869.75,4556.0,3.59053038612247,4.479589492359293,15.149999618530273
2012-12-03,5870.9501953125,12103.759765625,15.619999885559082,6269.85009765625,5854.85009765625,4568.4501953125,3.2300355235394873,4.342766384944152,15.619999885559082
2012-12-04,5889.25,12197.0087890625,15.90999984741211,6233.85009765625,5870.0,4550.64990234375,4.271423512747874,4.495290939267593,15.90999984741211
2012-12-05,5900.5,12281.45703125,16.6200008392334,6149.4501953125,5870.7998046875,4554.39990234375,4.244512168190462,3.0214109033916747,16.6200008392334
2012-12-06,5930.89990234375,12427.4052734375,15.239999771118164,6063.7001953125,5875.5,4592.10009765625,3.710628285867923,1.818024074570812,15.239999771118164
2012-12-07,5907.39990234375,12363.556640625,14.960000038146973,6006.25,5887.14990234375,4618.14990234375,3.925758056801687,0.4685460382481743,14.960000038146973
2012-12-10,5908.89990234375,12381.5068359375,14.510000228881836,5969.4501953125,5955.0498046875,4604.2998046875,3.353943892942035,0.6463980406706593,14.510000228881836
2012-12-11,5898.7998046875,12344.4560546875,14.670000076293945,5917.60009765625,5973.2998046875,4605.0,3.64409294553949,0.16215655113129834,14.670000076293945
2012-12-12,5888.0,12301.5576171875,14.510000228881836,5935.9501953125,5984.9501953125,4647.39990234375,3.2022891270743203,-0.21184645369036748,14.510000228881836
2012-12-13,5851.5,12269.0078125,14.710000038146973,5909.5,5950.2001953125,4685.5498046875,3.281204093819712,-1.338749661115901,14.710000038146973
2012-12-14,5879.60009765625,12424.5556640625,14.229999542236328,5947.75,5918.89990234375,4714.2998046875,5.0322478112650115,-0.4705929029194422,14.229999542236328
2012-12-17,5857.89990234375,12427.3056640625,14.920000076293945,5877.2001953125,5945.25,4744.60009765625,4.238655066153485,-0.8631048222660032,14.920000076293945
2012-12-18,5896.7998046875,12477.0048828125,14.4399995803833,5902.2001953125,5985.0,4769.39990234375,4.459659501869284,-0.033905202180462,14.4399995803833
2012-12-19,5929.60009765625,12510.1044921875,14.470000267028809,5976.25,6084.64990234375,4847.2998046875,4.070061505421685,0.7065233976944585,14.470000267028809
2012-12-20,5916.39990234375,12486.3544921875,14.319999694824219,5994.9501953125,6072.39990234375,4814.2001953125,3.720060652948809,1.1091156514355216,14.319999694824219
2012-12-21,5847.7001953125,12314.90625,14.630000114440918,5981.2998046875,5972.14990234375,4752.89990234375,2.1539426852108523,-0.542552245287331,14.630000114440918
2012-12-24,5855.75,12317.556640625,14.489999771118164,6037.25,6010.85009765625,4773.9501953125,1.6605597250413995,-0.03670090611977983,14.489999771118164
2012-12-26,5905.60009765625,12479.3046875,14.100000381469727,6023.60009765625,6061.10009765625,4792.60009765625,2.9074292773905386,0.14923845577654582,14.100000381469727
2012-12-27,5870.10009765625,12459.5556640625,13.739999771118164,5967.64990234375,6044.64990234375,4783.5498046875,3.233239791712461,-1.0034403504465383,13.739999771118164
2012-12-28,5908.35009765625,12458.005859375,13.630000114440918,6044.25,6035.5,4801.5,3.952529067754562,-0.13605917146187751,13.630000114440918
2012-12-31,5905.10009765625,12474.10546875,14.949999809265137,6024.9501953125,6035.0,4830.5498046875,4.867698413359078,0.9815807997434867,14.949999809265137
2013-01-01,,12654.0029296875,13.6899995803833,6033.2998046875,6056.60009765625,4869.5,5.939134104800292,0.8427630560773558,13.6899995803833
2013-01-02,5993.25,12786.701171875,13.710000038146973,6031.0,6070.25,4911.2998046875,7.571707381457005,1.4841828246808575,13.710000038146973
2013-01-03,6009.5,12778.001953125,13.470000267028809,6097.60009765625,6075.7998046875,4905.35009765625,7.860473488795527,2.3747448940335536,13.470000267028809
2013-01-04,6016.14990234375,12787.201171875,13.369999885559082,6153.2001953125,6080.39990234375,4892.89990234375,7.14807493797347,1.8245331252503494,13.369999885559082
2013-01-07,5988.39990234375,12708.552734375,13.920000076293945,6175.4501953125,6104.4501953125,4913.2001953125,6.408420813713289,1.4106417047961894,13.920000076293945
2013-01-08,6001.7001953125,12725.3525390625,13.270000457763672,6147.89990234375,6156.5498046875,4915.2998046875,6.666549801762112,1.635875701659839,13.270000457763672
2013-01-09,5971.5,12717.8525390625,13.319999694824219,6101.0498046875,6169.25,4951.75,5.9546852050492705,-0.3629082718057841,13.319999694824219
2013-01-10,5968.64990234375,12802.1015625,13.270000457763672,6073.10009765625,6117.10009765625,4970.89990234375,4.211292962942825,-0.6797586763665819,13.270000457763672
2013-01-11,5951.2998046875,12617.703125,13.229999542236328,6639.85009765625,6056.10009765625,4908.35009765625,2.168236990343342,-1.0779335407016033,13.229999542236328
2013-01-14,6024.0498046875,12758.6015625,13.699999809265137,6809.5,6031.35009765625,4882.10009765625,2.452438491395026,0.5953159930050411,13.699999809265137
2013-01-15,6056.60009765625,12855.2509765625,13.579999923706055,6791.5,6032.2001953125,4903.25,3.1621781171296215,0.9147391665219828,13.579999923706055
2013-01-16,6001.85009765625,12638.353515625,13.989999771118164,6777.9501953125,6018.2001953125,4784.0498046875,1.9119598871885302,0.5082491443732629,13.989999771118164
2013-01-17,6039.2001953125,12649.4521484375,14.010000228881836,6869.4501953125,6001.89990234375,4806.60009765625,2.3506515602491396,1.1820142598922834,14.010000228881836
2013-01-18,6064.39990234375,12679.8525390625,13.890000343322754,6798.7001953125,5960.75,4778.25,2.25092316845954,1.9004268204933616,13.890000343322754
2013-01-21,6082.2998046875,12651.2021484375,13.65999984741211,6789.39990234375,5940.89990234375,4765.10009765625,2.960691763467027,0.966957476923147,13.65999984741211
2013-01-22,6048.5,12574.203125,13.890000343322754,6739.64990234375,5926.25,4739.2998046875,2.362539558351262,-0.13374001132061553,13.890000343322754
2013-01-23,6054.2998046875,12635.0537109375,13.670000076293945,6725.7998046875,5910.7998046875,4699.60009765625,2.6361294695309345,0.8738923194988146,13.670000076293945
2013-01-24,6019.35009765625,12561.25390625,14.460000038146973,6742.39990234375,5857.64990234375,4579.89990234375,2.230810082477075,-0.3286875250742227,14.460000038146973
2013-01-25,6074.64990234375,12693.1025390625,14.770000457763672,6800.75,5949.4501953125,4679.0498046875,3.813550411753397,0.16901919670631038,14.770000457763672
2013-01-28,6074.7998046875,12781.201171875,15.170000076293945,6822.7001953125,5936.39990234375,4723.25,3.319948700406705,-0.12330862076578297,15.170000076293945
2013-01-29,6049.89990234375,12722.65234375,14.470000267028809,6792.2998046875,5914.9501953125,4680.7998046875,3.2776251421295255,0.023144620050419284,14.470000267028809
2013-01-30,6055.75,12767.3515625,14.380000114440918,6787.85009765625,5929.2998046875,4658.5498046875,2.695533180321763,0.023953146677291315,14.380000114440918
2013-01-31,6034.75,12708.4521484375,14.130000114440918,6778.0,5935.25,4649.89990234375,1.7733051236509478,0.2558399510562914,14.130000114440918
2013-02-01,5998.89990234375,12606.103515625,13.760000228881836,6752.64990234375,5989.64990234375,4591.0498046875,1.3944290677058158,-1.246985443075066,13.760000228881836
2013-02-04,5987.25,12548.2041015625,14.34000015258789,6750.25,5907.5,4628.14990234375,2.3864049117867436,-1.4411965414883987,14.34000015258789
2013-02-05,5956.89990234375,12467.60546875,14.609999656677246,6728.7001953125,5963.75,4611.9501953125,1.7273603269222448,-1.5372155159785628,14.609999656677246
2013-02-06,5959.2001953125,12417.5556640625,14.260000228881836,6766.7998046875,5951.9501953125,4605.5,0.9076147515901356,-1.5943492496800604,14.260000228881836
2013-02-07,5938.7998046875,12349.15625,14.890000343322754,6799.0,5909.64990234375,4615.10009765625,1.170332803331231,-1.589961395459627,14.890000343322754
2013-02-08,5903.5,12280.0078125,15.15999984741211,6852.7001953125,5837.35009765625,4566.0498046875,-0.08208886704553775,-1.5902899514372182,15.15999984741211
2013-02-11,5897.85009765625,12332.8564453125,15.649999618530273,6832.0498046875,5886.5498046875,4571.2001953125,-0.12277522616217507,-1.493171361539103,15.649999618530273
2013-02-12,5922.5,12405.10546875,15.3100004196167,6791.89990234375,5957.75,4611.75,0.2946588890280877,-0.5774799460742219,15.3100004196167
2013-02-13,5932.9501953125,12384.9560546875,15.140000343322754,6884.14990234375,5948.25,4628.0,-1.0061286395111169,-0.4404953540686263,15.140000343322754
2013-02-14,5896.9501953125,12311.15625,15.09000015258789,6900.35009765625,5893.7998046875,4567.14990234375,-1.8728647090024086,-0.7046812613883402,15.09000015258789
2013-02-15,5887.39990234375,12336.40625,15.239999771118164,6864.14990234375,5865.35009765625,4585.35009765625,-2.1400730049934813,-0.27272122734395277,15.239999771118164
2013-02-18,5898.2001953125,12347.056640625,16.290000915527344,6834.7001953125,5864.7001953125,4586.2001953125,-1.5062405400806278,0.005936021608765607,16.290000915527344
2013-02-19,5939.7001953125,12413.505859375,15.8100004196167,6936.25,5938.25,4627.89990234375,-1.0330406048676632,0.2904211956521685,15.8100004196167
2013-02-20,5943.0498046875,12363.556640625,15.600000381469727,6972.0498046875,5924.39990234375,4619.64990234375,-0.47643297852298927,0.17022912787940658,15.600000381469727
2013-02-21,5852.25,12055.3603515625,16.940000534057617,6939.85009765625,5907.35009765625,4550.7998046875,-1.9501881371538077,-0.7580222628984057,16.940000534057617
2013-02-22,5850.2998046875,12068.8095703125,16.790000915527344,6992.85009765625,5944.14990234375,4526.7998046875,-1.6971082505446655,-0.6301609924863505,16.790000915527344
2013-02-25,5854.75,12037.16015625,16.729999542236328,7095.2001953125,5954.5498046875,4563.64990234375,-2.810398488999255,-0.7366687103471214,16.729999542236328
2013-02-26,5761.35009765625,11844.7119140625,17.360000610351562,7156.75,5833.7998046875,4436.0498046875,-4.874847195446408,-3.002678448265794,17.360000610351562
2013-02-27,5796.89990234375,11930.361328125,16.229999542236328,7072.5,5813.7998046875,4469.5498046875,-3.414783641339758,-2.459173440351725,16.229999542236328
2013-02-28,5693.0498046875,11487.2158203125,14.859999656677246,7106.64990234375,5778.2001953125,4424.7998046875,-5.731725715826985,-2.7203245813576027,14.859999656677246
2013-03-01,5719.7001953125,11539.916015625,14.0600004196167,7117.7001953125,5807.0,4481.60009765625,-5.683987081690168,-2.2323575497850245,14.0600004196167
2013-03-04,5698.5,11575.46484375,13.670000076293945,7101.64990234375,5817.89990234375,4454.25,-6.310109942158948,-2.668773218327003,13.670000076293945
2013-03-05,5784.25,11791.9130859375,13.390000343322754,7200.2001953125,5885.35009765625,4531.0498046875,-4.368851781433413,0.397474584178914,13.390000343322754
2013-03-06,5818.60009765625,11876.0625,13.399999618530273,7305.89990234375,5891.0,4546.60009765625,-3.893096057924994,0.374341383809762,13.399999618530273
2013-03-07,5863.2998046875,11970.111328125,13.069999694824219,7410.25,5919.2998046875,4578.0,-2.592477434225182,2.990488505121114,13.069999694824219
2013-03-08,5945.7001953125,12197.1083984375,13.34000015258789,7357.0,5973.5,4601.25,-2.122751254874755,3.9512560498400795,13.34000015258789
2013-03-11,5942.35009765625,12165.2587890625,14.25,7304.60009765625,6001.64990234375,4578.85009765625,-2.1803139410297545,4.279197993441253,14.25
2013-03-12,5914.10009765625,12054.3603515625,15.130000114440918,7253.2001953125,5974.85009765625,4584.60009765625,-2.244662008951437,2.2448908269222523,15.130000114440918
2013-03-13,5851.2001953125,11777.36328125,16.200000762939453,7170.39990234375,5985.89990234375,4520.85009765625,-3.3777782221442454,0.5602738993762735,16.200000762939453
2013-03-14,5908.9501953125,12020.6103515625,14.65999984741211,7212.39990234375,5989.64990234375,4534.75,-2.0845901601143413,0.7785784821800146,14.65999984741211
2013-03-15,5872.60009765625,11816.412109375,15.15999984741211,7224.35009765625,6003.85009765625,4498.60009765625,-2.1053827658993773,-1.2294615479246818,15.15999984741211
2013-03-18,5835.25,11735.36328125,15.850000381469727,7198.64990234375,6029.5498046875,4438.5498046875,-2.538728130610879,-1.8023188788303113,15.850000381469727
2013-03-19,5745.9501953125,11507.916015625,16.709999084472656,7152.5498046875,6020.25,4375.4501953125,-3.541266606616167,-2.8432035232272668,16.709999084472656
2013-03-20,5694.39990234375,11254.71875,16.65999984741211,7158.25,6026.7998046875,4373.2001953125,-4.443554240333148,-2.679797096916381,16.65999984741211
2013-03-21,5658.75,11238.21875,16.510000228881836,7168.0498046875,5980.2998046875,4283.10009765625,-4.71559597726221,-4.234257982255141,16.510000228881836
2013-03-22,5651.35009765625,11203.919921875,15.539999961853027,7119.7998046875,5949.75,4284.9501953125,-4.271193399572293,-3.7674964465620686,15.539999961853027
2013-03-25,5633.85009765625,11125.521484375,16.360000610351562,7105.9501953125,5939.75,4247.89990234375,-4.476207357404882,-3.4514357113019978,16.360000610351562
2013-03-26,5641.60009765625,11163.3203125,15.800000190734863,7137.0498046875,5953.75,4258.64990234375,-4.742927857218238,-1.8160633856760144,15.800000190734863
2013-03-28,5682.5498046875,11361.7177734375,15.220000267028809,7219.0498046875,5953.0,4224.60009765625,-4.220503836739365,-0.20810090368561518,15.220000267028809
2013-04-01,5704.39990234375,11425.4169921875,14.850000381469727,7264.35009765625,6007.2998046875,4195.0,-3.2652521488448216,0.8067135382151536,14.850000381469727
2013-04-02,5748.10009765625,11523.2666015625,14.100000381469727,7325.25,6135.7998046875,4210.85009765625,-2.3660666337961045,1.7119802937022977,14.100000381469727
2013-04-03,5672.89990234375,11343.9677734375,14.869999885559082,7271.89990234375,6148.9501953125,4111.5,-3.8198142739848673,0.6931282162396357,14.869999885559082
2013-04-04,5574.75,11126.12109375,15.850000381469727,7072.7001953125,6119.60009765625,4092.89990234375,-6.144252795797877,-1.1849492431060815,15.850000381469727
2013-04-05,5553.25,11098.8212890625,16.15999984741211,7047.35009765625,6132.0,4116.4501953125,-6.558918694910664,-2.2753835713123283,16.15999984741211
2013-04-08,5542.9501953125,11012.5224609375,16.770000457763672,6977.10009765625,6185.35009765625,4134.10009765625,-5.285143401042336,-2.8302662820836932,16.770000457763672
2013-04-09,5495.10009765625,10929.0234375,16.81999969482422,6905.7001953125,6147.0,4140.14990234375,-6.071478708606515,-4.401454318848053,16.81999969482422
2013-04-10,5558.7001953125,11122.12109375,16.489999771118164,7042.9501953125,6167.9501953125,4174.5,-5.056574656262014,-2.0130746002422595,16.489999771118164
2013-04-11,5594.0,11306.3681640625,16.969999313354492,7200.35009765625,6231.25,4206.89990234375,-2.90470280089955,0.3453069644378637,16.969999313354492
2013-04-12,5528.5498046875,11409.966796875,16.450000762939453,6354.89990234375,6242.10009765625,4180.5498046875,-4.62920012725686,-0.44478810268760993,16.450000762939453
2013-04-15,5568.39990234375,11526.1162109375,16.610000610351562,6342.7001953125,6190.25,4143.10009765625,-2.1895101328837208,0.4591364911193274,16.610000610351562
2013-04-16,5688.9501953125,11871.4619140625,16.25,6301.10009765625,6287.10009765625,4245.0498046875,-0.5376155908521363,3.5276900185845506,16.25
2013-04-17,5688.7001953125,11980.91015625,16.360000610351562,6235.85009765625,6344.0498046875,4298.2001953125,-0.17197165372466738,2.338676227036407,16.360000610351562
2013-04-18,5783.10009765625,12288.107421875,15.359999656677246,6232.60009765625,6355.39990234375,4397.75,-0.019879886653417778,3.3804093252815415,15.359999656677246
2013-04-22,5834.39990234375,12576.0537109375,16.219999313354492,6118.25,6364.0,4423.60009765625,0.2715396215984045,5.532193947080444,16.219999313354492
2013-04-23,5836.89990234375,12543.2548828125,15.069999694824219,6156.89990234375,6403.0,4424.2998046875,-0.4502567363627641,4.821851963020607,15.069999694824219
2013-04-25,5916.2998046875,12726.7021484375,14.199999809265137,6059.7998046875,6556.85009765625,4542.10009765625,-0.4944815523692081,3.9963367856925114,14.199999809265137
2013-04-26,5871.4501953125,12533.0048828125,13.880000114440918,5972.7001953125,6505.60009765625,4574.75,-1.193129000792359,3.2125088987917882,13.880000114440918
2013-04-29,5904.10009765625,12609.00390625,14.329999923706055,6015.4501953125,6492.9501953125,4605.14990234375,-0.16908743232064705,2.0923034005418284,14.329999923706055
2013-04-30,5930.2001953125,12561.4033203125,15.100000381469727,6047.7001953125,6550.14990234375,4632.4501953125,1.350150351431978,1.64199051440177,15.100000381469727
2013-05-02,5999.35009765625,12709.802734375,16.280000686645508,6205.89990234375,6574.5498046875,4647.7001953125,1.5298809324110207,2.783158834834043,16.280000686645508
2013-05-03,5944.0,12393.455078125,15.550000190734863,6224.7001953125,6586.75,4589.35009765625,1.2158141395026245,0.46820134589111717,15.550000190734863
2013-05-06,5971.0498046875,12396.255859375,15.84000015258789,6343.25,6610.0498046875,4658.2001953125,2.32723198984619,1.6963374645418305,15.84000015258789
2013-05-07,6043.5498046875,12631.353515625,16.5,6372.75,6678.64990234375,4705.7001953125,5.179293228433823,2.3619129880031453,16.5
2013-05-08,6069.2998046875,12642.9033203125,16.760000228881836,6380.14990234375,6676.60009765625,4687.10009765625,6.583659538724107,2.3456140567556405,16.760000228881836
2013-05-09,6050.14990234375,12596.1533203125,16.600000381469727,6426.4501953125,6560.2998046875,4675.64990234375,6.916720165120394,0.8467551294822018,16.600000381469727
2013-05-10,6094.75,12752.1513671875,16.860000610351562,6439.85009765625,6596.4501953125,4776.75,7.845911059865829,2.536170928667558,16.860000610351562
2013-05-13,5980.4501953125,12568.703125,17.510000228881836,6316.0,6654.0,4675.0,6.1521001029196665,0.15743279544613298,17.510000228881836
2013-05-14,5995.39990234375,12583.453125,17.170000076293945,6328.0498046875,6703.39990234375,4675.89990234375,6.271266990981572,-0.7967155711433693,17.170000076293945
2013-05-15,6146.75,13077.748046875,18.1299991607666,6359.7001953125,6827.2998046875,4788.2998046875,8.168871567647052,1.27609770162751,18.1299991607666
2013-05-16,6169.89990234375,13239.2958984375,17.739999771118164,6292.14990234375,6912.35009765625,4765.10009765625,8.16036757536478,1.9792898016230964,17.739999771118164
2013-05-17,6187.2998046875,13316.9453125,17.56999969482422,6331.0498046875,6885.14990234375,4761.0,7.640780424306293,1.5185168331350862,17.56999969482422
2013-05-20,6156.89990234375,13181.3466796875,17.709999084472656,6358.75,6759.25,4802.85009765625,8.531791646808994,2.950441877595633,17.709999084472656
2013-05-21,6114.10009765625,13066.34765625,17.8799991607666,6421.0,6726.2001953125,4729.7998046875,9.674875064464782,1.9798545092229336,17.8799991607666
2013-05-22,6094.5,13008.0986328125,17.719999313354492,6420.2001953125,6778.7998046875,4711.85009765625,9.746544816098691,-0.850042705494769,17.719999313354492
2013-05-23,5967.0498046875,12636.353515625,18.729999542236328,6378.4501953125,6725.60009765625,4637.60009765625,7.651153166298474,-3.2877372545248806,18.729999542236328
2013-05-24,5983.5498046875,12769.201171875,17.700000762939453,6330.7998046875,6664.14990234375,4645.0,8.888822739363423,-3.293035838438585,17.700000762939453
2013-05-27,6083.14990234375,12961.3994140625,17.030000686645508,6410.9501953125,6745.10009765625,4669.35009765625,9.434754323924576,-1.1978430893756387,17.030000686645508
2013-05-28,6111.25,12949.849609375,17.1200008392334,6431.60009765625,6698.35009765625,4736.14990234375,9.246514122273863,-0.046615161850926956,17.1200008392334
2013-05-29,6104.2998046875,12853.05078125,17.860000610351562,6396.25,6856.0498046875,4752.25,10.414123420066467,0.1607975172286391,17.860000610351562
2013-05-30,6124.0498046875,12805.751953125,16.040000915527344,6390.39990234375,6814.85009765625,4855.39990234375,9.97862783004999,2.6311159641514426,16.040000915527344
2013-05-31,5985.9501953125,12475.505859375,16.989999771118164,6472.0498046875,6729.25,4769.0498046875,5.220646864595824,0.04011649778730142,16.989999771118164
2013-06-03,5939.2998046875,12401.955078125,17.290000915527344,6551.64990234375,6715.25,4726.7001953125,4.405217374286918,-2.364730443364982,17.290000915527344
2013-06-04,5919.4501953125,12274.95703125,17.260000228881836,6516.64990234375,6839.10009765625,4706.75,2.3577336610775435,-3.13847092963796,17.260000228881836
2013-06-05,5923.85009765625,12289.20703125,16.780000686645508,6474.0,6858.35009765625,4713.2998046875,1.5331515975887555,-2.9561081992185656,16.780000686645508
2013-06-06,5921.39990234375,12398.255859375,17.350000381469727,6451.5498046875,6774.75,4713.14990234375,1.4476862960433712,-3.309083185258177,17.350000381469727
2013-06-07,5881.0,12231.357421875,17.350000381469727,6540.0498046875,6782.7001953125,4646.10009765625,-0.5966534126538359,-1.7532754514844595,17.350000381469727
2013-06-10,5878.0,12086.9091796875,18.110000610351562,6604.7001953125,6705.9501953125,4619.60009765625,0.11155344028515035,-1.0321049063581555,18.110000610351562
2013-06-11,5788.7998046875,11820.3623046875,19.489999771118164,6550.9501953125,6686.2001953125,4564.5498046875,-1.9528851317158535,-2.2071372562347036,19.489999771118164
2013-06-12,5760.2001953125,11814.7119140625,18.850000381469727,6438.60009765625,6731.5,4535.4501953125,-2.866682310900326,-2.762559815760657,18.850000381469727
2013-06-13,5699.10009765625,11686.6142578125,19.440000534057617,6334.60009765625,6607.2998046875,4419.35009765625,-5.004708761992371,-3.7541765182843245,19.440000534057617
2013-06-14,5808.39990234375,11922.7109375,18.350000381469727,6370.39990234375,6656.89990234375,4543.2001953125,-2.2812937021576385,-1.2344855918423714,18.350000381469727
2013-06-17,5850.0498046875,11970.9111328125,18.18000030517578,6423.2001953125,6674.4501953125,4625.9501953125,-2.0264443265070486,-0.4755051941561783,18.18000030517578
2013-06-18,5813.60009765625,11820.8125,18.290000915527344,6451.9501953125,6671.25,4617.89990234375,-3.804878167015291,0.4284185635279325,18.290000915527344
2013-06-19,5822.25,11852.5126953125,18.459999084472656,6435.10009765625,6647.5,4591.0498046875,-4.070482800943465,1.077216113738455,18.459999084472656
2013-06-20,5655.89990234375,11375.2685546875,19.190000534057617,6290.14990234375,6617.10009765625,4512.7001953125,-6.516367467974183,-0.7580178374172797,19.190000534057617
2013-06-21,5667.64990234375,11340.0185546875,19.030000686645508,6381.85009765625,6597.85009765625,4505.64990234375,-7.007672138418308,-2.423214695379461,19.030000686645508
2013-06-24,5590.25,11178.169921875,21.010000228881836,6309.4501953125,6552.7998046875,4439.75,-6.524595683755385,-4.440984493488054,21.010000228881836
2013-06-25,5609.10009765625,11180.919921875,21.139999389648438,6268.85009765625,6515.75,4457.0498046875,-6.44327002334717,-3.517613811834841,21.139999389648438
2013-06-26,5588.7001953125,11066.4208984375,21.06999969482422,6378.35009765625,6442.5498046875,4379.89990234375,-9.078778292390288,-4.011332469191464,21.06999969482422
2013-06-27,5682.35009765625,11235.619140625,18.850000381469727,6587.14990234375,6597.7001953125,4404.5498046875,-7.902069926649791,0.46765670837878304,18.850000381469727
2013-06-28,5842.2001953125,11617.115234375,17.950000762939453,6634.14990234375,6756.2998046875,4539.4501953125,-5.577547884677458,3.0797649109654435,17.950000762939453
2013-07-01,5898.85009765625,11714.7646484375,18.09000015258789,6526.4501953125,6838.85009765625,4630.14990234375,-4.1912294950461675,5.520327313738216,18.09000015258789
2013-07-02,5857.5498046875,11614.115234375,18.209999084472656,6474.25,6880.9501953125,4589.35009765625,-4.196043389395843,4.42940405244443,18.209999084472656
2013-07-03,5770.89990234375,11357.66796875,18.90999984741211,6451.2998046875,6918.85009765625,4556.75,-5.309707074513903,3.2601445893281067,18.90999984741211
2013-07-04,5836.9501953125,11381.068359375,18.579999923706055,6633.2001953125,6968.14990234375,4588.25,-2.1803003767925433,2.720707013811352,18.579999923706055
2013-07-05,5867.89990234375,11434.1669921875,18.670000076293945,6604.7001953125,6983.9501953125,4593.2001953125,-1.9327975218514926,0.43989774694592754,18.670000076293945
2013-07-08,5811.5498046875,11283.1689453125,19.34000015258789,6607.9501953125,6979.35009765625,4524.60009765625,-4.464793766657083,-1.4799544237178774,19.34000015258789
2013-07-09,5859.0,11442.3173828125,19.31999969482422,6653.89990234375,7097.4501953125,4535.10009765625,-4.1276334628758455,0.02475771202730126,19.31999969482422
2013-07-10,5816.7001953125,11364.318359375,19.979999542236328,6690.9501953125,7117.0498046875,4470.64990234375,-4.711426675900676,0.7936421311024455,19.979999542236328
2013-07-11,5935.10009765625,11655.1640625,18.889999389648438,6799.5,7174.2998046875,4489.7998046875,-3.0853718218722403,1.6815271513293206,18.889999389648438
2013-07-12,6009.0,11722.6630859375,18.690000534057617,7249.39990234375,7251.4501953125,4492.9501953125,0.38506509301647895,2.4046098264200344,18.690000534057617
2013-07-15,6030.7998046875,11790.11328125,18.790000915527344,7225.39990234375,7272.10009765625,4515.0,1.5405856415563468,3.7726597442760745,18.790000915527344
2013-07-16,5955.25,11226.01953125,18.989999771118164,7208.7998046875,7235.89990234375,4485.5498046875,0.6047825981515764,1.6427718040621375,18.989999771118164
2013-07-17,5973.2998046875,10971.4716796875,19.360000610351562,7272.0,7234.2998046875,4449.75,0.8347562179335855,2.6922413759814967,19.360000610351562
2013-07-18,6038.0498046875,11187.5703125,18.270000457763672,7306.35009765625,7301.60009765625,4462.2998046875,1.9699717004010964,1.734590914008427,18.270000457763672
2013-07-19,6029.2001953125,10973.7724609375,18.1299991607666,7503.7001953125,7241.2998046875,4536.5,2.5199829163832677,0.33616567336496317,18.1299991607666
2013-07-22,6031.7998046875,11086.8212890625,17.6299991607666,7556.5498046875,7235.85009765625,4584.60009765625,2.6165329140438898,0.01658154859034422,17.6299991607666
2013-07-23,6077.7998046875,11239.5693359375,16.719999313354492,7604.0,7240.60009765625,4600.10009765625,4.992399283975613,2.057844837538303,16.719999313354492
2013-07-24,5990.5,10720.025390625,16.90999984741211,7669.25,7257.0,4536.35009765625,3.998121538812338,0.2879513145983781,16.90999984741211
2013-07-25,5907.5,10613.876953125,16.719999313354492,7678.14990234375,7129.9501953125,4547.5498046875,3.6567159511631475,-2.162118712339056,16.719999313354492
2013-07-26,5886.2001953125,10465.1279296875,16.780000686645508,7663.0,7158.35009765625,4527.75,1.339444498946385,-2.3717905421547947,16.780000686645508
2013-07-29,5831.64990234375,10330.8798828125,18.25,7673.2998046875,7132.75,4535.39990234375,-0.31452556744058224,-3.318245114637375,18.25
2013-07-30,5755.0498046875,10209.4306640625,18.1200008392334,7718.85009765625,7056.10009765625,4441.39990234375,-1.0071262554222526,-5.310309822167547,18.1200008392334
2013-07-31,5742.0,10015.6337890625,18.770000457763672,7787.35009765625,7107.85009765625,4474.0,-1.3783331186396963,-4.148234704949505,18.770000457763672
2013-08-01,5727.85009765625,10142.83203125,19.809999465942383,7777.10009765625,7102.4501953125,4411.5498046875,1.272126391110362,-3.0410478602412194,19.809999465942383
2013-08-02,5677.89990234375,9997.68359375,20.889999389648438,7858.35009765625,7036.10009765625,4390.35009765625,0.18085097309488152,-3.5387904939867765,20.889999389648438
2013-08-05,5685.39990234375,10094.783203125,20.799999237060547,7916.5,6995.9501953125,4369.4501953125,1.7020688223916558,-2.507866597774022,20.799999237060547
2013-08-06,5542.25,9702.9873046875,22.729999542236328,7877.14990234375,6927.9501953125,4329.75,-1.1918150236645442,-3.697618820156412,22.729999542236328
2013-08-07,5519.10009765625,9757.13671875,22.040000915527344,7767.75,6877.5498046875,4268.75,-1.2453718257176671,-3.8819209742903205,22.040000915527344
2013-08-08,5565.64990234375,9816.2861328125,21.190000534057617,7801.4501953125,6856.10009765625,4344.75,-2.053731172963702,-2.831781428408364,21.190000534057617
2013-08-12,5612.39990234375,9711.287109375,21.280000686645508,7841.4501953125,6986.0,4384.35009765625,-3.933454611040732,-1.1535955393113362,21.280000686645508
2013-08-13,5699.2998046875,9985.5341796875,19.260000228881836,7976.25,7101.85009765625,4480.60009765625,-3.382867671921952,0.24448416263593842,19.260000228881836
2013-08-14,5742.2998046875,10026.2841796875,18.700000762939453,7956.10009765625,7085.14990234375,4622.4501953125,-1.9675462239821084,3.609541335874411,18.700000762939453
2013-08-16,5507.85009765625,9450.740234375,23.639999389648438,7774.2001953125,6960.75,4512.60009765625,-4.558211182638372,-0.2038375786077462,23.639999389648438
2013-08-19,5414.75,9144.8935546875,25.59000015258789,7793.2001953125,6778.0498046875,4368.5498046875,-7.233232787416243,-2.711271908788304,25.59000015258789
2013-08-20,5401.4501953125,9218.8427734375,27.229999542236328,7693.5,6694.75,4274.2001953125,-7.9491762776140895,-3.758636424734396,27.229999542236328
2013-08-21,5302.5498046875,9264.29296875,28.09000015258789,7594.0498046875,6497.2001953125,4210.2001953125,-8.758421025480146,-6.9613814608188385,28.09000015258789
2013-08-22,5408.4501953125,9268.79296875,29.059999465942383,7777.5,6676.5,4281.75,-7.689875485364395,-5.813865885276048,29.059999465942383
2013-08-23,5471.75,9469.9892578125,25.75,7893.2001953125,6710.2001953125,4355.4501953125,-5.930341666749217,-0.6554299230404181,25.75
2013-08-26,5476.5,9373.4404296875,26.3799991607666,7958.64990234375,6785.5,4357.75,-7.726914291426179,1.140403527402012,26.3799991607666
2013-08-27,5287.4501953125,8870.396484375,29.420000076293945,7975.7998046875,6649.0498046875,4244.35009765625,-12.007818350599099,-2.110544314542262,29.420000076293945
2013-08-28,5285.0,8760.748046875,32.380001068115234,8175.2998046875,6727.25,4249.39990234375,-12.366515700087067,-0.3309691626467326,32.380001068115234
2013-08-29,5409.0498046875,8904.49609375,29.40999984741211,8246.900390625,6849.2001953125,4347.0,-9.171742501364344,0.011086528549708596,29.40999984741211
2013-08-30,5471.7998046875,9049.0947265625,27.809999465942383,8382.400390625,6980.5498046875,4345.60009765625,-8.395694446919466,0.0009102149677975291,27.809999465942383
2013-09-02,5550.75,9139.3935546875,27.549999237060547,8396.900390625,7046.60009765625,4354.5498046875,-8.070483358868552,1.3557929334429009,27.549999237060547
2013-09-03,5341.4501953125,8664.099609375,32.4900016784668,8259.400390625,6871.4501953125,4291.39990234375,-11.406985631936761,1.0212862155727365,32.4900016784668
2013-09-04,5448.10009765625,8845.6474609375,31.110000610351562,8454.099609375,7046.2998046875,4398.9501953125,-9.67704045113763,3.0860945630321712,31.110000610351562
2013-09-05,5592.9501953125,9682.2880859375,28.530000686645508,8203.400390625,7023.5,4443.0,-7.977386964951694,3.399864990439383,28.530000686645508
2013-09-06,5680.39990234375,9961.2841796875,28.649999618530273,8216.5,7103.7998046875,4432.85009765625,-5.176531135234952,3.812275761213879,28.649999618530273
2013-09-10,5896.75,10188.1318359375,29.440000534057617,8411.0498046875,7192.7001953125,4697.9501953125,-0.18197206940330224,6.233391883979644,29.440000534057617
2013-09-11,5913.14990234375,10368.9794921875,29.75,8373.25,7266.64990234375,4706.10009765625,0.45784557332440023,10.703080364447782,29.75
2013-09-12,5850.7001953125,10158.431640625,29.709999084472656,8270.150390625,7275.64990234375,4627.75,0.3266707241992295,7.389733860239578,29.709999084472656
2013-09-13,5850.60009765625,10180.33203125,28.290000915527344,8172.64990234375,7287.89990234375,4662.0498046875,1.6602861176096884,4.606690446835882,28.290000915527344
2013-09-16,5840.5498046875,10368.2802734375,28.81999969482422,8017.2001953125,7107.0,4683.10009765625,1.7162975389672486,2.8193420374799993,28.81999969482422
2013-09-17,5850.2001953125,10279.48046875,27.93000030517578,8154.25,7096.4501953125,4713.4501953125,2.136056209053261,-0.789414587484627,27.93000030517578
2013-09-18,5899.4501953125,10447.728515625,27.690000534057617,8159.10009765625,7152.60009765625,4716.75,3.901976025982723,-0.23168205199431968,27.690000534057617
2013-09-19,6115.5498046875,11148.5205078125,24.5,8156.9501953125,7245.9501953125,4847.25,7.565868887541671,4.52680193025774,24.5
2013-09-20,6012.10009765625,10686.67578125,24.729999542236328,8132.7998046875,7260.7001953125,4773.4501953125,8.47760562328026,2.7604005965934375,24.729999542236328
2013-09-23,5889.75,10211.5810546875,27.020000457763672,8200.7001953125,7185.60009765625,4714.39990234375,6.7157669871062975,0.8423897913345968,27.020000457763672
2013-09-24,5892.4501953125,10175.7822265625,26.719999313354492,8169.10009765625,7205.0498046875,4769.75,5.871736431555474,0.7221975075973219,26.719999313354492
2013-09-25,5873.85009765625,10081.5830078125,25.68000030517578,8187.5498046875,7299.85009765625,4769.14990234375,4.658438455237612,-0.4339403979813361,25.68000030517578
2013-09-26,5882.25,10098.1328125,24.0,8157.7998046875,7362.85009765625,4766.64990234375,3.2100468756184553,-3.814862312276135,24.0
2013-09-27,5833.2001953125,9899.634765625,24.059999465942383,8166.5498046875,7364.60009765625,4748.75,1.5829962509236628,-2.9756640680931423,24.059999465942383
2013-09-30,5735.2998046875,9617.6884765625,26.649999618530273,8167.7998046875,7361.0498046875,4681.9501953125,4.129555143994135,-2.6223557080096827,26.649999618530273
2013-10-01,5780.0498046875,9883.1845703125,25.770000457763672,8181.64990234375,7382.5,4727.10009765625,6.746383576111548,-1.9075322980992793,25.770000457763672
2013-10-03,5909.7001953125,10222.8310546875,25.170000076293945,8360.849609375,7467.2998046875,4843.5498046875,9.409510069000927,0.6103338876583653,25.170000076293945
2013-10-04,5907.2998046875,10197.0322265625,26.1299991607666,8352.349609375,7472.4501953125,4887.60009765625,11.40489052013045,0.4258541321348064,26.1299991607666
2013-10-07,5906.14990234375,10081.982421875,26.829999923706055,8461.5498046875,7552.64990234375,4888.2001953125,9.202261074024598,1.2505949494048263,26.829999923706055
2013-10-08,5928.39990234375,10141.33203125,26.549999237060547,8435.0,7565.85009765625,4889.7001953125,8.34559148981131,3.366870159053037,26.549999237060547
2013-10-09,6007.4501953125,10334.830078125,25.8700008392334,8564.4501953125,7710.60009765625,4917.0,9.695064280334154,3.9342289134011166,25.8700008392334
2013-10-10,6020.9501953125,10288.8310546875,25.8799991607666,8603.7998046875,7731.5498046875,5006.2998046875,13.872471094862938,1.8824982033478044,25.8799991607666
2013-10-11,6096.2001953125,10622.02734375,23.59000015258789,8870.150390625,7642.0498046875,5099.4501953125,15.349104925496682,3.197745109789518,23.59000015258789
2013-10-14,6112.7001953125,10665.1259765625,22.850000381469727,9061.75,7612.85009765625,5116.0498046875,13.00876153913788,3.49720708725636,22.850000381469727
2013-10-15,6089.0498046875,10389.12890625,23.239999771118164,9120.2998046875,7589.0,5085.89990234375,11.280566212806686,2.7098357902650694,23.239999771118164
2013-10-17,6045.85009765625,10336.4296875,21.059999465942383,8797.849609375,7546.9501953125,5024.9501953125,8.919517140138723,0.6392046724534195,21.059999465942383
2013-10-18,6189.35009765625,10744.775390625,20.1200008392334,8893.849609375,7632.2001953125,5091.9501953125,15.873964398055085,2.796899108629969,20.1200008392334
2013-10-21,6204.9501953125,10797.423828125,20.18000030517578,8854.900390625,7634.2998046875,5122.85009765625,13.892000589009811,1.7838981089174144,20.18000030517578
2013-10-22,6202.7998046875,10808.9736328125,19.959999084472656,8915.150390625,7648.14990234375,5099.89990234375,10.90389844497668,1.473973963979014,19.959999084472656
2013-10-23,6178.35009765625,10880.5244140625,20.350000381469727,8829.5498046875,7582.64990234375,5059.75,8.766111609625305,1.466571892711488,20.350000381469727
2013-10-24,6164.35009765625,10902.3232421875,20.639999389648438,8681.650390625,7542.89990234375,5094.75,4.538094673442994,1.96002213230424,20.639999389648438
2013-10-25,6144.89990234375,10896.373046875,20.420000076293945,8812.5498046875,7473.2001953125,5039.35009765625,3.9192309315233764,-0.7181722573640137,20.420000076293945
2013-10-28,6101.10009765625,10773.0751953125,21.290000915527344,8783.2001953125,7397.5498046875,5034.85009765625,4.279827951949522,-1.6736652896054305,21.290000915527344
2013-10-29,6220.89990234375,11241.51953125,19.760000228881836,8822.099609375,7508.2998046875,5153.5498046875,6.329261930512775,0.2918052851322406,19.760000228881836
2013-10-30,6251.7001953125,11249.21875,19.530000686645508,8835.150390625,7605.75,5155.85009765625,7.039583675752925,1.1872117393294968,19.530000686645508
2013-10-31,6299.14990234375,11473.0166015625,18.389999389648438,8852.7998046875,7495.9501953125,5163.89990234375,7.674091348035805,2.186764258226548,18.389999389648438
2013-11-01,6307.2001953125,11628.515625,18.639999389648438,8799.5498046875,7502.7998046875,5228.85009765625,6.911661027734151,2.641219475468537,18.639999389648438
2013-11-05,6253.14990234375,11498.7666015625,19.940000534057617,8724.099609375,7413.2998046875,5248.0498046875,2.2500037126797823,2.4921703013184526,19.940000534057617
2013-11-06,6215.14990234375,11292.4189453125,20.25,8843.0498046875,7476.89990234375,5216.75,3.377352362557251,-0.09243035718728976,20.25
2013-11-07,6187.25,11054.771484375,19.8700008392334,8956.5498046875,7481.75,5167.85009765625,5.0511481811621906,-1.030922681814217,19.8700008392334
2013-11-08,6140.75,10913.0234375,19.639999389648438,8956.900390625,7491.5498046875,5137.39990234375,4.213863443173849,-2.514623477761868,19.639999389648438
2013-11-11,6078.7998046875,10758.3251953125,19.979999542236328,8962.849609375,7519.35009765625,5083.5,3.489188583703018,-3.6212643257264365,19.979999542236328
2013-11-12,6018.0498046875,10582.9267578125,20.860000610351562,8914.400390625,7523.64990234375,5003.5498046875,2.3086370808364176,-3.75970672905398,20.860000610351562
2013-11-13,5989.60009765625,10523.2275390625,20.450000762939453,8859.150390625,7518.75,5027.2998046875,2.6812023778890914,-3.6290324164578003,20.450000762939453
2013-11-14,6056.14990234375,10811.07421875,19.260000228881836,8862.0,7461.5,5177.89990234375,5.5943038477956675,-2.118875068184578,19.260000228881836
2013-11-18,6189.0,11142.169921875,18.81999969482422,8978.349609375,7517.7998046875,5233.7998046875,7.0752019295897695,0.7857346415340194,18.81999969482422
2013-11-19,6203.35009765625,11187.7197265625,19.299999237060547,9003.900390625,7497.10009765625,5250.39990234375,4.968947537756141,2.0489290151109563,19.299999237060547
2013-11-20,6122.89990234375,10967.0224609375,20.829999923706055,8915.349609375,7400.64990234375,5179.60009765625,3.649723304802799,1.742260384328853,20.829999923706055
2013-11-21,5999.0498046875,10706.7763671875,21.139999389648438,8767.099609375,7283.5498046875,5132.14990234375,1.5729350571831002,0.1577685801585904,21.139999389648438
2013-11-22,5995.4501953125,10677.2255859375,20.040000915527344,8785.4501953125,7293.2001953125,5071.60009765625,1.1310015193516598,-1.002282110087116,20.040000915527344
2013-11-25,6115.35009765625,11083.271484375,21.049999237060547,8783.7998046875,7337.2001953125,5175.5,1.7961014879148252,-1.1900129640289192,21.049999237060547
2013-11-26,6059.10009765625,10909.22265625,21.59000015258789,8758.2998046875,7272.64990234375,5201.10009765625,0.633619297722321,-2.325356424015157,21.59000015258789
2013-11-27,6057.10009765625,10899.1728515625,21.139999389648438,8702.400390625,7245.89990234375,5253.35009765625,-0.6413847380916882,-1.0746509944138172,21.139999389648438
2013-11-28,6091.85009765625,10906.623046875,20.709999084472656,8748.349609375,7268.10009765625,5275.9501953125,-0.34109472066434776,1.5469165282848252,20.709999084472656
2013-11-29,6176.10009765625,11153.8203125,21.3799991607666,8820.75,7351.7998046875,5283.14990234375,1.4296203145150344,3.013116554366335,21.3799991607666
2013-12-02,6217.85009765625,11284.21875,23.360000610351562,8854.0,7502.10009765625,5310.9501953125,2.844926639293921,1.6761100895807068,23.360000610351562
2013-12-03,6201.85009765625,11211.169921875,24.719999313354492,8867.7998046875,7478.0498046875,5287.2998046875,0.20195981488804193,2.3559604182016747,24.719999313354492
2013-12-04,6160.9501953125,11156.6201171875,23.709999084472656,8876.599609375,7441.39990234375,5230.0,-0.7091112517428333,1.7145184326148755,23.709999084472656
2013-12-05,6241.10009765625,11664.9638671875,21.68000030517578,8834.5498046875,7344.14990234375,5245.89990234375,0.6174678238012099,2.449994625728258,21.68000030517578
2013-12-06,6259.89990234375,11720.064453125,22.209999084472656,8827.7998046875,7365.75,5273.5,1.3199285148705941,1.356840131514403,22.209999084472656
2013-12-09,6363.89990234375,12065.759765625,19.15999984741211,8877.099609375,7384.75,5351.7001953125,3.237158849290056,2.3488794743146357,19.15999984741211
2013-12-10,6332.85009765625,11843.3125,17.979999542236328,9045.900390625,7406.60009765625,5347.5,3.058637216219151,2.11227291755256,17.979999542236328
2013-12-11,6307.89990234375,11784.212890625,17.540000915527344,9028.2001953125,7386.9501953125,5293.85009765625,3.3895494480895794,2.3851792722339393,17.540000915527344
2013-12-12,6237.0498046875,11635.365234375,17.739999771118164,8964.9501953125,7319.25,5180.89990234375,0.2596071725517568,-0.0648970999563181,17.739999771118164
2013-12-13,6168.39990234375,11366.7685546875,17.84000015258789,8957.599609375,7276.89990234375,5180.2001953125,-1.3324422215769127,-1.4616847142514544,17.84000015258789
2013-12-16,6154.7001953125,11372.818359375,18.360000610351562,9110.25,7313.75,5150.7001953125,-2.293161922968434,-3.2872878304418984,18.360000610351562
2013-12-17,6139.0498046875,11208.5205078125,18.329999923706055,9119.349609375,7442.5498046875,5140.85009765625,-2.6660068717966,-3.0602381231236486,18.329999923706055
2013-12-18,6217.14990234375,11357.7685546875,17.540000915527344,9167.900390625,7517.2998046875,5228.89990234375,-0.5757098512304437,-1.438672163556065,17.540000915527344
2013-12-19,6166.64990234375,11087.3212890625,16.579999923706055,9329.0,7597.64990234375,5216.35009765625,-0.7803512507672639,-1.1287372162851805,16.579999923706055
2013-12-20,6274.25,11292.21875,16.020000457763672,9488.25,7646.60009765625,5320.5498046875,1.4061174188856107,1.7160057605219547,16.020000457763672
2013-12-23,6284.5,11378.3681640625,16.260000228881836,9385.4501953125,7644.0498046875,5333.35009765625,2.340919268818964,2.1089541418501057,16.260000228881836
2013-12-24,6268.39990234375,11330.5185546875,15.579999923706055,9391.5,7641.0498046875,5331.89990234375,3.1190383586912285,2.1070051843769644,15.579999923706055
2013-12-26,6278.89990234375,11385.6171875,14.880000114440918,9430.099609375,7601.35009765625,5311.9501953125,4.33446226139691,0.9932203818460605,14.880000114440918
2013-12-27,6313.7998046875,11459.5673828125,14.65999984741211,9579.099609375,7661.2001953125,5309.0498046875,5.412710393772535,2.3862211196361782,14.65999984741211
2013-12-30,6291.10009765625,11375.8681640625,15.079999923706055,9499.599609375,7620.9501953125,5278.85009765625,3.879530710122836,0.268559551440406,15.079999923706055
2013-12-31,6304.0,11385.1171875,15.119999885559082,9517.849609375,7634.9501953125,5285.0,1.8581354015188234,0.3102872145755331,15.119999885559082
2014-01-01,,11385.466796875,15.579999923706055,9462.7998046875,7667.2998046875,5292.64990234375,1.6225088179655955,0.5679295866707346,15.579999923706055
2014-01-02,6221.14990234375,11183.0703125,16.549999237060547,9478.349609375,7625.10009765625,5253.5498046875,1.6046318177174834,-0.9197471037632465,16.549999237060547
2014-01-03,6211.14990234375,11181.5205078125,15.869999885559082,9673.2001953125,7663.10009765625,5194.89990234375,3.5355615399378815,-1.6258022984438125,15.869999885559082
2014-01-06,6191.4501953125,11048.9208984375,16.5,9640.75,7697.25,5204.7998046875,3.2691456623764603,-1.583982146157148,16.5
2014-01-07,6162.25,11036.6220703125,16.31999969482422,9522.75,7714.14990234375,5209.7001953125,0.7669209709142422,-2.2485723350253783,16.31999969482422
2014-01-08,6174.60009765625,11053.5712890625,16.31999969482422,9531.5498046875,7806.60009765625,5251.60009765625,1.9062236658654585,-2.0526634255036535,16.31999969482422
2014-01-09,6168.35009765625,10970.322265625,16.18000030517578,9575.849609375,7861.85009765625,5219.10009765625,1.8366874941202926,-0.8487145546454133,16.18000030517578
2014-01-10,6171.4501953125,10805.173828125,15.579999923706055,9782.7001953125,7880.35009765625,5165.64990234375,1.3066654034523006,-0.6391683932192582,15.579999923706055
2014-01-13,6272.75,11021.4716796875,15.949999809265137,10060.150390625,7828.35009765625,5210.64990234375,1.5649018120743818,1.3130979354247563,15.949999809265137
2014-01-14,6241.85009765625,10948.7734375,15.739999771118164,9996.7998046875,7884.7998046875,5184.0,0.38598550339845605,1.2917375578116674,15.739999771118164
2014-01-15,6320.89990234375,11125.271484375,15.420000076293945,10065.9501953125,7889.0,5239.9501953125,1.9195853303918264,2.369381050977415,15.420000076293945
2014-01-16,6318.89990234375,11092.4208984375,15.539999961853027,10127.75,7816.7998046875,5200.39990234375,2.5637231599668686,2.4406819052748663,15.539999961853027
2014-01-17,6261.64990234375,10911.22265625,15.40999984741211,9884.349609375,7816.10009765625,5197.85009765625,0.3292657442750757,1.4615642057641542,15.40999984741211
2014-01-20,6303.9501953125,11007.3720703125,15.350000381469727,10154.0,7812.60009765625,5239.4501953125,0.7036900534505008,0.4973926158782005,15.350000381469727
2014-01-21,6313.7998046875,11171.3701171875,15.550000190734863,10095.5498046875,7772.5498046875,5288.7001953125,-0.7872546461297869,1.1526984132199214,15.550000190734863
2014-01-22,6338.9501953125,11207.2197265625,15.850000381469727,10112.7998046875,7895.2001953125,5310.89990234375,0.0963246810232743,0.28556523988074733,15.850000381469727
2014-01-23,6345.64990234375,11198.8701171875,15.579999923706055,10086.349609375,7921.4501953125,5256.0498046875,0.5984559137657497,0.4233331816204,15.579999923706055
2014-01-24,6266.75,10982.2724609375,15.829999923706055,10010.5,7811.9501953125,5168.25,0.4761898051572233,0.08144974145458672,15.829999923706055
2014-01-27,6135.85009765625,10540.2783203125,18.670000076293945,9938.650390625,7742.9501953125,4998.7001953125,-0.5276863563131284,-2.6665835301371232,18.670000076293945
2014-01-28,6126.25,10507.4775390625,17.719999313354492,9837.9501953125,7665.89990234375,5010.2001953125,-0.46225152175841666,-2.970474365504261,17.719999313354492
2014-01-29,6120.25,10437.62890625,18.040000915527344,9896.7001953125,7716.2001953125,5010.89990234375,-0.30623313518559625,-3.4501011772300028,18.040000915527344
2014-01-30,6073.7001953125,10153.0322265625,17.25,9878.75,7683.4501953125,5021.25,-2.307322636328457,-4.285608428079302,17.25
2014-01-31,6089.5,10237.630859375,16.81999969482422,9957.4501953125,7701.2001953125,5009.85009765625,-1.2510828985836775,-2.8284198348426215,16.81999969482422
2014-02-03,6001.7998046875,10101.982421875,18.270000457763672,9792.099609375,7788.0,4912.39990234375,-4.342354788420922,-2.184706126050151,18.270000457763672
2014-02-04,6000.89990234375,10191.08203125,18.690000534057617,9611.650390625,7737.0498046875,4938.60009765625,-4.512691505390243,-2.0461146322179102,18.690000534057617
2014-02-05,6022.39990234375,10231.53125,18.93000030517578,9718.4501953125,7741.0498046875,5021.85009765625,-3.9244464908504084,-1.5987924946897603,18.93000030517578
2014-02-06,6036.2998046875,10205.08203125,18.940000534057617,9696.0498046875,7739.89990234375,5061.9501953125,-3.863735708952676,-0.6157760413308622,18.940000534057617
2014-02-07,6063.2001953125,10263.0810546875,18.549999237060547,9648.400390625,7872.0,5092.0498046875,-3.969077530601295,-0.43188775248378386,18.549999237060547
2014-02-10,6053.4501953125,10213.78125,19.049999237060547,9619.25,7932.5,5115.39990234375,-3.777557162574574,0.8605816972545588,19.049999237060547
2014-02-11,6062.7001953125,10245.3310546875,18.6299991607666,9710.25,7895.60009765625,5166.2001953125,-3.827725328164655,1.0298504220110916,18.6299991607666
2014-02-12,6084.0,10348.6796875,17.43000030517578,9739.7998046875,7878.0,5173.64990234375,-3.4898477157360386,1.0228496721427671,17.43000030517578
2014-02-13,6001.10009765625,10135.58203125,17.799999237060547,9721.349609375,7737.10009765625,5171.7001953125,-3.5371242960179905,-0.5831338430857147,17.799999237060547
2014-02-14,6048.35009765625,10203.6318359375,16.65999984741211,9855.4501953125,7725.7001953125,5198.89990234375,-2.6210896089638447,-0.24492177691461947,16.65999984741211
2014-02-17,,10326.4296875,15.829999923706055,9867.5,7773.4501953125,5236.2001953125,-2.3112533112935263,-0.08425108808526316,15.829999923706055
2014-02-18,6127.10009765625,10575.0771484375,15.40999984741211,9884.849609375,7797.39990234375,5275.39990234375,-0.5704069510933496,1.0622313535071815,15.40999984741211
2014-02-19,6152.75,10609.4765625,15.069999694824219,10033.0498046875,7888.14990234375,5275.35009765625,-0.35387065252280303,1.1300131492439247,15.069999694824219
2014-02-20,6091.4501953125,10428.1787109375,15.15999984741211,9971.7001953125,7901.39990234375,5259.64990234375,-1.2466851123279943,1.5055589172981332,15.15999984741211
2014-02-21,6155.4501953125,10554.2265625,14.039999961853027,10101.0498046875,7903.2998046875,5285.75,-0.2592583508516766,1.7707324464857122,14.039999961853027
2014-02-24,6186.10009765625,10683.3759765625,14.359999656677246,10067.650390625,8004.64990234375,5314.0,-1.3813702497907587,2.277480598442505,14.359999656677246
2014-02-25,6200.0498046875,10666.6259765625,13.949999809265137,10162.900390625,8001.75,5346.0,-0.6696779370662154,1.190607397766441,13.949999809265137
2014-02-26,6238.7998046875,10730.275390625,13.960000038146973,10200.849609375,8085.2998046875,5396.35009765625,-1.2988672329047324,1.3985584443947818,13.960000038146973
2014-02-28,6276.9501953125,10764.5751953125,14.180000305175781,10338.5498046875,8276.5,5467.25,-0.6638767456292549,3.0452518538647277,14.180000305175781
2014-03-03,6221.4501953125,10651.826171875,15.279999732971191,10209.099609375,8122.9501953125,5404.5,-0.6419986370717279,1.0722205184969358,15.279999732971191
2014-03-04,6297.9501953125,10928.9228515625,14.390000343322754,10196.5498046875,8081.25,5437.85009765625,-0.09517841693073015,1.8080874200310237,14.390000343322754
2014-03-05,6328.64990234375,11098.6708984375,13.84000015258789,10237.25,8065.85009765625,5434.64990234375,0.23520064169955113,2.0741784615830428,13.84000015258789
2014-03-06,6401.14990234375,11278.21875,14.479999542236328,10254.599609375,8046.10009765625,5478.9501953125,0.9812304106324277,2.602264902526108,14.479999542236328
2014-03-07,6526.64990234375,11884.6123046875,16.719999313354492,10054.900390625,7897.85009765625,5530.2998046875,2.852347715135495,3.978041871635707,16.719999313354492
2014-03-10,6537.25,12107.958984375,17.780000686645508,9809.5498046875,7751.7001953125,5552.85009765625,4.3164319623409275,5.075983810421514,17.780000686645508
2014-03-11,6511.89990234375,12043.0107421875,17.329999923706055,9828.599609375,7686.64990234375,5516.9501953125,6.128731939379395,3.397132406516823,17.329999923706055
2014-03-12,6516.89990234375,12023.9599609375,17.040000915527344,9877.599609375,7786.60009765625,5482.39990234375,6.376656230871247,2.974568081737039,17.040000915527344
2014-03-13,6493.10009765625,12141.30859375,16.81999969482422,9462.7001953125,7690.25,5509.35009765625,6.09207299793717,1.4364637091037746,16.81999969482422
2014-03-14,6504.2001953125,12055.7099609375,16.450000762939453,9439.0498046875,7767.2001953125,5555.60009765625,7.0879362852359185,-0.3439698370091504,16.450000762939453
2014-03-18,6516.64990234375,12114.708984375,17.1299991607666,9364.349609375,7772.0,5549.4501953125,7.014531609224894,-0.31511870673830433,17.1299991607666
2014-03-19,6524.0498046875,12186.408203125,16.8799991607666,9158.9501953125,7807.85009765625,5540.85009765625,8.701556482975569,0.1865799924132272,16.8799991607666
2014-03-20,6483.10009765625,12017.1103515625,16.90999984741211,9313.5,7820.9501953125,5493.64990234375,8.035464732950626,-0.518648516840714,16.90999984741211
2014-03-21,6493.2001953125,12092.208984375,16.18000030517578,9370.75,7787.10009765625,5542.39990234375,7.81748639417863,0.0015416003872559259,16.18000030517578
2014-03-24,6583.5,12408.005859375,16.540000915527344,9365.0498046875,7788.9501953125,5616.2998046875,9.065159336313467,1.2192091618682177,16.540000915527344
2014-03-25,6589.75,12449.85546875,16.920000076293945,9300.599609375,7789.85009765625,5644.60009765625,8.684354593710752,1.1217435147154342,16.920000076293945
2014-03-26,6601.39990234375,12518.2041015625,17.770000457763672,9222.900390625,7628.60009765625,5694.35009765625,9.051857855468203,1.1856147634046854,17.770000457763672
2014-03-27,6641.75,12604.8037109375,18.3700008392334,9217.099609375,7556.85009765625,5719.5498046875,9.551021591587272,2.4471302301981135,18.3700008392334
2014-03-28,6695.89990234375,12754.5517578125,18.6299991607666,9275.349609375,7632.2998046875,5738.7998046875,10.057526337011002,3.1217227396989955,18.6299991607666
2014-03-31,6704.2001953125,12741.9013671875,21.6200008392334,9298.0,7630.39990234375,5803.2001953125,11.716186802663863,1.8333742737525638,21.6200008392334
2014-04-01,6721.0498046875,12588.353515625,20.690000534057617,9439.75,7661.5,5813.14990234375,11.122036525166145,1.9924853702720124,20.690000534057617
2014-04-02,6752.5498046875,12715.15234375,21.209999084472656,9479.900390625,7761.2001953125,5879.0498046875,11.642839711016872,2.289664383005885,21.209999084472656
2014-04-03,6736.10009765625,12563.703125,22.110000610351562,9472.0,7840.60009765625,5869.0,9.939449173238678,1.4205608108743828,22.110000610351562
2014-04-04,6694.35009765625,12551.5546875,22.690000534057617,9389.400390625,7843.25,5811.0498046875,8.802569544614203,-0.023145577295102804,22.690000534057617
2014-04-07,6695.0498046875,12506.3046875,24.950000762939453,9374.4501953125,7825.4501953125,5824.2001953125,9.908964040114498,-0.13648743113903183,24.950000762939453
2014-04-09,6796.2001953125,12937.25,26.90999984741211,9276.900390625,8029.25,5927.7998046875,10.409474200407697,1.1181347082503068,26.90999984741211
2014-04-10,6796.39990234375,12949.25,28.719999313354492,9179.2001953125,7877.5498046875,5956.0498046875,9.865663262040103,0.6493857716652451,28.719999313354492
2014-04-11,6776.2998046875,12840.05078125,29.190000534057617,9312.0,7964.7998046875,5887.60009765625,9.294280177625836,0.5967801316556498,29.190000534057617
2014-04-15,6733.10009765625,12579.75390625,31.8799991607666,9491.599609375,7900.7998046875,5822.7001953125,7.9230029563917,0.578846332126659,31.8799991607666
2014-04-16,6675.2998046875,12563.00390625,31.15999984741211,9273.150390625,7877.14990234375,5784.5,6.34622861389722,-0.294994071383492,31.15999984741211
2014-04-17,6779.39990234375,12787.1015625,30.850000381469727,9390.2001953125,7941.60009765625,5915.2998046875,8.968161594408208,-0.247201266677477,30.850000381469727
2014-04-21,6817.64990234375,12958.349609375,34.38999938964844,9330.25,7920.25,5998.0,8.251886580780798,0.3126655333020034,34.38999938964844
2014-04-22,6815.35009765625,12986.9482421875,33.349998474121094,9279.2001953125,7941.75,5965.2001953125,7.690426912891102,0.5762775274750442,33.349998474121094
2014-04-23,6840.7998046875,13121.947265625,31.1299991607666,9272.0498046875,7974.35009765625,5979.2001953125,6.868295682042591,1.5995560064336445,31.1299991607666
2014-04-25,6782.75,13034.3486328125,30.68000030517578,9275.0,7989.2998046875,5961.39990234375,3.923913515941524,1.6096684561949903,30.68000030517578
2014-04-28,6761.25,13081.3974609375,31.389999389648438,9261.2998046875,8122.25,5907.5498046875,3.426517266434659,-0.26772137069942525,31.389999389648438
2014-04-29,6715.25,12910.3994140625,31.049999237060547,9251.599609375,8106.5,5844.25,3.1227460603787893,-1.5019824105157897,31.049999237060547
2014-04-30,6696.39990234375,12855.7001953125,30.59000015258789,9227.9501953125,8100.0,5866.5,2.754377122402074,-1.7453277323699945,30.59000015258789
2014-05-02,6694.7998046875,12841.8505859375,33.060001373291016,9319.5498046875,8157.0498046875,5849.0498046875,3.106369900320116,-2.134253364642491,33.060001373291016
2014-05-05,6699.35009765625,12880.5009765625,34.189998626708984,9223.5498046875,8078.5,5862.39990234375,3.0003674008126646,-1.229588328388187,34.189998626708984
2014-05-06,6715.2998046875,12965.8994140625,33.27000045776367,9179.7001953125,8087.4501953125,5876.7998046875,3.0483439393039102,-0.6796109493436897,33.27000045776367
2014-05-07,6652.5498046875,12938.0498046875,33.61000061035156,8946.5498046875,8070.4501953125,5838.35009765625,1.969635484813037,-0.9336986011317494,33.61000061035156
2014-05-08,6659.85009765625,13037.2490234375,34.29999923706055,8963.599609375,8047.9501953125,5875.89990234375,2.7263191580814583,-0.5458127534275214,34.29999923706055
2014-05-09,6858.7998046875,13750.33984375,37.709999084472656,9048.5,8009.0,6011.2001953125,5.630499574600045,2.4496624960341995,37.709999084472656
2014-05-12,7014.25,14084.8857421875,37.099998474121094,9132.349609375,7937.7001953125,6180.0498046875,6.542872332346006,4.7004544881736665,37.099998474121094
2014-05-13,7108.75,14165.384765625,32.04999923706055,9364.7998046875,7870.35009765625,6218.25,7.875867825031291,5.859011611631382,32.04999923706055
2014-05-14,7108.75,14206.9345703125,32.41999816894531,9349.650390625,7836.5,6213.2001953125,7.685492549483652,6.857523937529231,32.41999816894531
2014-05-15,7123.14990234375,14236.384765625,36.77000045776367,9314.400390625,7817.0,6192.5498046875,7.248088265046859,6.956610102238581,36.77000045776367
2014-05-16,7203.0,14852.8271484375,24.290000915527344,9111.400390625,7699.4501953125,6246.2001953125,7.573292687346633,5.018373550971167,24.290000915527344
2014-05-19,7263.5498046875,15221.9736328125,20.6299991607666,8675.099609375,7411.60009765625,6251.2001953125,8.343271278893049,3.5541904649463607,20.6299991607666
2014-05-20,7275.5,15111.0244140625,19.229999542236328,8878.900390625,7515.60009765625,6265.39990234375,8.249458215974048,2.3457007209424896,19.229999542236328
2014-05-21,7252.89990234375,14951.92578125,17.90999984741211,8952.849609375,7466.7001953125,6323.89990234375,7.409794997867558,2.027781288464925,17.90999984741211
2014-05-22,7276.39990234375,15055.375,17.84000015258789,8929.599609375,7470.4501953125,6333.4501953125,8.020958668287781,2.1514358408992074,17.84000015258789
2014-05-23,7367.10009765625,15285.322265625,17.700000762939453,8941.2998046875,7489.2998046875,6433.64990234375,10.04951922421171,2.2782187651846364,17.700000762939453
2014-05-26,7359.0498046875,15175.7236328125,19.84000015258789,9061.0,7447.60009765625,6502.0,9.917775361956306,1.3147841285313433,19.84000015258789
2014-05-27,7318.0,15083.82421875,19.100000381469727,9101.849609375,7453.60009765625,6435.64990234375,7.677816863714493,0.5841522919386888,19.100000381469727
2014-05-28,7329.64990234375,15173.1728515625,17.559999465942383,9237.25,7466.5,6374.75,7.8460656768608805,1.0581974249389337,17.559999465942383
2014-05-29,7235.64990234375,15030.125,16.690000534057617,8927.400390625,7484.4501953125,6375.25,6.778774713280766,-0.5600296925252102,16.690000534057617
2014-05-30,7229.9501953125,14793.228515625,16.34000015258789,8970.2998046875,7712.89990234375,6385.10009765625,7.379217454812537,-1.8616538465030863,16.34000015258789
2014-06-02,7362.5,15287.072265625,16.5,8981.9501953125,7615.2001953125,6470.5498046875,10.294671631526375,0.04688370651197982,16.5
2014-06-03,7415.85009765625,15257.322265625,15.800000190734863,8976.400390625,7579.0498046875,6509.2998046875,9.388001954162185,1.3371153000307556,15.800000190734863
2014-06-04,7402.25,15333.22265625,15.569999694824219,8863.900390625,7554.85009765625,6558.35009765625,8.574803723131597,0.9904988454228159,15.569999694824219
2014-06-05,7474.10009765625,15281.97265625,15.449999809265137,8984.599609375,7563.35009765625,6618.25,9.665681007737813,3.295491055133315,15.449999809265137
2014-06-06,7583.39990234375,15542.9697265625,15.979999542236328,8945.099609375,7672.7001953125,6724.89990234375,10.855457239771882,4.888687992075069,15.979999542236328
2014-06-09,7654.60009765625,15567.2197265625,17.100000381469727,9017.7001953125,7706.89990234375,6832.64990234375,12.853932367494746,3.9674037033107012,17.100000381469727
2014-06-10,7656.39990234375,15427.6201171875,16.65999984741211,9234.599609375,7834.2998046875,6835.7998046875,13.239414344148637,3.2437252846241327,16.65999984741211
2014-06-11,7626.85009765625,15450.3701171875,17.059999465942383,9436.400390625,7903.0498046875,6807.35009765625,13.575073119485491,3.034213889780135,17.059999465942383
2014-06-12,7649.89990234375,15464.669921875,16.899999618530273,9447.849609375,8002.64990234375,6858.7998046875,14.238994294027663,2.3521200196747083,16.899999618530273
2014-06-13,7542.10009765625,15106.724609375,17.760000228881836,9448.650390625,7986.35009765625,6738.60009765625,12.656096040026398,-0.5446080283163734,17.760000228881836
2014-06-16,7533.5498046875,15029.8251953125,17.979999542236328,9579.849609375,8023.4501953125,6668.7001953125,12.451949739469391,-1.5814058399447162,17.979999542236328
2014-06-17,7631.7001953125,15373.021484375,17.700000762939453,9620.0498046875,8037.10009765625,6703.85009765625,13.646455367269272,-0.3226021021144554,17.700000762939453
2014-06-18,7558.2001953125,15220.2236328125,18.579999923706055,9521.349609375,8046.60009765625,6643.2001953125,13.613583020255838,-0.900108189681692,18.579999923706055
2014-06-19,7540.7001953125,15067.2255859375,18.739999771118164,9698.900390625,8119.0,6658.89990234375,13.226275137427512,-1.427465828641672,18.739999771118164
2014-06-20,7511.4501953125,14997.4765625,18.850000381469727,9700.2001953125,8043.7001953125,6604.14990234375,9.51551888391553,-0.40638418937550824,18.850000381469727
2014-06-23,7493.35009765625,15076.1748046875,18.959999084472656,9548.2001953125,8082.14990234375,6651.89990234375,6.8303824023416615,-0.5336090962886675,18.959999084472656
2014-06-24,7580.2001953125,15309.322265625,19.190000534057617,9570.75,8058.7998046875,6727.2001953125,6.631970393001585,-0.6748168649448827,19.190000534057617
2014-06-25,7569.25,15237.6728515625,18.309999465942383,9587.900390625,8104.75,6791.7001953125,6.477932125901176,0.14619624251752672,18.309999465942383
2014-06-26,7493.2001953125,15049.8251953125,17.700000762939453,9579.400390625,8135.89990234375,6796.2998046875,5.195037280445147,-0.6299149783136504,17.700000762939453
2014-06-27,7508.7998046875,14992.17578125,17.6299991607666,9819.9501953125,8361.0,6750.39990234375,4.245450571810361,-0.03528467281396219,17.6299991607666
2014-06-30,7611.35009765625,15241.7236328125,17.8700008392334,9912.2998046875,8535.7001953125,6775.14990234375,4.788296388417401,1.5747295730504707,17.8700008392334
2014-07-01,7634.7001953125,15321.171875,17.65999984741211,9802.849609375,8496.849609375,6989.2001953125,4.937120408391182,0.7189783725461751,17.65999984741211
2014-07-02,7725.14990234375,15490.169921875,17.56999969482422,9807.599609375,8656.650390625,7100.39990234375,6.511188715666605,2.0596479485252894,17.56999969482422
2014-07-03,7714.7998046875,15451.470703125,17.809999465942383,9831.349609375,8749.599609375,7149.2998046875,6.024956135279758,2.957342705372068,17.809999465942383
2014-07-04,7751.60009765625,15555.9697265625,18.15999984741211,9866.9501953125,8796.4501953125,7153.2001953125,5.219149935567247,3.233543299651931,18.15999984741211
2014-07-07,7787.14990234375,15367.4208984375,19.40999984741211,10126.25,8883.2998046875,7201.85009765625,5.817328446174708,2.3097059316931734,19.40999984741211
2014-07-08,7623.2001953125,14997.326171875,19.18000030517578,10019.7001953125,8799.25,7034.5,4.170541067402289,-0.15062804963921206,19.18000030517578
2014-07-09,7585.0,14930.92578125,18.190000534057617,9903.2998046875,8717.150390625,6852.0,3.483796648658455,-1.8142030137334841,18.190000534057617
2014-07-10,7567.75,14821.5283203125,15.970000267028809,9816.2001953125,8714.849609375,6796.5,4.589775654411876,-1.9060741485236288,15.970000267028809
2014-07-11,7459.60009765625,14447.0322265625,15.720000267028809,9933.5498046875,8819.0498046875,6722.5,3.1763690777931286,-3.7669641921838637,15.720000267028809
2014-07-14,7454.14990234375,14489.58203125,15.5600004196167,9799.650390625,8770.5,6782.25,1.2448204053480572,-4.276275712886624,15.5600004196167
2014-07-15,7526.64990234375,14891.7275390625,14.770000457763672,9785.75,8725.849609375,6885.25,1.4940944494349795,-1.2665323026426423,14.770000457763672
2014-07-16,7624.39990234375,15265.2724609375,14.729999542236328,9809.0,8786.75,6989.5,3.0011132067107926,0.5194449880520757,14.729999542236328
2014-07-17,7640.4501953125,15268.8720703125,14.970000267028809,9819.75,8821.849609375,6981.60009765625,2.225687313291602,0.9606579936242587,14.970000267028809
2014-07-18,7663.89990234375,15389.1708984375,15.100000381469727,9946.9501953125,8829.400390625,6986.7001953125,1.0615291430842388,2.7387500940122766,15.100000381469727
2014-07-21,7684.2001953125,15385.771484375,14.899999618530273,9912.400390625,8831.900390625,6987.7001953125,0.3866968525934267,3.0862042752375807,14.899999618530273
2014-07-22,7767.85009765625,15427.169921875,14.640000343322754,10086.650390625,8920.2998046875,7019.39990234375,1.4556475201665364,3.204615578537684,14.640000343322754
2014-07-23,7795.75,15462.8203125,14.6899995803833,10306.849609375,8925.650390625,7033.0,2.2145433590684327,2.247391268178056,14.6899995803833
2014-07-24,7830.60009765625,15534.1689453125,14.720000267028809,10400.150390625,8917.400390625,7031.7998046875,2.3621249639768083,2.4887264164146883,14.720000267028809
2014-07-25,7790.4501953125,15322.072265625,14.220000267028809,10339.7001953125,9168.150390625,6945.10009765625,3.292850723811336,1.6512519028340833,14.220000267028809
2014-07-28,7748.7001953125,15211.9736328125,14.319999694824219,10383.4501953125,9204.150390625,6907.85009765625,2.8558965720400398,0.8393846901509239,14.319999694824219
2014-07-30,7791.39990234375,15452.220703125,13.890000343322754,10361.0498046875,9339.5498046875,6957.7001953125,2.092583604494047,0.3031701743910542,13.890000343322754
2014-07-31,7721.2998046875,15267.421875,13.819999694824219,10304.7001953125,9342.900390625,6907.14990234375,2.157915974177982,-0.9550100415290363,13.819999694824219
2014-08-01,7602.60009765625,15127.6240234375,15.220000267028809,10155.2998046875,9179.7001953125,6847.14990234375,0.8208773819469606,-2.911654243054018,15.220000267028809
2014-08-04,7683.64990234375,15242.1728515625,14.819999694824219,10370.150390625,9160.25,6936.64990234375,2.2924961565838675,-1.3709129805234088,14.819999694824219
2014-08-05,7746.5498046875,15293.072265625,13.949999809265137,10422.7001953125,9217.7001953125,7072.35009765625,3.3789920894053083,-0.02775163021923044,13.949999809265137
2014-08-06,7672.0498046875,15008.4755859375,14.300000190734863,10484.599609375,9129.349609375,7022.7001953125,1.2117042691273339,-1.5318184042940497,14.300000190734863
2014-08-07,7649.25,14986.67578125,14.140000343322754,10342.9501953125,9115.4501953125,7015.89990234375,1.056907883872249,-0.9331305157165293,14.140000343322754
2014-08-08,7568.5498046875,14765.578125,14.619999885559082,10318.25,9130.599609375,6918.64990234375,1.0055731518041622,-0.4478769438267194,14.619999885559082
2014-08-11,7625.9501953125,14846.626953125,14.0,10382.5498046875,9113.5,7093.2998046875,1.5601746440472075,-0.7509413854690283,14.0
2014-08-12,7727.0498046875,15056.525390625,13.470000267028809,10394.849609375,9236.2998046875,7223.7001953125,1.520094405680772,-0.25172496778114173,13.470000267028809
2014-08-13,7739.5498046875,14910.7275390625,13.760000228881836,10480.400390625,9324.0498046875,7230.89990234375,1.3733297535294842,0.8798170204624922,13.760000228881836
2014-08-14,7791.7001953125,15089.474609375,13.220000267028809,10468.25,9433.599609375,7270.64990234375,0.8614757488208724,1.8622766325129936,13.220000267028809
2014-08-18,7874.25,15439.5703125,13.5,10418.7001953125,9564.5498046875,7387.7998046875,2.066809241318457,4.039085468172088,13.5
2014-08-19,7897.5,15524.4697265625,13.90999984741211,10365.150390625,9616.099609375,7569.7998046875,1.882190780041193,3.56086517394798,13.90999984741211
2014-08-20,7875.2998046875,15481.5205078125,13.65999984741211,10399.099609375,9909.650390625,7524.39990234375,1.1319918513090332,1.9185847606426165,13.65999984741211
2014-08-21,7891.10009765625,15662.0185546875,13.729999542236328,10392.849609375,9934.150390625,7573.5,3.5142708505606635,1.9581280151070635,13.729999542236328
2014-08-22,7913.2001953125,15818.966796875,13.619999885559082,10543.400390625,9956.099609375,7582.14990234375,4.326963682432439,1.5593515786592294,13.619999885559082
2014-08-25,7906.2998046875,15668.818359375,13.789999961853027,10645.849609375,10000.0,7597.5,4.473586002279406,0.4070204106740416,13.789999961853027
2014-08-26,7904.75,15623.91796875,13.899999618530273,10671.0,10115.25,7595.64990234375,5.96747676170486,0.09180120291232274,13.899999618530273
2014-08-27,7936.0498046875,15717.4677734375,13.0600004196167,10743.7998046875,10104.349609375,7665.0,6.464853922406766,0.7713992039241502,13.0600004196167
2014-08-28,7954.35009765625,15740.2177734375,13.069999694824219,10679.650390625,10082.2998046875,7683.60009765625,5.68247760772449,0.8015358976219966,13.069999694824219
2014-09-01,8027.7001953125,16012.61328125,13.529999732971191,10705.2998046875,10099.0498046875,7789.35009765625,5.28960046868443,1.4469493652874643,13.529999732971191
2014-09-02,8083.0498046875,16130.3623046875,13.449999809265137,10746.5498046875,10306.599609375,7797.5,5.792847254557598,2.2355590398331238,13.449999809265137
2014-09-03,8114.60009765625,16109.8125,13.390000343322754,11005.099609375,10333.099609375,7850.85009765625,5.880820483767901,2.6547341491666376,13.390000343322754
2014-09-04,8095.9501953125,16033.36328125,13.079999923706055,10960.4501953125,10381.0498046875,7856.14990234375,5.358397615033184,2.0148612289523804,13.079999923706055
2014-09-05,8086.85009765625,15982.314453125,12.9399995803833,11025.5498046875,10384.4501953125,7805.60009765625,4.106670391286893,1.6657551952489635,12.9399995803833
2014-09-08,8173.89990234375,16206.51171875,12.789999961853027,11167.75,10485.0,7864.60009765625,4.850718690873235,1.8211904215932107,12.789999961853027
2014-09-09,8152.9501953125,16156.5625,12.760000228881836,11069.900390625,10503.349609375,7899.0,4.116543989428489,0.8647774331968616,12.760000228881836
2014-09-10,8094.10009765625,16151.5625,12.930000305175781,10942.4501953125,10482.2998046875,7882.64990234375,3.897719576289127,-0.25263105702425515,12.930000305175781
2014-09-11,8085.7001953125,16203.9619140625,12.520000457763672,10965.9501953125,10283.5498046875,7932.25,4.349116516391538,-0.1266065100787639,12.520000457763672
2014-09-12,8105.5,16253.9619140625,12.369999885559082,10958.5,10353.099609375,8009.7998046875,4.031369222387937,0.23062010694565593,12.369999885559082
2014-09-15,8042.0,16167.3623046875,13.260000228881836,10868.150390625,10428.099609375,7984.64990234375,4.15344829788642,-1.613671612322165,13.260000228881836
2014-09-16,7932.89990234375,15843.9150390625,13.279999732971191,10811.5,10319.849609375,7830.7001953125,4.344563707741589,-2.6990265817552372,13.279999732971191
2014-09-17,7975.5,15838.4150390625,12.949999809265137,10991.400390625,10343.400390625,7901.14990234375,3.7983263340411577,-1.4652660113579796,12.949999809265137
2014-09-18,8114.75,16156.662109375,12.329999923706055,11055.2001953125,10535.5498046875,8120.35009765625,4.753086271900031,0.3592738289299957,12.329999923706055
2014-09-19,8121.4501953125,16151.962890625,11.890000343322754,11224.150390625,10587.25,8059.2998046875,5.857631298879529,0.19678237385107877,11.890000343322754
2014-09-22,8146.2998046875,16194.361328125,11.569999694824219,11173.150390625,10484.9501953125,8153.5,6.498020128607385,1.2969386307821518,11.569999694824219
2014-09-23,8017.5498046875,15902.6650390625,12.40999984741211,11088.0498046875,10266.4501953125,7991.10009765625,5.932444280434224,1.0670738744445796,12.40999984741211
2014-09-24,8002.39990234375,15740.1171875,12.539999961853027,11074.2001953125,10367.099609375,7946.60009765625,4.93643018102381,0.3372817045169674,12.539999961853027
2014-09-25,7911.85009765625,15298.8720703125,13.300000190734863,11185.9501953125,10382.900390625,7867.10009765625,2.391602197990794,-2.5003838977633364,13.300000190734863
2014-09-26,7968.85009765625,15607.068359375,12.930000305175781,11138.0,10501.650390625,7933.9501953125,2.962708410118031,-1.8789759708718878,12.930000305175781
2014-09-29,7958.89990234375,15473.3701171875,13.390000343322754,11326.599609375,10710.5,7904.2998046875,2.1458693589344824,-2.3004297268303,13.390000343322754
2014-09-30,7964.7998046875,15392.0712890625,13.149999618530273,11302.7001953125,10847.150390625,7899.35009765625,1.149948308569071,-0.6579316784432021,13.149999618530273
2014-10-01,7945.5498046875,15316.0224609375,13.0,11519.4501953125,10796.7001953125,7895.2001953125,0.608417913105419,-0.7104131054435303,13.0
2014-10-07,7852.39990234375,15180.0732421875,14.460000038146973,11428.599609375,10564.9501953125,7828.25,-0.29078134054172367,-0.7514069980940508,14.460000038146973
2014-10-08,7842.7001953125,15343.8212890625,14.109999656677246,11043.400390625,10202.349609375,7870.75,-0.6133479710658474,-1.5830377130679474,14.109999656677246
2014-10-09,7960.5498046875,15741.017578125,13.15999984741211,11065.150390625,10325.0,7957.60009765625,0.5983623339018695,0.0207302813704624,13.15999984741211
2014-10-10,7859.9501953125,15453.6201171875,14.329999923706055,11311.25,10330.099609375,7732.35009765625,-0.5862364256351671,-1.316412363726871,14.329999923706055
2014-10-13,7884.25,15677.3173828125,14.5,11437.0,10186.150390625,7720.7001953125,-0.2593377399664809,-0.7714985897053439,14.5
2014-10-14,7864.0,15751.3671875,14.59000015258789,11350.2998046875,10206.2998046875,7690.5498046875,-0.9078799460777498,0.14772678162746633,14.59000015258789
2014-10-16,7748.2001953125,15541.4189453125,16.43000030517578,11174.849609375,10095.150390625,7524.35009765625,-2.5916624213522144,-1.2049421455187281,16.43000030517578
2014-10-17,7779.7001953125,15929.6142578125,16.399999618530273,10746.2001953125,10178.400390625,7568.7998046875,-3.0893032122052966,-2.271823100315362,16.399999618530273
2014-10-20,7879.39990234375,16216.4111328125,14.1899995803833,10673.099609375,10313.2998046875,7725.75,-2.519468607327524,0.24745331138165128,14.1899995803833
2014-10-21,7927.75,16427.05859375,13.329999923706055,10692.349609375,10284.599609375,7765.39990234375,-2.3026408622430883,0.5517328851824876,13.329999923706055
2014-10-22,7995.89990234375,16444.5078125,13.029999732971191,10767.400390625,10452.4501953125,7991.10009765625,-1.2358066756225639,1.6772622373315116,13.029999732971191
2014-10-27,7991.7001953125,16556.40625,13.520000457763672,10714.2998046875,10533.849609375,7939.60009765625,-1.1766002979494594,3.142665314033999,13.520000457763672
2014-10-28,8027.60009765625,16666.806640625,13.319999694824219,10737.25,10676.2998046875,7972.85009765625,-1.7898409135833737,3.1864968587493436,13.319999694824219
2014-10-29,8090.4501953125,16633.857421875,13.010000228881836,10912.2998046875,10652.0498046875,8103.7001953125,-0.7665936685831154,2.678507190705881,13.010000228881836
2014-10-30,8169.2001953125,16759.85546875,13.270000457763672,11124.599609375,10668.349609375,8128.89990234375,0.9278375205416189,3.0456333173031425,13.270000457763672
2014-10-31,8322.2001953125,17044.853515625,13.300000190734863,11341.0498046875,10874.75,8246.900390625,2.9249167578227153,4.080845145061218,13.300000190734863
2014-11-03,8324.150390625,17133.900390625,13.739999771118164,11359.900390625,10877.7001953125,8172.85009765625,2.6975558648448583,4.159943280999179,13.739999771118164
2014-11-05,8338.2998046875,17352.748046875,13.760000228881836,11440.5,11021.599609375,8183.9501953125,3.684404435308375,3.8703934332997347,13.760000228881836
2014-11-07,8337.0,17346.849609375,14.109999656677246,11476.150390625,11289.7001953125,8118.39990234375,5.0939770150996155,3.04741761874201,14.109999656677246
2014-11-10,8344.25,17262.19921875,13.930000305175781,11470.9501953125,11366.150390625,8106.2998046875,4.623534574634824,2.142802238925956,13.930000305175781
2014-11-11,8362.650390625,17389.998046875,14.800000190734863,11439.7001953125,11387.9501953125,8172.7998046875,3.054935649588719,0.4860516974259266,14.800000190734863
2014-11-12,8383.2998046875,17586.845703125,14.4399995803833,11421.2998046875,11301.099609375,8285.25,3.2241730611871855,0.7105759901829378,14.4399995803833
2014-11-13,8357.849609375,17452.796875,13.800000190734863,11539.599609375,11354.2001953125,8251.25,2.596882139861467,0.23445792482190697,13.800000190734863
2014-11-14,8389.900390625,17576.595703125,13.970000267028809,11571.75,11195.2998046875,8285.0498046875,4.644194236496091,0.634525496281646,13.970000267028809
2014-11-17,8430.75,17640.1953125,14.40999984741211,11608.150390625,11187.7001953125,8401.2001953125,5.352770454908096,1.0366419989813247,14.40999984741211
2014-11-18,8425.900390625,17702.345703125,14.069999694824219,11512.900390625,11109.7998046875,8441.7001953125,6.497219823730349,0.7563391633698568,14.069999694824219
2014-11-19,8382.2998046875,17585.4453125,14.350000381469727,11524.2998046875,11101.25,8378.7001953125,5.188323308438836,-0.011928477130696002,14.350000381469727
2014-11-20,8401.900390625,17644.845703125,14.170000076293945,11677.4501953125,11216.400390625,8334.2001953125,5.566102020592001,0.5270587927376447,14.170000076293945
2014-11-21,8477.349609375,18056.091796875,13.850000381469727,11596.9501953125,11189.5498046875,8378.7998046875,6.435187540882703,1.0423153396161622,13.850000381469727
2014-11-24,8530.150390625,18281.736328125,13.020000457763672,11809.849609375,11138.099609375,8393.7001953125,7.357585067211003,1.179021921240686,13.020000457763672
2014-11-25,8463.099609375,18036.841796875,13.529999732971191,11790.0,11179.599609375,8301.849609375,7.777236445242308,0.4414865714694294,13.529999732971191
2014-11-26,8475.75,17975.740234375,12.989999771118164,11770.400390625,11154.4501953125,8333.75,8.071834813548872,1.1148515024509198,12.989999771118164
2014-11-27,8494.2001953125,18022.291015625,12.739999771118164,11900.849609375,11225.400390625,8378.75,6.703687605983766,1.0985586640671174,12.739999771118164
2014-11-28,8588.25,18512.935546875,12.899999618530273,11898.0498046875,11254.75,8540.25,9.26595953651006,1.3081964969612336,12.899999618530273
2014-12-01,8555.900390625,18525.0859375,13.199999809265137,11981.0,11253.5498046875,8556.099609375,8.518887536861474,0.3018704104947645,13.199999809265137
2014-12-02,8524.7001953125,18555.634765625,12.399999618530273,11812.75,11325.5,8481.650390625,8.401579289324768,0.7278726327321294,12.399999618530273
2014-12-03,8537.650390625,18645.6328125,12.369999885559082,11807.900390625,11324.349609375,8594.900390625,10.188820311975167,0.7303234595758434,12.369999885559082
2014-12-04,8564.400390625,18782.630859375,12.449999809265137,11748.75,11309.349609375,8587.7001953125,10.086509449108405,0.8264485613517669,12.449999809265137
2014-12-05,8538.2998046875,18756.53125,11.949999809265137,11536.25,11146.2001953125,8585.9501953125,8.36231071541067,-0.5816108673187159,11.949999809265137
2014-12-08,8438.25,18509.8359375,12.210000038146973,11176.4501953125,11112.5498046875,8450.349609375,6.439405884393423,-1.3750790127701085,12.210000038146973
2014-12-09,8340.7001953125,18290.4375,12.5,11138.900390625,11084.400390625,8351.849609375,4.312213724282388,-2.1584336784204683,12.5
2014-12-10,8355.650390625,18462.734375,12.239999771118164,11111.7001953125,11114.5498046875,8389.5498046875,4.554102211266309,-2.13173404476541,12.239999771118164
2014-12-11,8292.900390625,18404.78515625,12.770000457763672,10986.25,11130.650390625,8318.75,3.304851882771387,-3.1700993369856545,12.770000457763672
2014-12-12,8224.099609375,18299.537109375,13.75,10929.900390625,11155.9501953125,8284.349609375,1.6519403844786673,-3.679891811013769,13.75
2014-12-15,8219.599609375,18372.4375,14.020000457763672,10727.75,11097.5498046875,8260.75,0.616944289006649,-2.5911817097739487,14.020000457763672
2014-12-16,8067.60009765625,17830.34375,16.309999465942383,10891.599609375,10784.75,8109.5,-3.0592883093542245,-3.2743066080918815,16.309999465942383
2014-12-17,8029.7998046875,17865.54296875,16.93000030517578,10860.099609375,10573.400390625,7977.5498046875,-3.5361036517193356,-3.899763282378388,16.93000030517578
2014-12-18,8159.2998046875,18326.38671875,14.600000381469727,10987.4501953125,10701.7001953125,8156.10009765625,-2.1467206048332854,-1.6110236424464186,14.600000381469727
2014-12-19,8225.2001953125,18478.685546875,14.510000228881836,11176.2001953125,10731.599609375,8168.39990234375,-1.3410076129003246,0.01338244901905039,14.510000228881836
2014-12-22,8324.0,18747.130859375,14.210000038146973,11202.099609375,10826.150390625,8286.7001953125,-0.24268208646672784,1.2701396124687792,14.210000038146973
2014-12-23,8267.0,18603.533203125,15.300000190734863,11094.599609375,10839.0498046875,8259.5,-1.1437808129851956,2.4716136140867873,15.300000190734863
2014-12-24,8174.10009765625,18535.134765625,15.069999694824219,10928.0,10705.7998046875,8184.35009765625,-2.4954339210709886,1.7970596587540522,15.069999694824219
2014-12-26,8200.7001953125,18556.984375,14.649999618530273,11036.7001953125,10738.0498046875,8203.25,-1.8802613280600955,0.5074012674618933,14.649999618530273
2014-12-29,8246.2998046875,18528.134765625,14.579999923706055,11104.7001953125,10826.650390625,8323.099609375,-1.7115886870118446,0.25652396141098155,14.579999923706055
2014-12-30,8248.25,18647.333984375,14.859999656677246,11149.7001953125,10865.349609375,8302.349609375,-2.1646947187379584,-0.9100192215281133,14.859999656677246
2014-12-31,8282.7001953125,18736.431640625,15.119999885559082,11216.2998046875,10949.7998046875,8281.2001953125,-1.6995239520257166,0.1899140596649307,15.119999885559082
2015-01-01,,18750.23046875,15.029999732971191,11215.7001953125,10923.25,8318.7998046875,-1.1882133984196352,1.3285878122215378,15.029999732971191
2015-01-02,8395.4501953125,19057.580078125,13.800000190734863,11372.099609375,10955.599609375,8365.400390625,-0.07677067106981461,2.3747972168439713,13.800000190734863
2015-01-05,8378.400390625,19017.1796875,14.149999618530273,11248.5498046875,10920.599609375,8467.9501953125,-1.1672188043368337,1.6019377061989637,14.149999618530273
2015-01-06,8127.35009765625,18430.53515625,17.420000076293945,10959.900390625,10637.7998046875,8248.2001953125,-4.722077273238289,-1.4657642814384864,17.420000076293945
2015-01-07,8102.10009765625,18304.037109375,18.139999389648438,10916.0,10604.9501953125,8254.7001953125,-4.265570870970881,-2.180449532127926,18.139999389648438
2015-01-08,8234.599609375,18701.18359375,16.469999313354492,11018.150390625,10737.599609375,8397.2998046875,-2.8451805518685647,-0.5807355669437575,16.469999313354492
2015-01-09,8284.5,18637.033203125,15.960000038146973,11399.650390625,10934.5498046875,8397.0,-2.468745620431956,-1.3215514681326757,15.960000038146973
2015-01-12,8323.0,18795.630859375,16.110000610351562,11543.650390625,10976.2001953125,8409.5498046875,-3.0885221086950243,-0.6612287315248211,16.110000610351562
2015-01-13,8299.400390625,18706.982421875,16.479999542236328,11502.7998046875,10984.2998046875,8398.7998046875,-2.9979311152459887,2.116929760640751,16.479999542236328
2015-01-14,8277.5498046875,18603.583984375,17.25,11614.2998046875,10881.5498046875,8427.7001953125,-2.8992267758683354,2.1654843178499306,17.25
2015-01-15,8494.150390625,19235.427734375,16.15999984741211,11669.849609375,10936.2998046875,8614.7001953125,-0.50950786234778,3.1519538722259766,16.15999984741211
2015-01-16,8513.7998046875,19222.927734375,17.270000457763672,11659.599609375,11101.150390625,8623.599609375,-0.5908246185324262,2.7678170642464917,17.270000457763672
2015-01-19,8550.7001953125,19405.826171875,17.649999618530273,11642.75,11249.2998046875,8694.900390625,0.1452325510775898,2.735794729214236,17.649999618530273
2015-01-20,8695.599609375,19766.8203125,17.270000457763672,11695.0,11290.650390625,8760.900390625,3.049798351257671,4.773829434684784,17.270000457763672
2015-01-21,8729.5,19843.01953125,17.709999084472656,11813.7001953125,11320.849609375,8779.9501953125,4.661476801504105,5.45995138629749,17.709999084472656
2015-01-22,8761.400390625,19917.41796875,18.56999969482422,11850.849609375,11509.5,8842.0,4.855995416649428,3.1462828853956237,18.56999969482422
2015-01-23,8835.599609375,20072.466796875,17.889999389648438,11885.150390625,11581.099609375,8983.099609375,6.5441424976418805,3.7797436170665444,17.889999389648438
2015-01-27,8910.5,20555.01171875,18.09000015258789,11693.4501953125,11583.25,9099.599609375,8.346207162210728,4.207840252482975,18.09000015258789
2015-01-28,8914.2998046875,20491.51171875,19.770000457763672,11809.5498046875,11577.75,9043.150390625,8.451752254698008,2.515067449480002,19.770000457763672
2015-01-29,8952.349609375,20528.361328125,19.43000030517578,11824.150390625,11752.0498046875,9049.7001953125,10.96670014637664,2.552833603012772,19.43000030517578
2015-01-30,8808.900390625,19843.51953125,20.170000076293945,11824.75,11693.5498046875,8930.849609375,9.702615319035601,0.5421507736460329,20.170000076293945
2015-02-02,8797.400390625,19865.669921875,20.40999984741211,11943.9501953125,11627.650390625,8976.099609375,7.820531187871205,-0.43233306667120885,20.40999984741211
2015-02-03,8756.5498046875,19382.724609375,19.809999465942383,11963.900390625,11520.0,8919.7001953125,6.460020385617038,-1.7277391315021595,19.809999465942383
2015-02-04,8723.7001953125,19173.77734375,20.049999237060547,11938.900390625,11625.7001953125,8812.5,4.801780337728245,-2.1381332639808126,20.049999237060547
2015-02-05,8711.7001953125,19051.6796875,20.6200008392334,12165.150390625,11522.099609375,8749.650390625,5.379220942451912,-2.6881145683864904,20.6200008392334
2015-02-06,8661.0498046875,18786.48046875,20.690000534057617,12267.9501953125,11322.9501953125,8496.2998046875,5.957227110185159,-1.6784227245304373,20.690000534057617
2015-02-09,8526.349609375,18403.634765625,22.020000457763672,12249.2998046875,11289.400390625,8294.4501953125,3.970995235853647,-3.0810326825507106,22.020000457763672
2015-02-10,8565.5498046875,18752.28125,21.190000534057617,12162.849609375,11283.5,8436.0498046875,3.8714333405453827,-2.181224389288061,21.190000534057617
2015-02-11,8627.400390625,18940.580078125,20.5,12243.400390625,11391.7001953125,8514.150390625,4.596737376110083,-1.1038871411381712,20.5
2015-02-12,8711.5498046875,19128.376953125,20.15999984741211,12372.0,11598.25,8654.2998046875,5.1776546206236285,-0.0017263062505379345,20.15999984741211
2015-02-13,8805.5,19369.474609375,20.100000381469727,12464.9501953125,11789.900390625,8759.0,6.311948909890197,1.6678139321439023,20.100000381469727
2015-02-16,8809.349609375,19189.7265625,20.829999923706055,12487.2001953125,11680.25,8792.5498046875,4.930044302967773,3.319122637064198,20.829999923706055
2015-02-18,8869.099609375,19296.275390625,20.90999984741211,12632.75,11741.25,8884.849609375,5.856717223720498,3.543844955771336,20.90999984741211
2015-02-19,8895.2998046875,19188.078125,20.399999618530273,12723.7998046875,11734.5,8871.650390625,9.448955659640035,3.1052159623148334,20.399999618530273
2015-02-20,8833.599609375,19073.328125,21.270000457763672,12571.9501953125,11746.5,8874.650390625,9.028517333800345,1.4010113863072604,21.270000457763672
2015-02-23,8754.9501953125,18913.1796875,21.6299991607666,12531.2998046875,11640.7998046875,8804.150390625,6.319075736786117,-0.5740708044687959,21.6299991607666
2015-02-24,8762.099609375,18883.58203125,21.549999237060547,12566.2001953125,11663.849609375,8777.7001953125,5.764978084072658,-0.536361957410747,21.549999237060547
2015-02-25,8767.25,18732.833984375,20.780000686645508,12633.349609375,11533.5,8781.2998046875,5.337618647122433,-1.1483647028537214,20.780000686645508
2015-02-26,8683.849609375,18537.884765625,20.579999923706055,12458.5,11412.2998046875,8640.7001953125,4.63225294184233,-2.377100265930032,20.579999923706055
2015-02-27,8844.599609375,19074.328125,19.56999969482422,12554.9501953125,11554.7998046875,8841.7998046875,6.85045476097752,0.12452454816183067,19.56999969482422
2015-03-02,8956.75,20007.8671875,15.850000381469727,12663.7001953125,12024.0498046875,8919.5498046875,5.446096290990687,2.3049794708774662,15.850000381469727
2015-03-03,8996.25,19960.966796875,15.489999771118164,12855.900390625,12166.2001953125,8838.7998046875,5.666684751582651,2.6723091617729455,15.489999771118164
2015-03-04,8922.650390625,19643.671875,15.199999809265137,12730.599609375,12326.7998046875,8777.849609375,4.349938447337953,1.7725100872565624,15.199999809265137
2015-03-05,8937.75,19747.76953125,14.4399995803833,12665.5,12632.5,8825.650390625,2.784746325761489,2.923822982273805,14.4399995803833
2015-03-09,8756.75,19145.328125,15.8100004196167,12422.25,12676.900390625,8727.0498046875,0.31215991752104877,-0.9932570523812356,15.8100004196167
2015-03-10,8712.0498046875,19054.1796875,15.529999732971191,12405.0498046875,12631.9501953125,8756.400390625,-0.5632728072821225,-2.732019932592733,15.529999732971191
2015-03-11,8699.9501953125,19043.779296875,15.130000114440918,12352.349609375,12515.75,8761.5,-1.535259858522442,-3.293592382242605,15.130000114440918
2015-03-12,8776.0,19141.626953125,14.75,12423.650390625,12663.7001953125,8851.650390625,-1.5094551371976905,-1.6435743215836962,14.75
2015-03-13,8647.75,18779.58203125,14.970000267028809,12312.150390625,12487.0498046875,8721.75,-2.9901373133909726,-3.2446644849095096,14.970000267028809
2015-03-16,8633.150390625,18837.130859375,15.180000305175781,12419.0498046875,12480.7001953125,8697.849609375,-3.5655356713921393,-1.4114781097439133,15.180000305175781
2015-03-17,8723.2998046875,19058.029296875,15.130000114440918,12383.150390625,12716.7998046875,8807.400390625,-0.971751094252371,0.12913149318714012,15.130000114440918
2015-03-18,8685.900390625,19147.02734375,15.510000228881836,12276.099609375,12732.400390625,8748.75,-1.2674198632452893,-0.1614929323971337,15.510000228881836
2015-03-19,8634.650390625,18810.931640625,15.199999809265137,12275.2001953125,12799.7998046875,8719.5498046875,-1.3920941099112571,-1.6106382107452188,15.199999809265137
2015-03-20,8570.900390625,18606.1328125,14.260000228881836,12363.5,12622.25,8585.9501953125,-1.7515480961806107,-0.8886659463444246,14.260000228881836
2015-03-23,8550.900390625,18448.78515625,14.270000457763672,12244.4501953125,12622.9501953125,8597.7998046875,-1.8457913045954122,-0.9527228911628605,14.270000457763672
2015-03-24,8542.9501953125,18331.236328125,13.670000076293945,12180.0,12853.4501953125,8480.7998046875,-1.3635715304521456,-2.067447106175213,13.670000076293945
2015-03-25,8530.7998046875,18309.88671875,13.140000343322754,12225.599609375,12919.4501953125,8515.650390625,0.05219344169991036,-1.7856592749429412,13.140000343322754
2015-03-26,8342.150390625,17831.443359375,15.15999984741211,11902.099609375,12676.849609375,8385.349609375,-2.6081152892280746,-3.3875141061597502,15.15999984741211
2015-03-27,8341.400390625,18044.591796875,14.5,11968.5,12588.5498046875,8435.0,-3.3150194386571297,-2.6776650006460345,14.5
2015-03-30,8492.2998046875,18361.587890625,14.260000228881836,12100.849609375,12703.7998046875,8574.4501953125,-2.516773764893432,-0.6853148003191367,14.260000228881836
2015-03-31,8491.0,18206.439453125,14.489999771118164,12083.0,12844.7998046875,8621.75,-3.571631366759409,-0.6081060304086172,14.489999771118164
2015-04-01,8586.25,18617.6328125,13.670000076293945,11952.2001953125,13136.2001953125,8710.75,-2.532532130834897,0.649999959933778,13.670000076293945
2015-04-06,8659.900390625,18605.232421875,14.569999694824219,11969.25,13807.099609375,8792.0,-2.358742465005892,3.8089699312672476,14.569999694824219
2015-04-07,8660.2998046875,18469.0859375,14.25,11989.349609375,13778.25,8794.5,-2.641844627610679,3.823092036451281,14.25
2015-04-08,8714.400390625,18416.384765625,14.350000381469727,12214.2998046875,13831.150390625,8838.75,-1.34938444146252,2.615317299736719,14.350000381469727
2015-04-09,8778.2998046875,18875.630859375,14.420000076293945,12279.400390625,13545.900390625,8848.150390625,0.2667017956024642,3.3835803166588185,14.420000076293945
2015-04-10,8780.349609375,18800.630859375,14.260000228881836,12294.75,13505.900390625,8879.0,0.20828341166623243,2.2605865118648927,14.260000228881836
2015-04-13,8834.0,18798.03125,14.489999771118164,12333.7998046875,13722.849609375,8817.849609375,0.7613561835239091,2.010411223245434,14.489999771118164
2015-04-15,,18716.083984375,14.619999885559082,12154.5498046875,13480.9501953125,8682.0,1.7290763587487712,2.005706490882475,14.619999885559082
2015-04-16,8706.7001953125,18636.833984375,14.949999809265137,12059.0,13248.650390625,8666.400390625,-1.5591368762055802,-0.08836173422538396,14.949999809265137
2015-04-17,8606.0,18345.337890625,15.039999961853027,11803.0498046875,12809.150390625,8558.2001953125,-3.9160409746838987,-1.9627924372723538,15.039999961853027
2015-04-20,8448.099609375,18112.5390625,16.299999237060547,11562.2001953125,12753.849609375,8398.599609375,-6.093098686952903,-3.784017889734692,16.299999237060547
2015-04-21,8377.75,18105.5390625,17.030000686645508,11558.400390625,12284.0,8284.900390625,-6.106934226600713,-5.164704550599952,17.030000686645508
2015-04-22,8429.7001953125,18243.486328125,17.209999084472656,11492.0,12431.349609375,8280.2998046875,-5.6843143373611955,-4.5766335146875665,17.209999084472656
2015-04-23,8398.2998046875,18245.38671875,18.5,11451.5498046875,12293.0498046875,8228.7998046875,-4.093415882747598,-3.542104169281446,18.5
2015-04-24,8305.25,18001.69140625,19.110000610351562,11132.25,12210.0,8164.4501953125,-4.6693925517806605,-3.4946548919358555,19.110000610351562
2015-04-27,8213.7998046875,17767.392578125,18.739999771118164,11097.900390625,11908.2001953125,8118.64990234375,-5.58796751373285,-2.7734024871995278,18.739999771118164
2015-04-28,8285.599609375,18246.037109375,17.40999984741211,11052.9501953125,11984.599609375,8315.400390625,-5.587971634286692,-1.0999419966578161,17.40999984741211
2015-04-29,8239.75,18302.4375,17.239999771118164,11094.400390625,12042.900390625,8278.5,-4.717990228672198,-2.253344613822983,17.239999771118164
2015-04-30,8181.5,18337.88671875,17.229999542236328,11001.0498046875,12057.7998046875,8188.2001953125,-5.231582564754822,-2.5814725567012253,17.229999542236328
2015-05-04,8331.9501953125,18501.0859375,17.309999465942383,11191.4501953125,12333.599609375,8330.2001953125,-4.486256555858681,0.3214857507299662,17.309999465942383
2015-05-05,8324.7998046875,18471.234375,17.360000610351562,11170.25,12391.7001953125,8327.2001953125,-4.157318984768099,1.3513842878986937,17.360000610351562
2015-05-06,8097.0,17799.34375,19.670000076293945,10938.849609375,12037.650390625,8089.85009765625,-6.226660794613636,-2.2762336857504284,19.670000076293945
2015-05-07,8057.2998046875,17376.69921875,19.649999618530273,11127.75,11873.5498046875,7986.25,-5.992376092706497,-2.214268579902301,19.649999618530273
2015-05-08,8191.5,17796.392578125,19.110000610351562,11172.0498046875,12104.7001953125,8199.25,-4.203070720120161,0.12222697549348904,19.110000610351562
2015-05-11,8325.25,18199.5390625,18.6299991607666,11324.5498046875,12317.5,8427.5498046875,-2.5483022882651474,-0.08041569086993938,18.6299991607666
2015-05-12,8126.9501953125,17628.4453125,20.549999237060547,11118.4501953125,12250.7001953125,8277.5,-4.7340181298486605,-2.3766290363354536,20.549999237060547
2015-05-13,8235.4501953125,18097.23828125,20.690000534057617,11170.5,12261.400390625,8413.400390625,-1.279049049899783,1.709894964956149,20.690000534057617
2015-05-14,8224.2001953125,18115.98828125,20.700000762939453,11093.599609375,12238.7998046875,8485.5,-1.4050421970419058,2.0714183991006774,20.700000762939453
2015-05-15,8262.349609375,18182.939453125,19.81999969482422,11171.900390625,12294.650390625,8539.5498046875,-2.7077493800392483,0.8649161859854759,19.81999969482422
2015-05-18,8373.650390625,18422.734375,17.899999618530273,11279.4501953125,12486.0,8600.0498046875,-1.3820469835708393,0.5813686150565989,17.899999618530273
2015-05-19,8365.650390625,18380.1875,18.270000457763672,11372.2001953125,12502.349609375,8531.2998046875,-2.5692195006551177,2.937143572630463,18.270000457763672
2015-05-20,8423.25,18554.935546875,17.719999313354492,11571.7001953125,12537.0498046875,8484.7998046875,-2.7327149268505657,2.280382981301887,17.719999313354492
2015-05-21,8421.0,18512.935546875,17.40999984741211,11618.599609375,12554.75,8549.599609375,-2.763181530482073,2.392935483254277,17.40999984741211
2015-05-22,8458.9501953125,18433.0859375,16.950000762939453,11728.400390625,12690.099609375,8581.650390625,-2.9313571084857992,2.3794755152266145,16.950000762939453
2015-05-25,8370.25,18324.63671875,16.93000030517578,11623.349609375,12617.5498046875,8565.099609375,-4.648392214510677,-0.040608223013549605,16.93000030517578
2015-05-26,8339.349609375,18329.087890625,17.06999969482422,11581.900390625,12559.0498046875,8548.150390625,-5.022579050031595,-0.31439015524094005,17.06999969482422
2015-05-27,8334.599609375,18538.634765625,17.280000686645508,11367.5,12506.0498046875,8369.900390625,-5.653162674043466,-1.0524487653221781,17.280000686645508
2015-05-28,8319.0,18448.984375,17.1299991607666,11450.849609375,12311.900390625,8379.2998046875,-5.829748698211457,-1.2112575703598139,17.1299991607666
2015-05-29,8433.650390625,18721.1328125,16.65999984741211,11575.0498046875,12511.75,8536.75,-3.136088283302829,-0.299089178956502,16.65999984741211
2015-06-01,8433.400390625,18616.783203125,16.90999984741211,11525.650390625,12079.7998046875,8509.349609375,-2.0055729650825027,0.7544624189838922,16.90999984741211
2015-06-02,8236.4501953125,17977.091796875,16.81999969482422,11347.900390625,11902.849609375,8325.0498046875,-2.505290229149626,-1.2339021492374092,16.81999969482422
2015-06-03,8135.10009765625,17721.1953125,17.510000228881836,11361.099609375,11746.599609375,8191.60009765625,-2.896361222807431,-2.393630421002435,17.510000228881836
2015-06-04,8130.64990234375,17718.994140625,18.1200008392334,11379.2001953125,11633.150390625,8130.4501953125,-3.5475792263056083,-2.264095415990508,18.1200008392334
2015-06-05,8114.7001953125,17549.046875,18.09000015258789,11291.5498046875,11715.849609375,8092.2998046875,-3.3768693184388243,-3.781875943862345,18.09000015258789
2015-06-08,8044.14990234375,17432.396484375,18.889999389648438,11238.599609375,11585.099609375,8006.14990234375,-3.1437957635983227,-4.615581737515518,18.889999389648438
2015-06-09,8022.39990234375,17489.697265625,18.010000228881836,11142.9501953125,11379.900390625,7953.64990234375,-2.330223610204385,-2.598817304699652,18.010000228881836
2015-06-10,8124.4501953125,17707.044921875,17.079999923706055,11401.7001953125,11477.400390625,8104.0498046875,-1.9449336398075778,-0.13091298467019508,17.079999923706055
2015-06-11,7965.35009765625,17304.19921875,17.809999465942383,11227.150390625,11308.150390625,7909.0,-3.3301969397584896,-2.0330454105501494,17.809999465942383
2015-06-12,7982.89990234375,17523.34765625,17.479999542236328,11049.349609375,11328.4501953125,7905.25,-2.427428926923547,-1.6242164195404918,17.479999542236328
2015-06-15,8013.89990234375,17458.49609375,17.520000457763672,11093.849609375,11451.099609375,7996.2001953125,-3.817237087515035,-0.37604968041664577,17.520000457763672
2015-06-16,8047.2998046875,17602.244140625,17.170000076293945,11119.2001953125,11473.7001953125,8090.85009765625,-3.3334134935442683,0.3103797198700464,17.170000076293945
2015-06-17,8091.5498046875,17583.845703125,16.729999542236328,11143.5,11678.9501953125,8160.9501953125,-0.06731129199085695,-0.40495528723878405,16.729999542236328
2015-06-18,8174.60009765625,17733.34375,16.020000457763672,11215.349609375,11836.150390625,8258.650390625,1.455826341481159,2.6270031754356937,16.020000457763672
2015-06-19,8224.9501953125,17880.642578125,15.09000015258789,11243.650390625,11810.0,8305.349609375,0.40835250335713447,3.0321098338923713,15.09000015258789
2015-06-22,8353.099609375,18334.287109375,15.489999771118164,11429.7998046875,11879.349609375,8400.7001953125,0.3345197967028035,4.2326421737816755,15.489999771118164
2015-06-23,8381.5498046875,18391.13671875,15.039999961853027,11341.150390625,11910.25,8405.7998046875,3.1327817109282785,4.15356713571553,15.039999961853027
2015-06-24,8360.849609375,18365.337890625,15.920000076293945,11353.75,11997.5498046875,8326.9501953125,1.5226783125211085,3.3281609974332937,15.920000076293945
2015-06-25,8398.0,18492.685546875,15.930000305175781,11210.400390625,12007.25,8395.9501953125,2.1132730303253133,2.732854202957302,15.930000305175781
2015-06-26,8381.099609375,18371.287109375,15.760000228881836,11362.5498046875,12066.849609375,8447.2001953125,1.4372424989770316,1.898484615159024,15.760000228881836
2015-06-29,8318.400390625,18241.037109375,17.299999237060547,11133.650390625,11926.400390625,8325.0498046875,-0.6598078188439382,-0.4154053030931859,17.299999237060547
2015-06-30,8368.5,18295.88671875,16.93000030517578,11037.400390625,12202.5498046875,8383.25,0.03406321376031585,-0.1556967982246138,16.93000030517578
2015-07-01,8453.0498046875,18581.3828125,15.850000381469727,11213.599609375,12257.099609375,8482.4501953125,0.35378036609978736,1.1027610783611808,15.850000381469727
2015-07-02,8444.900390625,18585.333984375,15.5600004196167,11187.25,12193.7998046875,8528.599609375,0.2838189125400792,0.5584709529054432,15.5600004196167
2015-07-03,8484.900390625,18729.43359375,16.309999465942383,11198.650390625,12264.849609375,8493.5,0.30677796550782066,1.238510292061079,16.309999465942383
2015-07-06,8522.150390625,18824.931640625,16.020000457763672,11209.599609375,12463.900390625,8517.9501953125,1.8147652773214729,2.4493891906144594,16.020000457763672
2015-07-07,8510.7998046875,18798.28125,16.309999465942383,11143.849609375,12490.5,8488.900390625,2.0559180672765853,1.7004218759335554,16.309999465942383
2015-07-08,8363.0498046875,18462.935546875,17.790000915527344,11021.7998046875,12390.5,8287.2998046875,0.3413504744786744,-1.064704480388745,17.790000915527344
2015-07-09,8328.5498046875,18508.484375,17.440000534057617,10828.7001953125,12399.349609375,8248.5498046875,0.11479510382859104,-1.3777614957621642,17.440000534057617
2015-07-10,8360.5498046875,18719.583984375,17.06999969482422,10798.25,12537.25,8234.099609375,-0.8667727798956415,-1.4655515116582363,17.06999969482422
2015-07-13,8459.650390625,18893.33203125,16.270000457763672,10998.849609375,12697.7998046875,8370.75,0.3112623471450693,-0.7333829741933973,16.270000457763672
2015-07-14,8454.099609375,18779.98046875,16.010000228881836,11043.849609375,12786.599609375,8305.7001953125,2.6425147836912632,-0.6662146521325907,16.010000228881836
2015-07-15,8523.7998046875,18816.03125,15.569999694824219,11150.25,12912.349609375,8403.2001953125,4.77805684460153,1.9221456735783127,15.569999694824219
2015-07-16,8608.0498046875,19167.828125,14.779999732971191,11191.599609375,13060.349609375,8434.5498046875,5.871608150366114,3.3559263803968786,14.779999732971191
2015-07-17,8609.849609375,19094.4765625,14.800000190734863,11269.2001953125,13139.0,8473.900390625,6.101881796551467,2.9818589747258706,14.800000190734863
2015-07-20,8603.4501953125,19032.478515625,14.960000038146973,11266.9501953125,13175.650390625,8476.349609375,6.952882526540094,1.6998315302350964,14.960000038146973
2015-07-21,8529.4501953125,18723.18359375,15.100000381469727,11655.4501953125,12255.2998046875,8440.4501953125,6.320431530976345,0.8912904912303343,15.100000381469727
2015-07-22,8633.5,18996.779296875,15.130000114440918,11643.75,12377.7001953125,8538.7998046875,6.265652351234818,1.2869869990631777,15.130000114440918
2015-07-23,8589.7998046875,18864.78125,15.520000457763672,11558.7001953125,12275.400390625,8581.349609375,7.839576407507698,-0.21201085511914908,15.520000457763672
2015-07-24,8521.5498046875,18635.6328125,15.460000038146973,11464.150390625,12226.0498046875,8472.0498046875,6.747546742827182,-1.0255673292057677,15.460000038146973
2015-07-27,8361.0,18212.83984375,16.3700008392334,11362.4501953125,12056.900390625,8305.650390625,4.33122576880125,-2.8180577536741747,16.3700008392334
2015-07-28,8337.0,18282.587890625,15.920000076293945,11306.25,11917.150390625,8259.5,3.5999677201506985,-2.256302468572524,15.920000076293945
2015-07-29,8375.0498046875,18323.1875,15.880000114440918,11470.7001953125,11978.400390625,8368.900390625,3.5036551321202536,-2.9935738149360014,15.880000114440918
2015-07-30,8421.7998046875,18440.185546875,15.329999923706055,11394.5498046875,12073.099609375,8387.5,3.023997554352831,-1.9558080958804402,15.329999923706055
2015-07-31,8532.849609375,18729.6328125,14.569999694824219,11594.150390625,12353.25,8544.849609375,3.74348058956,0.1326026948910597,14.569999694824219
2015-08-03,8543.0498046875,18914.478515625,15.390000343322754,11466.400390625,12379.5,8609.650390625,2.274008502176983,2.177368791861012,15.390000343322754
2015-08-04,8516.900390625,18972.37890625,14.829999923706055,11415.5498046875,12361.9501953125,8703.599609375,1.614863469066341,2.157855231198269,14.829999923706055
2015-08-05,8567.9501953125,18928.330078125,14.670000076293945,11618.0,12572.5498046875,8795.4501953125,2.4770280009017043,2.3032745490902506,14.670000076293945
2015-08-06,8588.650390625,19029.12890625,14.729999542236328,11616.5,12697.5,8796.9501953125,2.2701880283996223,1.9811749246833488,14.729999542236328
2015-08-07,8564.599609375,18893.33203125,14.90999984741211,11597.0498046875,12641.0498046875,8803.0,2.1894501742317773,0.3720914050227231,14.90999984741211
2015-08-10,8525.599609375,18874.78125,15.470000267028809,11573.900390625,12638.599609375,8745.599609375,2.49085411882215,-0.2042618937200258,15.470000267028809
2015-08-11,8462.349609375,18616.68359375,15.890000343322754,11711.150390625,12636.900390625,8619.25,1.1214627397382992,-0.6405004021186711,15.890000343322754
2015-08-12,8349.4501953125,18059.541015625,17.450000762939453,12006.7998046875,12771.75,8407.150390625,-1.2255885363120722,-2.5502015653585453,17.450000762939453
2015-08-13,8355.849609375,18175.189453125,17.020000457763672,11956.099609375,12913.7001953125,8441.5498046875,-1.0544917894929617,-2.7105630181910256,17.020000457763672
2015-08-14,8518.5498046875,18723.3828125,16.020000457763672,12048.4501953125,13137.25,8642.099609375,0.39657995395772083,-0.5376760944795667,16.020000457763672
2015-08-17,8477.2998046875,18821.83203125,16.459999084472656,12001.75,13089.5498046875,8615.4501953125,-0.5262824977465663,-0.5665267770068372,16.459999084472656
2015-08-18,8466.5498046875,18780.630859375,16.360000610351562,12159.400390625,12980.099609375,8662.5498046875,-0.5199276333069047,0.04963391382277749,16.360000610351562
2015-08-19,8495.150390625,18703.033203125,16.68000030517578,12249.099609375,13335.849609375,8703.2998046875,1.5795743062950285,1.745027419820988,16.68000030517578
2015-08-20,8372.75,18282.88671875,16.979999542236328,11985.25,13463.75,8553.5498046875,0.5307069819961097,0.20225819533705724,16.979999542236328
2015-08-21,8299.9501953125,18056.990234375,17.110000610351562,12032.2998046875,13470.0,8381.7001953125,-0.7248280411059072,-2.566159902648113,17.110000610351562
2015-08-24,7809.0,16811.60546875,28.1299991607666,11455.150390625,12653.2998046875,7773.4501953125,-7.691220802056453,-7.883404150906226,28.1299991607666
2015-08-25,7880.7001953125,17192.55078125,26.850000381469727,11376.75,12772.400390625,7920.35009765625,-6.782501278156705,-6.919579083449612,26.850000381469727
2015-08-26,7791.85009765625,16917.453125,25.520000457763672,11284.099609375,12623.0498046875,7882.10009765625,-8.587129259285609,-8.278844524575945,25.520000457763672
2015-08-27,7948.9501953125,17214.201171875,22.040000915527344,11396.900390625,12995.75,7952.35009765625,-7.656782016015851,-5.0616560232599745,22.040000915527344
2015-08-28,8001.9501953125,17211.75,23.329999923706055,11588.25,12940.75,8023.2998046875,-7.060511410101489,-3.590382990108776,23.329999923706055
2015-08-31,7971.2998046875,17146.3515625,24.600000381469727,11605.7001953125,13213.2001953125,7948.5498046875,-7.347638171595627,2.0783686091368825,24.600000381469727
2015-09-01,7785.85009765625,16530.109375,28.719999313354492,11476.4501953125,13007.0498046875,7745.39990234375,-8.718030829993095,-1.2035744959904449,28.719999313354492
2015-09-02,7717.0,16252.51171875,26.649999618530273,11604.7001953125,12840.349609375,7638.7001953125,-10.61562518098106,-0.9606203497005694,26.649999618530273
2015-09-03,7823.0,16555.20703125,24.1200008392334,11672.849609375,12817.400390625,7738.60009765625,-8.92686467813899,-1.5844884194490594,24.1200008392334
2015-09-04,7655.0498046875,16128.912109375,26.420000076293945,11413.599609375,12521.5498046875,7559.4501953125,-10.16833815280126,-4.335198072442548,26.420000076293945
2015-09-07,7558.7998046875,15789.916015625,26.350000381469727,11318.2998046875,12240.0,7464.2998046875,-9.594548442919503,-5.174814774341197,26.350000381469727
2015-09-08,7688.25,16350.759765625,24.56999969482422,11390.099609375,12329.5,7589.0,-7.781576106513133,-1.2535573692284419,24.56999969482422
2015-09-09,7818.60009765625,16631.306640625,24.299999237060547,11504.900390625,12360.0498046875,7814.85009765625,-6.644136094806341,1.3165750635771634,24.299999237060547
2015-09-10,7788.10009765625,16597.45703125,24.75,11396.9501953125,12315.0,7875.85009765625,-7.524516394684877,-0.4461191658411079,24.75
2015-09-11,7789.2998046875,16612.40625,24.979999542236328,11432.25,12341.849609375,7857.4501953125,-8.713968237182634,1.7537443050702706,24.979999542236328
2015-09-14,7872.25,16911.603515625,24.31999969482422,11520.2998046875,12495.2001953125,7890.75,-7.8519945455478695,4.14682493797649,24.31999969482422
2015-09-15,7829.10009765625,16739.35546875,23.739999771118164,11536.349609375,12478.7998046875,7766.2001953125,-8.07571136708195,1.8320176588462855,23.739999771118164
2015-09-16,7899.14990234375,16964.65234375,22.0,11606.650390625,12623.7998046875,7799.10009765625,-7.80583777593209,1.030233081132348,22.0
2015-09-18,7981.89990234375,17408.947265625,18.290000915527344,11726.7001953125,12751.2001953125,7842.5498046875,-7.064561493195165,2.4884092687229575,18.290000915527344
2015-09-21,7977.10009765625,17542.697265625,18.18000030517578,11724.0498046875,12706.2998046875,7848.75,-6.8596261181393725,2.411003526346933,18.18000030517578
2015-09-22,7812.0,17030.953125,20.350000381469727,11705.5498046875,12662.7998046875,7709.85009765625,-8.37008119159507,-0.7653466289815447,20.350000381469727
2015-09-23,7845.9501953125,17255.099609375,20.690000534057617,11694.0,12731.5498046875,7705.5498046875,-7.284022080340701,0.21522393948307794,20.690000534057617
2015-09-24,7868.5,17196.451171875,20.8799991607666,11954.099609375,12826.4501953125,7721.25,-5.760261862302174,-0.38801520065666617,20.8799991607666
2015-09-28,7795.7001953125,17100.1015625,21.670000076293945,11841.0498046875,12844.2001953125,7584.25,-6.703679939787688,-2.332774268148563,21.670000076293945
2015-09-29,7843.2998046875,17280.998046875,21.56999969482422,11863.9501953125,12700.099609375,7648.2001953125,-7.926818713068162,-1.6773049269879658,21.56999969482422
2015-09-30,7948.89990234375,17216.1015625,19.6299991607666,12032.099609375,12918.75,7759.60009765625,-6.233115667934419,1.7524309055779508,19.6299991607666
2015-10-01,7950.89990234375,17150.0,19.239999771118164,11867.849609375,13140.849609375,7731.5498046875,-6.090437241132873,1.3376290241295719,19.239999771118164
2015-10-05,8119.2998046875,17673.845703125,19.1299991607666,12002.099609375,13149.0,7890.4501953125,-4.424295847102099,3.1873902864268944,19.1299991607666
2015-10-06,8152.89990234375,17605.14453125,19.309999465942383,11889.900390625,13275.75,7947.64990234375,-2.625781226672841,4.5820092882231656,19.309999465942383
2015-10-07,8177.39990234375,17616.595703125,19.34000015258789,11683.4501953125,13332.400390625,8064.0498046875,-1.476518413784722,4.259687962668179,19.34000015258789
2015-10-08,8129.35009765625,17474.09765625,19.559999465942383,11669.7001953125,13212.849609375,8021.75,4.102319088951845,2.2701279111502437,19.559999465942383
2015-10-09,8189.7001953125,17590.044921875,18.93000030517578,11807.5498046875,13277.7001953125,8051.2001953125,3.920971390128458,3.0034372951715405,18.93000030517578
2015-10-12,8143.60009765625,17582.9453125,19.1200008392334,11630.650390625,13111.650390625,8062.60009765625,4.514332226511963,0.2992904998374568,19.1200008392334
2015-10-13,8131.7001953125,17554.646484375,18.020000457763672,11522.599609375,13115.400390625,8078.2001953125,2.2990457294318922,-0.26002658299724146,18.020000457763672
2015-10-14,8107.89990234375,17543.046875,17.719999313354492,11362.900390625,13160.650390625,8010.5498046875,1.324048568726588,-0.8499034024259999,17.719999313354492
2015-10-15,8179.5,17685.89453125,17.170000076293945,11338.349609375,13168.599609375,8193.400390625,2.6118725981184143,0.6168992815084762,17.170000076293945
2015-10-16,8238.150390625,17912.640625,16.270000457763672,11337.7998046875,13203.5498046875,8266.650390625,5.809260225866719,0.5915991325327274,16.270000457763672
2015-10-19,8275.0498046875,17854.84375,16.8799991607666,11432.150390625,13413.650390625,8245.5498046875,7.231434556012695,1.6141473728441325,16.8799991607666
2015-10-20,8261.650390625,17830.04296875,17.0,11529.599609375,13340.9501953125,8265.400390625,5.607188938067242,1.598069188377238,17.0
2015-10-21,8251.7001953125,17710.345703125,16.6200008392334,11549.0498046875,13189.7998046875,8285.150390625,7.794206515281532,1.7735824899266728,16.6200008392334
2015-10-23,8295.4501953125,17933.841796875,16.190000534057617,11552.0,13258.5,8228.2998046875,9.745599958450747,1.4175706988507786,16.190000534057617
2015-10-26,8260.5498046875,17814.84375,17.229999542236328,11576.349609375,13234.650390625,8232.25,7.443824078138728,0.2718985816038355,17.229999542236328
2015-10-27,8232.900390625,17806.09375,16.540000915527344,11583.5498046875,13223.0,8272.349609375,5.298906297726402,-0.5093554124426358,16.540000915527344
2015-10-28,8171.2001953125,17372.94921875,17.040000915527344,11643.2998046875,13149.150390625,8206.150390625,4.919044347819046,-1.09481993349827,17.040000915527344
2015-10-29,8111.75,17212.0,17.579999923706055,11548.150390625,13052.0,8195.900390625,4.1396557251327515,-1.6960164814519119,17.579999923706055
2015-10-30,8065.7998046875,17354.298828125,17.8799991607666,11486.900390625,13170.150390625,8091.9501953125,2.4586338681761966,-2.7683897222934073,17.8799991607666
2015-11-02,8050.7998046875,17340.3984375,19.479999542236328,11546.25,13029.7001953125,8097.10009765625,2.831739334864536,-2.539177233469081,19.479999542236328
2015-11-03,8060.7001953125,17325.3984375,19.559999465942383,11618.400390625,13054.5498046875,8102.89990234375,2.0451604915209476,-2.091610333444438,19.559999465942383
2015-11-04,8040.2001953125,17220.8515625,19.360000610351562,11551.599609375,12923.900390625,8235.75,0.7304062150871093,-1.603191659349501,19.360000610351562
2015-11-05,7955.4501953125,16994.90234375,19.290000915527344,11414.4501953125,12632.5,8194.150390625,-0.2714006603741992,-1.9268321223841922,19.290000915527344
2015-11-06,7954.2998046875,17086.30078125,19.469999313354492,11485.4501953125,12226.650390625,8144.4501953125,1.8215540794610963,-1.3823799585901075,19.469999313354492
2015-11-09,7915.2001953125,17002.802734375,17.040000915527344,11412.150390625,11989.0498046875,8246.2001953125,0.882620948083157,-1.6842998542337173,17.040000915527344
2015-11-10,7783.35009765625,16835.8046875,16.829999923706055,11214.2001953125,11618.2998046875,8257.7001953125,-1.0821618141164113,-3.440769299638957,16.829999923706055
2015-11-13,7762.25,16932.65234375,17.649999618530273,11102.4501953125,11640.5498046875,8178.2998046875,-0.429085194074208,-3.4570059023473987,17.649999618530273
2015-11-16,7806.60009765625,17184.701171875,17.8799991607666,11003.7998046875,11711.0,8190.35009765625,-0.46791156713551496,-1.8710455599854736,17.8799991607666
2015-11-17,7837.5498046875,17140.25,16.969999313354492,11035.099609375,11801.2001953125,8252.099609375,-1.4008240011101236,-1.467759612621078,16.969999313354492
2015-11-18,7731.7998046875,16811.904296875,17.420000076293945,10836.7001953125,11717.7998046875,8181.0,-2.7556641430193873,-2.3170657229063196,17.420000076293945
2015-11-19,7842.75,17071.701171875,15.84000015258789,11032.900390625,11674.9501953125,8295.0498046875,-3.4060794814823825,0.7631662664337346,15.84000015258789
2015-11-20,7856.5498046875,17055.40234375,15.899999618530273,11118.849609375,11685.349609375,8339.400390625,-3.634904159329333,1.214851424361485,15.899999618530273
2015-11-23,7849.25,17060.05078125,17.079999923706055,11121.2001953125,11717.150390625,8395.349609375,-4.012888036082208,0.5463313325932306,17.079999923706055
2015-11-24,7831.60009765625,16988.453125,16.25,11057.349609375,11637.849609375,8332.900390625,-3.6626544117695614,-0.07591284495176431,16.25
2015-11-26,7883.7998046875,17036.353515625,16.690000534057617,11042.9501953125,11553.2998046875,8444.599609375,-3.7351842354386378,1.9659070829517455,16.690000534057617
2015-11-27,7942.7001953125,17370.748046875,16.729999542236328,11122.900390625,11567.5498046875,8443.650390625,-2.466966696971895,1.2744279151126747,16.729999542236328
2015-11-30,7935.25,17430.197265625,16.43000030517578,11206.0,11492.900390625,8481.849609375,-2.415856347307832,1.0017144582415094,16.43000030517578
2015-12-01,7954.89990234375,17398.34765625,15.640000343322754,11256.2998046875,11608.7001953125,8419.0,-1.8870484569718515,1.3459872260884742,15.640000343322754
2015-12-02,7931.35009765625,17218.30078125,15.489999771118164,11149.599609375,11723.349609375,8416.400390625,-3.033802828336085,1.2736860763594482,15.489999771118164
2015-12-03,7864.14990234375,17109.900390625,16.059999465942383,11081.900390625,11587.2998046875,8334.650390625,-4.53985992665128,-0.2492440552849473,16.059999465942383
2015-12-04,7781.89990234375,16897.103515625,16.09000015258789,10969.0498046875,11645.0498046875,8240.7001953125,-5.959479567898185,-2.024504123467341,16.09000015258789
2015-12-07,7765.39990234375,16946.802734375,15.869999885559082,10998.650390625,11762.599609375,8221.5,-6.0066749961288135,-2.140450491871715,15.869999885559082
2015-12-08,7701.7001953125,16800.955078125,15.970000267028809,10981.849609375,11610.349609375,8210.349609375,-6.665293054544508,-3.18294020213441,15.970000267028809
2015-12-09,7612.5,16660.556640625,16.729999542236328,10930.0498046875,11372.0498046875,8067.89990234375,-8.232828589561226,-4.0201238594986695,16.729999542236328
2015-12-10,7683.2998046875,16710.857421875,16.290000915527344,11055.5,11368.150390625,8085.0,-6.988033649678327,-2.299677649867171,16.290000915527344
2015-12-11,7610.4501953125,16342.3095703125,17.18000030517578,11043.0498046875,11383.5,7943.25,-7.560521393181174,-2.203185715349698,17.18000030517578
2015-12-14,7650.0498046875,16350.4599609375,17.799999237060547,11099.7001953125,11488.0,7964.0498046875,-6.377892820738429,-1.4854366691589793,17.799999237060547
2015-12-15,7700.89990234375,16398.458984375,17.34000015258789,11058.25,11554.7998046875,8082.35009765625,-5.064876230853388,-0.010391120771446882,17.34000015258789
2015-12-16,7750.89990234375,16579.20703125,16.729999542236328,11144.900390625,11637.650390625,8035.60009765625,-3.904137344950509,1.8180611145320213,16.729999542236328
2015-12-17,7844.35009765625,16741.3046875,14.220000267028809,11275.150390625,11771.7998046875,8149.0,-2.5643378551165386,2.0961084047572243,14.220000267028809
2015-12-18,7761.9501953125,16594.107421875,14.489999771118164,11122.5,11663.7998046875,8079.2001953125,-3.7062537094945003,1.9906838112325298,14.489999771118164
2015-12-21,7834.4501953125,16824.955078125,14.229999542236328,11224.75,11556.9501953125,8154.89990234375,-2.559015882713389,2.4104469295351594,14.229999542236328
2015-12-22,7786.10009765625,16749.00390625,14.479999542236328,11095.4501953125,11595.900390625,8099.64990234375,-2.1287305369095844,1.1063667414579648,14.479999542236328
2015-12-23,7865.9501953125,16882.3046875,13.649999618530273,11195.650390625,11805.849609375,8111.0,-1.1107151043381003,1.4843475521334026,13.649999618530273
2015-12-24,7861.0498046875,16810.8046875,13.75,11184.900390625,11795.75,8136.60009765625,-0.6841316617243409,0.21288834413750735,13.75
2015-12-28,7925.14990234375,16978.953125,14.399999618530273,11271.7998046875,12009.0,8228.400390625,1.8218351083834516,2.1025606055783186,14.399999618530273
2015-12-29,7928.9501953125,16991.251953125,14.239999771118164,11253.4501953125,12022.349609375,8268.7998046875,2.14757570694708,1.2062109994207537,14.239999771118164
2015-12-30,7896.25,16917.703125,14.350000381469727,11117.599609375,11987.25,8240.2001953125,1.1483859967499122,1.414699284137222,14.350000381469727
2015-12-31,7946.35009765625,16922.001953125,13.869999885559082,11212.5498046875,11963.5,8254.75,1.3881926836838643,1.0221257489230196,13.869999885559082
2016-01-01,,17039.052734375,14.260000228881836,11174.849609375,11979.849609375,8328.2998046875,2.774907503925239,1.085100528403804,14.260000228881836
2016-01-04,7791.2998046875,16598.95703125,16.84000015258789,11029.25,11733.7001953125,8142.85009765625,-0.6560223813394495,-1.6889282765069957,16.84000015258789
2016-01-05,7784.64990234375,16542.30859375,16.700000762939453,10997.150390625,11741.5,8124.35009765625,-0.9151587418290363,-1.8199167533434424,16.700000762939453
2016-01-06,7741.0,16432.958984375,16.549999237060547,11018.150390625,11673.7998046875,8025.39990234375,-1.3791126540752319,-1.9661231597277173,16.549999237060547
2016-01-07,7568.2998046875,16073.6630859375,18.959999084472656,10863.2001953125,11451.650390625,7725.14990234375,-3.3620242311344195,-4.7575338151820805,18.959999084472656
2016-01-08,7601.35009765625,16142.462890625,17.799999237060547,10989.5498046875,11486.599609375,7744.25,-3.5826595554000806,-4.341615908689411,17.799999237060547
2016-01-11,7563.85009765625,16016.0634765625,18.690000534057617,10823.900390625,11301.0,7751.64990234375,-4.769789723145212,-2.9192780759689008,18.690000534057617
2016-01-12,7510.2998046875,15734.6171875,18.709999084472656,10790.349609375,11341.599609375,7721.0498046875,-5.3552212635077705,-3.524244520921238,18.709999084472656
2016-01-13,7562.39990234375,15871.6650390625,18.350000381469727,10839.849609375,11321.400390625,7795.5,-4.934065856496295,-2.30719671432954,18.350000381469727
2016-01-14,7536.7998046875,15609.6181640625,18.610000610351562,10980.4501953125,11369.400390625,7684.64990234375,-4.974566601029773,-0.4162097275862475,18.610000610351562
2016-01-15,7437.7998046875,15206.123046875,19.420000076293945,10994.9501953125,11259.75,7544.2001953125,-5.421439099592762,-2.151595320141586,19.420000076293945
2016-01-18,7351.0,15020.625,20.229999542236328,10984.0,11095.9501953125,7431.4501953125,-5.53720695140234,-2.8140443677248994,20.229999542236328
2016-01-19,7435.10009765625,15269.47265625,18.43000030517578,10963.099609375,11225.2001953125,7526.0,-4.253480939053878,-1.0012876847381613,18.43000030517578
2016-01-20,7309.2998046875,14935.326171875,20.969999313354492,10910.5,11133.650390625,7401.5498046875,-5.094983973328738,-3.3468224495481813,20.969999313354492
2016-01-21,7276.7998046875,15101.0244140625,20.809999465942383,10934.7001953125,10876.599609375,7259.4501953125,-4.4098547824302115,-3.4497400320795735,20.809999465942383
2016-01-22,7422.4501953125,15497.3701171875,18.81999969482422,11006.7001953125,11141.2998046875,7544.0,-3.3950205771725583,-0.20637298365204781,18.81999969482422
2016-01-25,7436.14990234375,15560.9697265625,18.270000457763672,11025.349609375,11239.400390625,7487.2998046875,-2.290275719511403,1.158344474816353,18.270000457763672
2016-01-27,7437.75,15534.4189453125,19.059999465942383,11029.099609375,11348.7998046875,7491.2998046875,-2.7751427782524374,0.035640439388107126,19.059999465942383
2016-01-28,7424.64990234375,15381.271484375,17.899999618530273,11002.7001953125,11440.7001953125,7458.0,-3.5872430950040557,1.578127874605384,17.899999618530273
2016-01-29,7563.5498046875,15522.2197265625,17.239999771118164,11236.150390625,11755.849609375,7605.0498046875,-2.417139945254587,3.9406058665415467,17.239999771118164
2016-02-01,7555.9501953125,15314.2724609375,17.889999389648438,11305.25,11742.75,7569.89990234375,-3.6765302256195675,1.798597450802819,17.889999389648438
2016-02-02,7455.5498046875,15067.8251953125,18.040000915527344,11242.099609375,11425.75,7470.39990234375,-3.947466589131654,0.26088638070131953,18.040000915527344
2016-02-03,7361.7998046875,14833.876953125,18.59000015258789,11122.25,11343.900390625,7343.2998046875,-6.032974603729002,-1.0211447724446265,18.59000015258789
2016-02-04,7404.0,14868.9775390625,18.209999084472656,11213.650390625,11215.5,7377.5498046875,-4.9074644926703215,-0.27812627686635283,18.209999084472656
2016-02-05,7489.10009765625,15161.8740234375,18.110000610351562,11227.5498046875,11652.400390625,7495.9501953125,-4.79090368358579,-0.984322295135942,18.110000610351562
2016-02-08,7387.25,15046.625,20.260000228881836,11001.4501953125,11498.7998046875,7423.2001953125,-6.027182328815373,-2.23268008591635,20.260000228881836
2016-02-09,7298.2001953125,14874.9267578125,21.729999542236328,10614.25,11557.0,7295.75,-7.910887677289724,-2.1105030949705395,21.729999542236328
2016-02-10,7215.7001953125,14588.2802734375,22.469999313354492,10600.4501953125,11352.75,7202.5,-8.995516208711528,-1.9845637378236414,22.469999313354492
2016-02-11,6976.35009765625,14028.38671875,25.969999313354492,10312.9501953125,11100.099609375,6949.4501953125,-11.649832545116357,-5.775930609721092,25.969999313354492
2016-02-12,6980.9501953125,13971.337890625,24.670000076293945,10324.4501953125,11081.0498046875,7074.5,-12.148972679022684,-6.78519309019221,24.670000076293945
2016-02-15,7162.9501953125,14444.83203125,22.3799991607666,10493.75,11191.7001953125,7391.14990234375,-9.858612982264791,-3.0363099216555556,22.3799991607666
2016-02-16,7048.25,14166.28515625,23.040000915527344,10418.650390625,10936.349609375,7248.7001953125,-9.53691711671083,-3.4248196627031158,23.040000915527344
2016-02-17,7108.4501953125,14119.685546875,21.829999923706055,10502.4501953125,11148.099609375,7320.89990234375,-8.686321356952275,-1.486342241182248,21.829999923706055
2016-02-18,7191.75,14297.984375,21.489999771118164,10702.25,11371.349609375,7373.39990234375,-7.095336519829476,3.087573004917221,21.489999771118164
2016-02-19,7210.75,14344.033203125,20.920000076293945,10768.900390625,11341.650390625,7441.5,-4.724308152619006,3.291812693948226,20.920000076293945
2016-02-22,7234.5498046875,14384.6328125,21.020000457763672,10720.599609375,11487.7001953125,7464.7998046875,-4.8254624278106455,0.9995826778448791,21.020000457763672
2016-02-23,7109.5498046875,14008.1865234375,23.84000015258789,10601.4501953125,11351.2998046875,7351.60009765625,-6.006204341748134,0.869716662824116,23.84000015258789
2016-02-24,7018.7001953125,13793.8896484375,22.959999084472656,10468.0498046875,11130.2001953125,7261.14990234375,-6.545672238918765,-1.2625818221133955,22.959999084472656
2016-02-25,6970.60009765625,13555.54296875,22.75,10403.5,11177.099609375,7175.75,-7.825555542283458,-3.0750499161365408,22.75
2016-02-26,7029.75,13791.2900390625,21.8700008392334,10463.349609375,11164.25,7164.85009765625,-6.727653882648454,-2.5101411087612213,21.8700008392334
2016-02-29,6987.0498046875,13946.23828125,20.15999984741211,10278.400390625,11167.7001953125,7092.2998046875,-6.06025991336746,-3.4210836428223423,20.15999984741211
2016-03-01,7222.2998046875,14412.732421875,18.670000076293945,10637.349609375,11294.400390625,7396.0498046875,-1.750784863453947,1.5858950720854637,18.670000076293945
2016-03-02,7368.85009765625,15092.2744140625,18.989999771118164,10897.099609375,11278.4501953125,7435.14990234375,-0.8910438209282945,4.988814062432834,18.989999771118164
2016-03-03,7475.60009765625,15177.5732421875,18.040000915527344,11054.9501953125,11502.2998046875,7580.2998046875,2.2751877390786435,7.244713409535541,18.040000915527344
2016-03-04,7485.35009765625,15339.021484375,17.8799991607666,10980.849609375,11537.650390625,7591.75,2.8659616667536802,6.4810284527365924,17.8799991607666
2016-03-08,7485.2998046875,15146.32421875,18.469999313354492,10914.2001953125,11570.349609375,7596.64990234375,0.8467501663357968,7.131049783926424,18.469999313354492
2016-03-09,7531.7998046875,15278.8720703125,17.510000228881836,10925.7998046875,11601.0,7689.7998046875,1.2862826005377137,4.285338581474063,17.510000228881836
2016-03-10,7486.14990234375,15180.4736328125,17.899999618530273,10826.900390625,11623.0,7688.2998046875,0.6507331161137442,1.5918332322272244,17.899999618530273
2016-03-11,7510.2001953125,15168.0234375,17.100000381469727,10835.4501953125,11695.599609375,7723.5498046875,1.152246827715664,0.46284040350281774,17.100000381469727
2016-03-14,7538.75,15277.6220703125,17.100000381469727,10866.849609375,11719.2001953125,7777.14990234375,-0.3278857854830286,0.7133921813552879,17.100000381469727
2016-03-15,7460.60009765625,15326.6220703125,17.600000381469727,10730.4501953125,11325.599609375,7711.10009765625,-1.261920674323691,-0.3299761890069197,17.600000381469727
2016-03-16,7498.75,15461.5205078125,17.110000610351562,10803.2001953125,11381.75,7671.7001953125,0.5794367477142792,-0.43880354688836665,17.110000610351562
2016-03-17,7512.5498046875,15443.8203125,16.84000015258789,10923.5,11227.400390625,7662.60009765625,2.0477329457398774,0.35264992937804607,16.84000015258789
2016-03-18,7604.35009765625,15654.66796875,16.3799991607666,11159.7001953125,11092.25,7767.10009765625,2.7059710650493063,1.2536270657939719,16.3799991607666
2016-03-21,7704.25,15925.9140625,16.329999923706055,11193.849609375,11235.7001953125,7867.60009765625,2.8728405220686204,2.1953241585143335,16.329999923706055
2016-03-22,7714.89990234375,15935.814453125,16.43000030517578,11206.599609375,11217.5,7947.14990234375,4.43534335975837,3.408570374484876,16.43000030517578
2016-03-23,7716.5,15887.5654296875,16.350000381469727,11228.150390625,11198.2998046875,7990.75,5.7315474157062285,2.9038173028838044,16.350000381469727
2016-03-28,7615.10009765625,15604.71875,17.489999771118164,11168.7001953125,10960.0498046875,7876.7001953125,5.535151011445993,1.365053086300505,17.489999771118164
2016-03-29,7597.0,15666.068359375,17.639999389648438,11114.7001953125,10665.25,7955.0,8.89648446043816,-0.0966564869036679,17.639999389648438
2016-03-30,7735.2001953125,16134.662109375,16.809999465942383,11254.5498046875,10910.2001953125,8084.0,10.804403109858264,0.40172885501508215,16.809999465942383
2016-03-31,7738.39990234375,16141.462890625,16.579999923706055,11309.2998046875,10989.150390625,8087.60009765625,8.033696889416175,0.30460537787224684,16.579999923706055
2016-04-01,7713.0498046875,16174.7119140625,17.280000686645508,11194.650390625,10928.2998046875,8030.0498046875,9.432125771468103,-0.044711920073869926,17.280000686645508
2016-04-04,7758.7998046875,16190.4111328125,17.450000762939453,11387.7001953125,10978.0,8124.5498046875,9.148964844740103,1.8870363513078026,17.450000762939453
2016-04-05,7603.2001953125,15694.8173828125,17.829999923706055,11274.9501953125,10876.900390625,7883.10009765625,5.721141520666051,0.08161373321706744,17.829999923706055
2016-04-06,7614.35009765625,15636.7685546875,17.350000381469727,11224.9501953125,10905.5498046875,7919.9501953125,5.597199981364631,-1.5623396241183918,17.350000381469727
2016-04-07,7546.4501953125,15530.5693359375,16.93000030517578,11102.599609375,10984.349609375,7834.60009765625,4.311261917402365,-2.480483167755565,16.93000030517578
2016-04-08,7555.2001953125,15568.1689453125,16.43000030517578,11061.150390625,11012.5,7821.2998046875,6.2683348857218935,-2.0465265150896528,16.43000030517578
2016-04-11,7671.39990234375,15818.31640625,16.010000228881836,11291.349609375,11024.75,7992.5498046875,9.299438483882838,-1.1264616247856685,16.010000228881836
2016-04-12,7708.9501953125,15880.015625,16.020000457763672,11304.4501953125,11132.650390625,8116.5,10.592346244400218,1.390861706695512,16.020000457763672
2016-04-13,7850.4501953125,16278.3603515625,16.040000915527344,11351.849609375,11225.75,8399.349609375,11.674671152067994,3.100725533081583,16.040000915527344
2016-04-18,7914.7001953125,16222.51171875,16.950000762939453,11597.25,11317.900390625,8386.150390625,13.276710722781093,4.879777782522687,16.950000762939453
2016-04-20,7914.75,16349.509765625,17.079999923706055,11552.75,11267.5,8341.400390625,9.587668942558691,4.75897124354927,17.079999923706055
2016-04-21,7912.0498046875,16636.95703125,16.510000228881836,11355.400390625,11320.650390625,8320.2998046875,7.371566795801976,3.1369750685299014,16.510000228881836
2016-04-22,7899.2998046875,16703.20703125,16.3799991607666,11304.0498046875,11286.75,8401.400390625,5.66776849344961,2.4692027390544657,16.3799991607666
2016-04-25,7855.0498046875,16678.45703125,16.56999969482422,11315.4501953125,11185.25,8322.400390625,4.938976830850006,0.05859038985747134,16.56999969482422
2016-04-26,7962.64990234375,17002.353515625,16.579999923706055,11417.349609375,11295.599609375,8457.0498046875,6.377167382892535,0.605830996095702,16.579999923706055
2016-04-27,7979.89990234375,16872.75390625,16.350000381469727,11453.0,11270.5498046875,8479.650390625,5.949442487536238,0.8231454227076052,16.350000381469727
2016-04-28,7847.25,16716.70703125,16.600000381469727,11287.150390625,11179.400390625,8317.650390625,4.8235755677721315,-0.8190014760664055,16.600000381469727
2016-04-29,7849.7998046875,16794.8046875,16.540000915527344,11196.25,11293.25,8288.9501953125,4.521844964758226,-0.6266378188434674,16.540000915527344
2016-05-02,7805.89990234375,16542.80859375,17.09000015258789,11117.7001953125,11271.900390625,8299.0498046875,3.543689634803515,-0.6257108938306111,17.09000015258789
2016-05-03,7747.0,16388.5078125,17.459999084472656,10925.7001953125,11148.150390625,8263.0498046875,3.8388319785927383,-2.7082680387627622,17.459999084472656
2016-05-04,7706.5498046875,16274.060546875,17.450000762939453,10948.599609375,11182.0,8087.2998046875,2.7711259168194724,-3.4254827880230043,17.450000762939453
2016-05-05,7735.5,16280.810546875,17.170000076293945,10973.849609375,11233.400390625,8133.89990234375,2.9677033911094775,-1.4240657555194547,17.170000076293945
2016-05-06,7733.4501953125,16296.41015625,16.950000762939453,10887.0,11121.400390625,8196.7998046875,1.697713755920316,-1.4821984288761358,16.950000762939453
2016-05-09,7866.0498046875,16685.90625,16.610000610351562,10991.5,11183.25,8315.9501953125,2.1001369982477147,0.7705697369458919,16.610000610351562
2016-05-10,7887.7998046875,16784.75390625,16.420000076293945,11034.400390625,11266.849609375,8234.349609375,2.241116599467796,1.8174752121788984,16.420000076293945
2016-05-11,7848.85009765625,16754.25390625,16.959999084472656,10960.400390625,11186.400390625,8192.25,1.7151571004503374,1.846485088336114,16.959999084472656
2016-05-12,7900.39990234375,16923.501953125,16.329999923706055,11081.099609375,11264.599609375,8234.25,3.746501044356698,2.131729071730981,16.329999923706055
2016-05-13,7814.89990234375,16716.70703125,17.0,11030.7001953125,11157.650390625,8160.39990234375,2.868236176698047,1.0532130546417662,17.0
2016-05-16,7860.75,16737.35546875,17.030000686645508,11087.75,11205.400390625,8200.2001953125,1.623097030682974,-0.0673756818109883,17.030000686645508
2016-05-17,7890.75,16762.5546875,16.3700008392334,11125.099609375,11251.650390625,8245.0498046875,1.9687545174565946,0.03740200544575245,16.3700008392334
2016-05-18,7870.14990234375,16728.75390625,16.450000762939453,11120.0498046875,11271.2998046875,8145.35009765625,2.036809065601708,0.27137484373489507,16.450000762939453
2016-05-19,7783.39990234375,16565.056640625,17.059999465942383,11094.599609375,11246.0,8104.75,0.3170606057058878,-1.4809376923475837,17.059999465942383
2016-05-20,7749.7001953125,16481.2578125,16.43000030517578,11036.150390625,11070.650390625,8080.75,1.9268202366987452,-0.8342999634799675,16.43000030517578
2016-05-23,7731.0498046875,16407.359375,16.15999984741211,10939.900390625,10958.5,8026.60009765625,1.532628596459884,-1.649972271252742,16.15999984741211
2016-05-24,7748.85009765625,16456.458984375,16.219999313354492,10924.7998046875,10851.150390625,8051.75,2.682054437588044,-1.7983069080093728,16.219999313354492
2016-05-25,7934.89990234375,16997.251953125,15.520000457763672,11215.5,10908.5498046875,8211.9501953125,5.025673671318831,0.822728928971439,15.520000457763672
2016-05-26,8069.64990234375,17359.099609375,15.329999923706055,11337.150390625,10882.2001953125,8312.650390625,5.19136018288302,3.6776987382314053,15.329999923706055
2016-05-27,8156.64990234375,17511.59765625,15.260000228881836,11420.849609375,11206.7998046875,8393.9501953125,5.8075314496580654,5.251167100340193,15.260000228881836
2016-05-30,8178.5,17520.447265625,15.979999542236328,11547.5,11175.0,8497.0,4.178738754159328,5.787702920258009,15.979999542236328
2016-05-31,8160.10009765625,17620.6953125,16.049999237060547,11395.849609375,10995.4501953125,8720.400390625,3.1005584076209125,5.307239071825487,16.049999237060547
2016-06-01,8179.9501953125,17423.24609375,15.84000015258789,11494.900390625,10957.2001953125,8670.7998046875,3.3507084280931076,3.088259410762939,15.84000015258789
2016-06-02,8218.9501953125,17567.595703125,15.09000015258789,11458.2001953125,10902.099609375,8713.7001953125,3.878898619207072,1.8501458523670022,15.09000015258789
2016-06-03,8220.7998046875,17680.595703125,15.0,11462.0,10808.2001953125,8749.25,4.069980985013633,0.7864736517049442,15.0
2016-06-06,8201.0498046875,17671.1953125,15.359999656677246,11395.7998046875,10678.849609375,8763.5498046875,4.404809754274552,0.27572054395672563,15.359999656677246
2016-06-07,8266.4501953125,17947.94140625,14.869999885559082,11413.349609375,10739.349609375,8799.0,3.8153164674404216,1.303294032959168,14.869999885559082
2016-06-08,8273.0498046875,17946.591796875,15.140000343322754,11404.5,10716.5498046875,8841.849609375,3.6736037535715083,1.1381439636191315,15.140000343322754
2016-06-09,8203.599609375,17887.4921875,15.670000076293945,11264.849609375,10665.400390625,8784.2001953125,4.541076292650281,-0.18677064068662874,15.670000076293945
2016-06-10,8170.0498046875,17828.392578125,15.970000267028809,11229.0498046875,10657.599609375,8688.2998046875,4.079721877859388,-0.6173365269284692,15.970000267028809
2016-06-13,8110.60009765625,17593.744140625,16.579999923706055,11191.5498046875,10706.599609375,8599.099609375,3.903460191963415,-1.1029040084545194,16.579999923706055
2016-06-14,8108.85009765625,17672.1953125,17.190000534057617,11169.4501953125,10781.400390625,8613.150390625,4.670841585855823,-1.9065027180060645,17.190000534057617
2016-06-15,8206.599609375,17917.69140625,17.059999465942383,11282.0498046875,10790.2998046875,8689.650390625,6.4886339199851095,-0.8032128039994313,17.059999465942383
2016-06-16,8140.75,17671.095703125,17.700000762939453,11244.25,10762.2001953125,8612.7998046875,5.238833947385424,-0.7661223410169393,17.700000762939453
2016-06-17,8170.2001953125,17695.845703125,17.350000381469727,11290.7998046875,10653.4501953125,8675.2001953125,5.647543967694113,0.0018407553025401313,17.350000381469727
2016-06-20,8238.5,17718.39453125,17.520000457763672,11506.599609375,10685.849609375,8799.0498046875,4.734907667258237,1.5769474613932744,17.520000457763672
2016-06-21,8219.900390625,17618.89453125,17.260000228881836,11488.4501953125,10627.349609375,8858.4501953125,4.210306982438139,1.369494954665007,17.260000228881836
2016-06-22,8203.7001953125,17625.845703125,18.18000030517578,11490.7998046875,10696.5,8778.2001953125,4.521045672183388,-0.035330273200950835,18.18000030517578
2016-06-23,8270.4501953125,17892.2421875,18.020000457763672,11487.0498046875,10793.099609375,8870.2001953125,4.683943819843472,1.5932216971716429,18.020000457763672
2016-06-24,8088.60009765625,17425.84765625,18.6299991607666,11203.150390625,10747.7998046875,8631.650390625,3.502286641322372,-0.9987527319473388,18.6299991607666
2016-06-27,8094.7001953125,17514.74609375,18.530000686645508,11008.0498046875,10964.0498046875,8605.400390625,2.9761816024234333,-1.7454610024579709,18.530000686645508
2016-06-28,8127.85009765625,17561.345703125,17.729999542236328,10884.650390625,11035.349609375,8618.849609375,3.0047853202325614,-1.1198468180190546,17.729999542236328
2016-06-29,8204.0,17689.6953125,16.15999984741211,11057.400390625,11084.7001953125,8744.7001953125,4.24197889238207,0.0036545056543157983,16.15999984741211
2016-06-30,8287.75,17935.19140625,16.290000915527344,11120.150390625,11142.0,8863.75,6.479817354680439,0.2091760941539178,16.290000915527344
2016-07-01,8328.349609375,17985.44140625,15.739999771118164,11098.400390625,11250.900390625,8894.849609375,7.466732899067541,2.964042094109942,15.739999771118164
2016-07-04,8370.7001953125,18097.439453125,15.579999923706055,11184.849609375,11319.849609375,8956.900390625,8.273784373205896,3.4096383231071004,15.579999923706055
2016-07-05,8335.9501953125,18004.041015625,15.359999656677246,11141.0,11361.599609375,8852.400390625,7.576609306635396,2.5603338540441056,15.359999656677246
2016-07-07,8337.900390625,18084.689453125,15.3100004196167,10942.0,11527.0498046875,8801.4501953125,5.078835186846087,1.6321354293637347,15.3100004196167
2016-07-08,8323.2001953125,18016.041015625,15.079999923706055,10946.7001953125,11569.7001953125,8870.5,3.142023458726606,0.42774209299869526,15.079999923706055
2016-07-11,8467.900390625,18390.736328125,14.850000381469727,11045.9501953125,11745.7001953125,9058.7998046875,3.8159108458463376,1.6756114692028756,14.850000381469727
2016-07-12,8521.0498046875,18667.3828125,14.779999732971191,11056.7998046875,11680.650390625,9121.849609375,4.188418471449529,1.796141372488691,14.779999732971191
2016-07-13,8519.5,18618.732421875,15.329999923706055,11128.2001953125,11639.7998046875,9069.9501953125,4.404356540270582,2.2019062060941064,15.329999923706055
2016-07-14,8565.0,18863.53125,15.609999656677246,11157.849609375,11590.650390625,9115.150390625,4.707238986713547,2.723702595803945,15.609999656677246
2016-07-15,8541.400390625,18953.4296875,15.640000343322754,10716.4501953125,11607.7001953125,9204.4501953125,3.9232528200061623,2.6215901359117444,15.640000343322754
2016-07-18,8508.7001953125,18923.1796875,15.989999771118164,10735.099609375,11556.849609375,9226.0,3.5020970886657343,0.4818172487322858,15.989999771118164
2016-07-19,8528.5498046875,18904.9296875,15.800000190734863,10766.2998046875,11647.0,9260.0498046875,3.99339118527009,0.08801732382639482,15.800000190734863
2016-07-20,8565.849609375,18967.978515625,15.989999771118164,10764.7001953125,11925.349609375,9279.7998046875,3.6218619478560976,0.5440414270203586,15.989999771118164
2016-07-21,8510.099609375,18674.083984375,15.710000038146973,10772.25,11820.650390625,9208.650390625,2.865325487986148,-0.6409852962638629,15.710000038146973
2016-07-22,8541.2001953125,18690.18359375,15.5,10756.0,11815.75,9290.5,4.115273806777364,-0.002343823065831252,15.5
2016-07-25,8635.650390625,18989.37890625,15.720000267028809,10870.900390625,11869.599609375,9378.7998046875,5.6988708400573795,1.492004564721161,15.720000267028809
2016-07-26,8590.650390625,18860.630859375,15.619999885559082,10877.650390625,11691.150390625,9255.400390625,5.918801163769283,0.7281494200030103,15.619999885559082
2016-07-27,8615.7998046875,19021.728515625,15.430000305175781,10928.4501953125,11569.900390625,9330.75,6.2518076043578175,0.5831318268515018,15.430000305175781
2016-07-28,8666.2998046875,19076.328125,15.149999618530273,10935.650390625,11615.75,9404.349609375,5.601591611553114,1.8354684725478965,15.149999618530273
2016-07-29,8638.5,18952.9296875,14.920000076293945,10913.2998046875,11697.25,9470.849609375,6.114301507846331,1.139181876815143,14.920000076293945
2016-08-01,8636.5498046875,18740.380859375,15.180000305175781,11139.0498046875,11685.400390625,9530.0498046875,5.707933688608513,0.010415128239515958,15.180000305175781
2016-08-02,8622.900390625,18708.033203125,15.6899995803833,11179.0,11567.7998046875,9469.599609375,4.665902659768162,0.37540813015968233,15.6899995803833
2016-08-03,8544.849609375,18601.783203125,16.239999771118164,11181.400390625,11553.2001953125,9301.75,3.9532014173871532,-0.8234893674514021,16.239999771118164
2016-08-04,8551.099609375,18571.482421875,15.140000343322754,11148.4501953125,11591.0,9439.75,4.234667354872368,-1.3292892919558263,15.140000343322754
2016-08-05,8683.150390625,18925.728515625,14.350000381469727,11137.0498046875,11678.900390625,9738.650390625,4.990057198414766,0.5168766640620381,14.350000381469727
2016-08-08,8711.349609375,18939.228515625,14.59000015258789,11197.2001953125,11692.650390625,9797.5498046875,7.699101256090013,0.8660843320431377,14.59000015258789
2016-08-09,8678.25,18933.080078125,14.539999961853027,11198.0,11595.150390625,9747.599609375,7.209035425739718,0.6418908588481154,14.539999961853027
2016-08-10,8575.2998046875,18647.583984375,14.920000076293945,11175.900390625,11361.900390625,9559.349609375,5.505142216639514,0.35635729947887107,14.920000076293945
2016-08-11,8592.150390625,18640.18359375,14.210000038146973,11222.2001953125,11376.900390625,9513.25,4.731233430338855,0.48006435575833617,14.210000038146973
2016-08-12,,18963.478515625,13.770000457763672,11173.400390625,11362.400390625,9618.5,3.6728954254773516,-1.048006724589856,13.770000457763672
2016-08-16,8642.5498046875,19001.9296875,14.180000305175781,10993.5498046875,11420.0,9558.599609375,3.7726585704184856,-0.7897720533849184,14.180000305175781
2016-08-17,8624.0498046875,19041.029296875,14.779999732971191,10808.75,11496.7998046875,9647.0,3.026623860174471,-0.6245521310460078,14.779999732971191
2016-08-18,8673.25,19352.576171875,14.550000190734863,10783.5,11565.2998046875,9678.599609375,4.046327014731577,1.1422363945684744,14.550000190734863
2016-08-19,8666.900390625,19414.47265625,14.539999961853027,10727.599609375,11587.400390625,9638.5498046875,3.945837496091009,0.8699801167535437,14.539999961853027
2016-08-22,8629.150390625,19330.025390625,14.239999771118164,10593.2001953125,11473.7998046875,9539.0,3.6758721180923493,0.43062560963051943,14.239999771118164
2016-08-23,8632.599609375,19341.42578125,13.899999618530273,10767.099609375,11409.0498046875,9526.2998046875,1.9449829491657855,-0.11513032076602148,13.899999618530273
2016-08-24,8650.2998046875,19355.375,13.489999771118164,10786.349609375,11536.5498046875,9529.0,1.5168318806081604,0.3043813590423827,13.489999771118164
2016-08-25,8592.2001953125,19304.025390625,13.289999961853027,10665.650390625,11490.849609375,9470.849609375,0.8533387559422456,-0.9344802085435089,13.289999961853027
2016-08-26,8572.5498046875,19195.52734375,13.569999694824219,10523.0498046875,11395.4501953125,9538.400390625,0.08814716506129194,-1.0886312486013905,13.569999694824219
2016-08-29,8607.4501953125,19216.77734375,13.170000076293945,10385.349609375,11382.349609375,9697.0,0.773290112473779,-0.2514754562172872,13.170000076293945
2016-08-30,8744.349609375,19531.32421875,13.020000457763672,10572.2998046875,11552.75,9866.0498046875,2.7695113078766154,1.2945115614842129,13.020000457763672
2016-08-31,8786.2001953125,19787.369140625,13.239999771118164,10546.099609375,11489.150390625,9897.2998046875,3.021034015459345,1.571048330040048,13.239999771118164
2016-09-01,8774.650390625,19788.619140625,13.34000015258789,10533.25,11463.349609375,9939.9501953125,2.4375956942026544,2.1234397612387657,13.34000015258789
2016-09-02,8809.650390625,19882.96875,12.9399995803833,10528.349609375,11555.150390625,10052.9501953125,3.5199444777356703,2.7658117052624442,12.9399995803833
2016-09-06,8943.0,20425.9609375,12.75,10545.2998046875,11612.7001953125,10348.5498046875,4.704254618783099,3.898364754642847,12.75
2016-09-07,8917.9501953125,20406.6640625,13.149999618530273,10499.900390625,11633.0498046875,10359.849609375,3.2690045557421943,1.9852887143416487,13.149999618530273
2016-09-08,8952.5,20417.01171875,13.119999885559082,10240.5,11936.650390625,10458.650390625,4.212132876107821,1.8927386241007982,13.119999885559082
2016-09-09,8866.7001953125,20245.06640625,13.229999542236328,10291.900390625,11818.7998046875,10299.2001953125,2.9120963382702536,1.0490424186683,13.229999542236328
2016-09-12,8715.599609375,19790.369140625,15.239999771118164,10374.9501953125,11622.599609375,10013.5,0.5688679805519126,-1.0675881230211681,15.239999771118164
2016-09-14,8726.599609375,19908.919921875,14.760000228881836,10302.849609375,11640.599609375,10086.25,1.0198484618278547,-2.419774020183385,14.760000228881836
2016-09-15,8742.5498046875,19837.3203125,14.680000305175781,10289.5,11715.650390625,10064.0498046875,1.2273419640614902,-1.9668240658844982,14.680000305175781
2016-09-16,8779.849609375,19855.21875,14.579999923706055,10399.25,11725.5,10117.9501953125,1.8201441700595122,-1.9285159522479778,14.579999923706055
2016-09-19,8808.400390625,19906.619140625,14.9399995803833,10463.400390625,11766.650390625,10146.349609375,3.0843232274192944,-0.6575141078788316,14.9399995803833
2016-09-20,8775.900390625,19852.0703125,14.779999732971191,10426.7001953125,11746.400390625,10075.0,2.6289108011739115,0.6918718614051134,14.779999732971191
2016-09-21,8777.150390625,19828.21875,14.8100004196167,10456.5,11730.9501953125,10095.9501953125,1.082556396829082,0.5792723799965982,14.8100004196167
2016-09-22,8867.4501953125,20109.365234375,13.34000015258789,10397.150390625,11844.4501953125,10250.349609375,1.79192195167448,1.4286494605730615,13.34000015258789
2016-09-23,8831.5498046875,19901.5703125,13.25,10391.0498046875,11798.650390625,10224.9501953125,1.7664829278656313,0.5888505795964338,13.25
2016-09-26,8723.0498046875,19591.521484375,14.569999694824219,10330.0,11708.7001953125,10048.650390625,1.722971830317066,-0.9689680549528679,14.569999694824219
2016-09-27,8706.400390625,19518.47265625,14.25,10397.0,11782.599609375,9992.5,1.3297020513591162,-0.7919415319964762,14.25
2016-09-28,8745.150390625,19653.322265625,13.850000381469727,10360.5,11777.75,10115.9501953125,1.7806950884721395,-0.36458302040921486,13.850000381469727
2016-09-29,8591.25,19183.427734375,18.450000762939453,10257.7998046875,11432.2001953125,9893.849609375,-0.5935725665089708,-3.114764551578808,18.450000762939453
2016-09-30,8611.150390625,19285.474609375,17.18000030517578,10292.2998046875,11461.0,10029.2998046875,-0.14957490221692016,-2.495591588528656,17.18000030517578
2016-10-03,8738.099609375,19588.822265625,15.619999885559082,10309.849609375,11638.25,10275.5,0.7476967615945629,0.17252916152574738,15.619999885559082
2016-10-04,8769.150390625,19672.470703125,14.989999771118164,10394.2998046875,11681.400390625,10289.7001953125,1.1797758759360288,0.7207341402259537,14.989999771118164
2016-10-05,8743.9501953125,19536.623046875,14.930000305175781,10333.400390625,11615.900390625,10344.0,1.3303720469656222,-0.013724124330516396,14.930000305175781
2016-10-06,8709.5498046875,19394.826171875,14.84000015258789,10242.5,11494.4501953125,10269.849609375,0.8913907605413884,1.3769801214898791,14.84000015258789
2016-10-07,8697.599609375,19399.875,14.489999771118164,10184.25,11480.099609375,10344.2998046875,0.5467995994990593,1.0039218319089827,14.489999771118164
2016-10-10,8708.7998046875,19378.326171875,14.289999961853027,10270.9501953125,11547.2998046875,10335.7998046875,1.3570401844059887,-0.3353109485735861,14.289999961853027
2016-10-13,8573.349609375,18954.029296875,15.430000305175781,10243.75,11338.849609375,10203.0,0.009329834246774027,-2.232836392671844,15.430000305175781
2016-10-14,8583.400390625,19019.9296875,14.890000343322754,10228.650390625,11380.099609375,10223.4501953125,-0.27940684107120584,-1.8361244186130943,14.890000343322754
2016-10-17,8520.400390625,19070.1796875,15.65999984741211,10158.75,11279.400390625,10008.400390625,-2.5610734789228817,-2.171747315351469,15.65999984741211
2016-10-18,8677.900390625,19494.82421875,14.539999961853027,10377.150390625,11469.4501953125,10150.0498046875,-1.2326125319256698,-0.22649029197396864,14.539999961853027
2016-10-19,8659.099609375,19411.873046875,14.609999656677246,10411.099609375,11527.75,10092.5498046875,-1.3168704860703762,-0.5706893765745846,14.609999656677246
2016-10-20,8699.400390625,19658.470703125,14.170000076293945,10372.9501953125,11483.349609375,10088.7001953125,-1.2514685045541096,1.4702629309804705,14.170000076293945
2016-10-21,8693.0498046875,19710.671875,13.829999923706055,10477.099609375,11494.5498046875,10101.599609375,-2.7949255877501966,1.2774589215512,13.829999923706055
2016-10-24,8708.9501953125,19807.669921875,14.329999923706055,10327.7001953125,11487.599609375,10188.2001953125,-2.343587880877107,2.2129218821096863,14.329999923706055
2016-10-25,8691.2998046875,19834.669921875,14.479999542236328,10261.400390625,11585.9501953125,10143.7001953125,-2.917622957972632,0.15440847969372395,14.479999542236328
2016-10-26,8615.25,19483.373046875,14.449999809265137,10157.349609375,11454.900390625,10056.5498046875,-2.8358937346887214,-0.5063991795119738,14.449999809265137
2016-10-27,8615.25,19514.373046875,14.09000015258789,10052.900390625,11534.5498046875,9912.849609375,-1.1513792954308988,-0.9673125370305513,14.09000015258789
2016-10-28,8638.0,19555.72265625,14.649999618530273,10048.400390625,11571.849609375,10056.7001953125,-1.0152821641984944,-0.6332622718647651,14.649999618530273
2016-11-01,8626.25,19458.373046875,15.739999771118164,9990.599609375,11530.150390625,10105.5498046875,-1.3302732873782808,-0.9496000488900758,15.739999771118164
2016-11-02,8514.0,19227.677734375,16.799999237060547,9871.25,11268.900390625,9973.7998046875,-3.0279517440837456,-2.0399688041123243,16.799999237060547
2016-11-03,8484.9501953125,19178.4765625,16.469999313354492,9809.75,11124.2998046875,9948.25,-3.6720650852424486,-1.5124320790168566,16.469999313354492
2016-11-04,8433.75,19057.87890625,16.850000381469727,9924.0498046875,10606.0,9870.75,-3.898749705392146,-2.106729346217462,16.850000381469727
2016-11-07,8497.0498046875,19355.775390625,16.510000228881836,9970.0,10818.75,9892.599609375,-3.191247426233912,-1.6317457202188024,16.510000228881836
2016-11-08,8543.5498046875,19500.57421875,16.770000457763672,10008.400390625,10665.7998046875,10079.7001953125,-3.6526891439009113,-0.9587039016084598,16.770000457763672
2016-11-09,8432.0,19518.0234375,16.6200008392334,9683.25,10871.099609375,9819.7998046875,-4.524118795949406,-0.9631195677707316,16.6200008392334
2016-11-10,8525.75,20200.015625,15.460000038146973,9654.75,10990.5498046875,9758.150390625,-2.2618213710241197,0.48084907687542255,15.460000038146973
2016-11-11,8296.2998046875,19738.572265625,17.360000610351562,9434.599609375,10901.25,9308.2998046875,-4.710334553176465,-1.6297636912701918,17.360000610351562
2016-11-15,8108.4501953125,19289.525390625,20.149999618530273,9487.0,10747.900390625,8828.599609375,-7.280608873176808,-4.573347435960939,20.149999618530273
2016-11-16,8111.60009765625,19107.876953125,19.5,9641.0,10559.25,8918.650390625,-5.58300482867743,-5.055857540553655,19.5
2016-11-17,8079.9501953125,19087.626953125,18.709999084472656,9496.2001953125,10595.650390625,8915.599609375,-6.1687483229978195,-4.175163717830888,18.709999084472656
2016-11-18,8074.10009765625,18958.830078125,17.809999465942383,9476.4501953125,10751.4501953125,8983.849609375,-7.598900692392574,-5.297480014588163,17.809999465942383
2016-11-21,7929.10009765625,18446.185546875,19.100000381469727,9453.75,10642.099609375,8681.599609375,-9.579608691246055,-4.426066025528375,19.100000381469727
2016-11-22,8002.2998046875,18548.435546875,18.469999313354492,9509.4501953125,10693.849609375,8852.900390625,-8.481868881442022,-1.3091329177352007,18.469999313354492
2016-11-23,8033.2998046875,18540.685546875,18.040000915527344,9549.849609375,10934.2001953125,8891.150390625,-7.764465617224447,-0.9652878843395385,18.040000915527344
2016-11-24,7965.5,18255.88671875,17.15999984741211,9656.25,10762.4501953125,8754.5,-8.417260419597628,-1.4164715443282905,17.15999984741211
2016-11-25,8114.2998046875,18507.0859375,17.610000610351562,10114.900390625,11085.0,8780.400390625,-6.82642859329492,0.49788467501064027,17.610000610351562
2016-11-28,8126.89990234375,18301.236328125,18.059999465942383,10106.2001953125,11110.25,8826.650390625,-5.20741282430679,2.4946059735828863,18.059999465942383
2016-11-29,8142.14990234375,18223.5390625,17.709999084472656,10059.599609375,11061.2998046875,9017.9501953125,-5.140742225694083,1.7476238215210271,17.709999084472656
2016-11-30,8224.5,18627.583984375,16.850000381469727,10087.7001953125,11080.0498046875,9113.7998046875,-3.472846075996372,2.380095352608813,16.850000381469727
2016-12-01,8192.900390625,18428.234375,16.690000534057617,10049.75,11132.0498046875,9041.0,-5.588909507695671,2.8548162780114295,16.690000534057617
2016-12-02,8086.7998046875,18247.4375,17.93000030517578,9922.7998046875,11038.0498046875,8888.7001953125,-6.609229948895434,-0.3389078621930386,17.93000030517578
2016-12-05,8128.75,18408.685546875,17.290000915527344,9836.0,11073.5,9046.25,-6.559651987509019,0.022765109432643094,17.290000915527344
2016-12-06,8143.14990234375,18420.685546875,17.110000610351562,9834.9501953125,11069.849609375,9014.0,-6.325741997327916,0.012281768476318788,17.110000610351562
2016-12-07,8102.0498046875,18233.9375,16.850000381469727,9777.900390625,10832.650390625,9053.25,-6.968697455080841,-1.488846681409206,16.850000381469727
2016-12-08,8246.849609375,18515.234375,15.529999732971191,9935.900390625,10972.650390625,9299.0498046875,-5.113736786214574,0.6584874242061334,15.529999732971191
2016-12-09,8261.75,18695.583984375,15.069999694824219,9997.5,10929.4501953125,9252.2998046875,-4.103189112329875,2.163404554804127,15.069999694824219
2016-12-12,8170.7998046875,18392.736328125,16.190000534057617,9953.900390625,10895.900390625,9092.0,-5.1588775173384445,0.5172973050899587,16.190000534057617
2016-12-13,8221.7998046875,18465.8359375,15.920000076293945,10058.650390625,10947.900390625,9196.0,-4.818247225196803,0.965841268881884,15.920000076293945
2016-12-14,8182.4501953125,18341.287109375,16.59000015258789,10128.9501953125,10859.25,9146.0498046875,-5.144759364584839,0.9923462896819446,16.59000015258789
2016-12-15,8153.60009765625,18400.935546875,15.65999984741211,10195.75,10655.5,9118.25,-4.233026806950313,-1.130728898132738,15.65999984741211
2016-12-16,8139.4501953125,18312.587890625,15.25,10222.9501953125,10646.5,9153.5,-4.071915474422827,-1.480313549641421,15.25
2016-12-19,8104.35009765625,18256.837890625,14.84000015258789,10223.650390625,10555.7001953125,9098.0498046875,-3.9057347246924556,-0.8132582931860366,14.84000015258789
2016-12-20,8082.39990234375,18069.189453125,14.539999961853027,10322.849609375,10436.75,9023.0498046875,-4.879927879380008,-1.695491323740017,14.539999961853027
2016-12-21,8061.2998046875,18084.2890625,14.710000038146973,10228.25,10361.599609375,9013.0,-5.644609220109054,-1.480612624986144,14.710000038146973
2016-12-22,7979.10009765625,17891.2421875,15.550000190734863,10163.0,10226.150390625,8961.2998046875,-5.371203775423982,-2.14015892256183,15.550000190734863
2016-12-23,7985.75,17883.79296875,15.130000114440918,10071.0498046875,10156.650390625,8987.25,-6.333753628713012,-1.8883363326065439,15.130000114440918
2016-12-26,7908.25,17655.345703125,16.600000381469727,10023.2998046875,9889.2998046875,8854.75,-4.6773840606416766,-2.4196893679724107,16.600000381469727
2016-12-27,8032.85009765625,17879.34375,15.079999923706055,10170.7001953125,10083.0,8991.7998046875,-0.932361867375775,-0.6130580679772013,15.079999923706055
2016-12-28,8034.85009765625,17876.4921875,15.539999961853027,10198.599609375,10149.349609375,8981.150390625,-0.9461758355441607,-0.3281072242948935,15.539999961853027
2016-12-29,8103.60009765625,18032.94140625,15.279999732971191,10291.849609375,10132.349609375,9109.0498046875,0.29269861536362907,1.5603263334993178,15.279999732971191
2016-12-30,8185.7998046875,18176.98828125,15.470000267028809,10399.25,10267.0,9141.75,1.3834322795140297,2.505084740788277,15.470000267028809
2017-01-02,8179.5,17969.390625,15.829999923706055,10367.0498046875,10310.2001953125,9326.900390625,3.1579863951744613,3.4299623810577495,15.829999923706055
2017-01-03,8192.25,18035.390625,15.960000038146973,10362.25,10317.4501953125,9300.2998046875,2.3736950620274477,1.9843505157684627,15.960000038146973
2017-01-04,8190.5,17890.79296875,15.890000343322754,10496.900390625,10303.7998046875,9330.900390625,1.9568570716204547,1.9371848939553127,15.890000343322754
2017-01-05,8273.7998046875,18115.73828125,15.050000190734863,10400.0498046875,10457.75,9522.2998046875,3.8704388260310196,2.1002974601433744,15.050000190734863
2017-01-06,8243.7998046875,18263.787109375,14.90999984741211,10110.4501953125,10472.7001953125,9506.650390625,1.5959479328726545,0.7085440810168153,14.90999984741211
2017-01-09,8236.0498046875,18286.4375,15.479999542236328,10198.4501953125,10323.4501953125,9495.9501953125,1.3430693580004816,0.6913601648939505,15.479999542236328
2017-01-10,8288.599609375,18409.384765625,15.199999809265137,10221.5,10366.7001953125,9616.599609375,1.7986613951813224,1.1761068006347353,15.199999809265137
2017-01-11,8380.650390625,18829.78125,14.8100004196167,10220.5498046875,10464.650390625,9703.650390625,1.898600408839446,2.3215968576399515,14.8100004196167
2017-01-12,8407.2001953125,18873.73046875,14.609999656677246,10398.7998046875,10401.75,9676.9501953125,2.6156769211147735,1.6123231619578515,14.609999656677246
2017-01-13,8400.349609375,18911.87890625,14.380000114440918,10263.5498046875,10445.099609375,9600.7001953125,3.8773039058757286,1.8990005628046092,14.380000114440918
2017-01-16,8412.7998046875,19096.2265625,15.069999694824219,10173.099609375,10418.2001953125,9650.7001953125,3.4943848031677716,2.1460530738826256,15.069999694824219
2017-01-17,8398.0,19066.830078125,15.390000343322754,10206.7998046875,10426.650390625,9641.849609375,3.12962552221836,1.3198899184520885,15.390000343322754
2017-01-18,8417.0,19164.27734375,15.180000305175781,10231.599609375,10452.4501953125,9644.7998046875,3.887290289554657,0.43373255870049476,15.180000305175781
2017-01-19,8435.099609375,19124.02734375,15.020000457763672,10222.150390625,10389.75,9709.0,2.2826898623929948,0.33185142989762273,15.020000457763672
2017-01-20,8349.349609375,18820.58203125,15.789999961853027,10132.650390625,10307.849609375,9601.0,1.060303318001643,-0.607117588809436,15.789999961853027
2017-01-23,8391.5,18842.48046875,15.90999984741211,10219.400390625,10214.150390625,9665.0,2.7010843563427755,-0.2531833061762856,15.90999984741211
2017-01-24,8475.7998046875,19023.279296875,15.289999961853027,10201.599609375,10339.4501953125,9828.2001953125,3.0893479047639616,0.9264087245475006,15.289999961853027
2017-01-25,8602.75,19472.97265625,15.170000076293945,10164.4501953125,10332.599609375,9967.7001953125,5.136600830497917,2.2068432933349147,15.170000076293945
2017-01-27,8641.25,19708.072265625,16.010000228881836,10181.849609375,10367.2001953125,10014.849609375,5.980792490472098,2.443959172644261,16.010000228881836
2017-01-30,8632.75,19585.021484375,16.670000076293945,10170.650390625,10412.150390625,9928.650390625,6.060603515598517,3.3942810384510302,16.670000076293945
2017-01-31,8561.2998046875,19514.923828125,16.829999923706055,9848.5,10236.349609375,9837.75,5.638326349738998,2.023473809062737,16.829999923706055
2017-02-01,8716.400390625,20020.3671875,13.970000267028809,9750.0,10189.5,10191.9501953125,7.84421082774438,2.838677074515572,13.970000267028809
2017-02-02,8734.25,20070.068359375,13.520000457763672,9926.0,10402.0,10058.7998046875,8.34791177126537,1.5285809770131609,13.520000457763672
2017-02-03,8740.9501953125,20196.56640625,13.130000114440918,10025.7998046875,10555.0,9975.099609375,9.548070438169255,1.1537705229278217,13.130000114440918
2017-02-06,8801.0498046875,20371.36328125,13.399999618530273,10029.0498046875,10710.7998046875,10031.099609375,10.209433111323296,1.9495503134864256,13.399999618530273
2017-02-07,8768.2998046875,20327.013671875,13.510000228881836,9997.9501953125,10604.0,9931.7001953125,10.875349219960162,2.4178571563007623,13.510000228881836
2017-02-08,8769.0498046875,20245.166015625,13.350000381469727,10007.0498046875,10583.400390625,9994.25,9.164863007291157,0.604027026100451,13.350000381469727
2017-02-09,8778.400390625,20150.916015625,13.239999771118164,10167.900390625,10542.599609375,10028.0498046875,9.254065526196209,0.5054857672381674,13.239999771118164
2017-02-10,8793.5498046875,20213.666015625,13.180000305175781,10387.849609375,10438.099609375,9987.2998046875,8.5141134645921,0.6017607719948748,13.180000305175781
2017-02-13,8805.0498046875,20251.564453125,13.6899995803833,10452.900390625,10403.599609375,9973.2998046875,7.564929692580491,0.04544912355648467,13.6899995803833
2017-02-14,8792.2998046875,20257.86328125,13.800000190734863,10474.099609375,10322.25,9820.599609375,7.491898095085281,0.2737132686449595,13.800000190734863
2017-02-15,8724.7001953125,20163.46484375,14.210000038146973,10427.650390625,10137.650390625,9523.349609375,6.499437826146659,-0.5057515963849735,14.210000038146973
2017-02-16,8778.0,20243.46484375,13.729999542236328,10628.0498046875,10407.75,9686.349609375,7.172944264696901,-0.004561088662891066,13.729999542236328
2017-02-17,8821.7001953125,20551.111328125,13.430000305175781,10527.2001953125,10624.400390625,9683.599609375,6.622113219546222,0.32012544706341295,13.430000305175781
2017-02-20,8879.2001953125,20676.859375,13.609999656677246,10671.25,10641.599609375,9743.9501953125,7.70761548896064,0.8421348234228576,13.609999656677246
2017-02-21,8907.849609375,20860.70703125,13.529999732971191,10680.75,10644.599609375,9758.900390625,8.15682057076863,1.314215930465612,13.529999732971191
2017-02-22,8926.900390625,20868.20703125,13.699999809265137,10514.7998046875,10582.2998046875,9768.4501953125,7.700948427138843,2.3175603835778213,13.699999809265137
2017-02-23,8939.5,20876.408203125,13.399999618530273,10689.650390625,10561.599609375,9761.75,6.668332209635608,1.8398268398268414,13.399999618530273
2017-02-27,8896.7001953125,20612.810546875,13.680000305175781,10706.7001953125,10571.7001953125,9666.849609375,5.822390196832994,0.8501762510570554,13.680000305175781
2017-02-28,8879.599609375,20607.009765625,13.789999961853027,10680.9501953125,10585.150390625,9654.650390625,5.705119694841576,0.0044983112635677,13.789999961853027
2017-03-01,8945.7998046875,20783.5078125,13.579999923706055,10748.0498046875,10700.7998046875,9670.599609375,6.335584019282381,0.4260309387414951,13.579999923706055
2017-03-02,8899.75,20559.8125,13.359999656677246,10741.599609375,10541.099609375,9705.5,5.974636818290069,-0.30414129694460446,13.359999656677246
2017-03-03,8897.5498046875,20495.361328125,13.350000381469727,10806.25,10614.0498046875,9680.5,5.709276519989315,-0.46926780370826204,13.350000381469727
2017-03-06,8963.4501953125,20663.41015625,13.640000343322754,10779.0498046875,10612.849609375,9800.0,6.263714839244772,0.7502781765667432,13.640000343322754
2017-03-07,8946.900390625,20627.259765625,13.880000114440918,10799.099609375,10560.900390625,9753.5498046875,7.156854236634724,0.7579258548881418,13.880000114440918
2017-03-08,8924.2998046875,20676.310546875,14.079999923706055,10739.4501953125,10584.349609375,9701.25,6.349279684055298,-0.2403362524246777,14.079999923706055
2017-03-09,8927.0,20721.109375,14.390000343322754,10724.75,10499.0498046875,9754.349609375,5.32339372932058,0.3061883760779871,14.390000343322754
2017-03-10,8934.5498046875,20727.310546875,13.960000038146973,10749.849609375,10468.349609375,9779.25,3.8569039514980696,0.41584482034040526,13.960000038146973
2017-03-14,9087.0,21102.453125,12.399999618530273,10879.25,10648.0498046875,9910.400390625,5.158397222624034,1.3783733048699398,12.399999618530273
2017-03-15,9084.7998046875,21157.654296875,12.420000076293945,10696.5498046875,10671.0498046875,9987.650390625,5.236451938113573,1.5413093701925895,12.420000076293945
2017-03-16,9153.7001953125,21249.654296875,11.90999984741211,10822.099609375,10731.2001953125,10056.5,6.919514608058086,2.570514165206639,11.90999984741211
2017-03-17,9160.0498046875,21174.8046875,11.850000381469727,10900.75,10674.9501953125,10009.400390625,5.089823713693442,2.610617281141492,11.850000381469727
2017-03-20,9126.849609375,21110.00390625,12.020000457763672,10776.75,10710.599609375,10009.2998046875,4.494943577010058,2.1523166683408146,12.020000457763672
2017-03-21,9121.5,21018.755859375,11.9399995803833,10787.2001953125,10493.75,9963.75,4.353643439034549,0.37966325519973587,11.9399995803833
2017-03-22,9030.4501953125,20781.107421875,12.270000457763672,10783.2998046875,10510.5498046875,9803.9501953125,2.6065116743552608,-0.5982477384582241,12.270000457763672
2017-03-23,9086.2998046875,20895.2578125,11.84000015258789,10850.7998046875,10575.2001953125,9897.9501953125,3.6267008095457465,-0.736318528976021,11.84000015258789
2017-03-24,9108.0,21122.3046875,11.979999542236328,10768.9501953125,10556.349609375,9878.349609375,3.865301291039702,-0.5682262192599041,11.979999542236328
2017-03-27,9045.2001953125,21056.65625,12.4399995803833,10648.5,10441.900390625,9808.2001953125,3.039275868214353,-0.8946067652810918,12.4399995803833
2017-03-28,9100.7998046875,21225.154296875,12.119999885559082,10681.0498046875,10497.7001953125,9887.7998046875,3.4940383215458226,-0.226938500383711,12.119999885559082
2017-03-29,9143.7998046875,21390.90234375,12.09000015258789,10741.25,10419.5,9845.75,3.847224121545123,1.2551933394620463,12.09000015258789
2017-03-30,9173.75,21620.447265625,12.149999618530273,10730.75,10407.2998046875,9860.2998046875,4.338457557022046,0.9624401262589455,12.149999618530273
2017-03-31,9173.75,21443.900390625,12.420000076293945,10703.25,10411.150390625,9880.2001953125,5.1468794873749335,0.7218928414580494,12.420000076293945
2017-04-03,9237.849609375,21547.5,11.489999771118164,10592.0,10503.650390625,9921.099609375,5.238660393882433,2.1298524068305014,11.489999771118164
2017-04-05,9265.150390625,21652.447265625,11.550000190734863,10510.2998046875,10541.150390625,10033.5498046875,5.026810994417286,1.8058916739696729,11.550000190734863
2017-04-06,9261.9501953125,21622.697265625,11.289999961853027,10538.150390625,10469.7001953125,10035.2998046875,4.310635998522261,1.2921366734695017,11.289999961853027
2017-04-07,9198.2998046875,21430.900390625,11.6899995803833,10485.75,10285.7998046875,9993.75,3.2606095528018075,0.2676092621610504,11.6899995803833
2017-04-10,9181.4501953125,21519.900390625,11.619999885559082,10338.150390625,10315.7998046875,10030.5,2.8514914869536057,0.0839372700640384,11.619999885559082
2017-04-11,9237.0,21735.8984375,11.399999618530273,10398.849609375,10355.5498046875,10040.0498046875,3.3279266178197986,-0.009197047050191198,11.399999618530273
2017-04-12,9203.4501953125,21666.548828125,11.630000114440918,10323.4501953125,10445.2001953125,9987.150390625,3.4479075754583866,-0.6659384112634781,11.630000114440918
2017-04-13,9150.7998046875,21686.34765625,11.579999923706055,10064.2001953125,10531.9501953125,9907.400390625,3.0541939641757,-1.2000754515096967,11.579999923706055
2017-04-17,9139.2998046875,21647.34765625,11.890000343322754,10000.900390625,10448.5498046875,9889.4501953125,2.1630262718220994,-0.6414228852372639,11.890000343322754
2017-04-18,9105.150390625,21671.59765625,12.380000114440918,9981.5498046875,10355.7998046875,9813.7001953125,2.307934387201893,-0.8310212772972836,12.380000114440918
2017-04-19,9103.5,21556.099609375,12.220000267028809,9944.7998046875,10321.0498046875,9831.349609375,2.3146843775350368,-1.4452744397531636,12.220000267028809
2017-04-20,9136.400390625,21491.150390625,11.5600004196167,10039.0498046875,10303.9501953125,9909.900390625,1.9295047280225353,-0.7285290110186082,11.5600004196167
2017-04-21,9119.400390625,21551.19921875,11.420000076293945,10008.150390625,10208.5,9858.7998046875,1.9280420309669921,-0.34313300184335427,11.420000076293945
2017-04-24,9217.9501953125,21857.146484375,11.630000114440918,10058.349609375,10177.75,9978.2001953125,3.2904586023741578,0.8605734827153988,11.630000114440918
2017-04-25,9306.599609375,22054.443359375,11.15999984741211,10091.25,10241.4501953125,10090.349609375,4.252264023468122,2.2124754683614967,11.15999984741211
2017-04-26,9351.849609375,22242.591796875,11.739999771118164,9966.75,10197.2001953125,10189.7001953125,4.670630460513681,2.7280673298731184,11.739999771118164
2017-04-27,9342.150390625,22326.041015625,11.069999694824219,10012.349609375,10100.0,10173.099609375,2.807861677396284,2.2519809903594368,11.069999694824219
2017-04-28,9304.0498046875,22357.990234375,10.859999656677246,9943.7001953125,10120.900390625,10255.150390625,2.4133718377247426,2.024797751531171,10.859999656677246
2017-05-02,9313.7998046875,22341.08984375,11.449999809265137,10006.349609375,10036.349609375,10294.75,1.7490152174416407,1.0398147890161136,11.449999809265137
2017-05-03,9311.9501953125,22307.041015625,11.529999732971191,10131.0498046875,9981.7998046875,10273.0,1.6582921912418724,0.05749238349213037,11.529999732971191
2017-05-04,9359.900390625,22719.8359375,11.329999923706055,10106.5,9979.0,10211.7998046875,2.5534635851851117,0.08608758252408588,11.329999923706055
2017-05-05,9285.2998046875,22604.685546875,11.989999771118164,10086.349609375,9935.150390625,10107.9501953125,1.7957551355314294,-0.6085385437013535,11.989999771118164
2017-05-08,9314.0498046875,22767.0859375,11.670000076293945,10209.150390625,10021.0498046875,10167.0498046875,3.140481407252649,0.10748007813716765,11.670000076293945
2017-05-09,9316.849609375,22707.037109375,11.109999656677246,10279.599609375,9997.7001953125,10157.7998046875,2.5373343345831856,0.03274501010817055,11.109999656677246
2017-05-10,9407.2998046875,22830.083984375,10.949999809265137,10219.5498046875,10106.2001953125,10303.900390625,3.2861199460638923,1.0239488761763171,10.949999809265137
2017-05-11,9422.400390625,22818.18359375,10.84000015258789,10256.099609375,10178.849609375,10410.75,4.170169671954604,0.6677421488651802,10.84000015258789
2017-05-12,9400.900390625,22671.435546875,10.630000114440918,10367.2998046875,10121.400390625,10429.2001953125,3.2975188156861623,1.2449849586885886,10.630000114440918
2017-05-15,9445.400390625,22821.234375,10.680000305175781,10339.75,10252.849609375,10481.2998046875,3.298416329969145,1.4102413954389048,10.680000305175781
2017-05-16,9512.25,22928.333984375,10.5600004196167,10461.2998046875,10247.150390625,10597.4501953125,3.6898760049052903,2.097279647278838,10.5600004196167
2017-05-17,9525.75,22935.68359375,10.640000343322754,10437.2998046875,10222.599609375,10669.7001953125,3.8370350183948743,1.2591306514275091,10.640000343322754
2017-05-18,9429.4501953125,22698.3359375,11.789999961853027,10545.599609375,10160.2998046875,10436.349609375,2.0740821082760874,0.07481962552253751,11.789999961853027
2017-05-19,9427.900390625,22769.53515625,11.300000190734863,10456.349609375,10156.099609375,10409.7998046875,1.7565823881788178,0.2872065321203321,11.300000190734863
2017-05-22,9438.25,22652.5859375,11.199999809265137,10504.849609375,9959.2001953125,10339.9501953125,1.9034846978201792,-0.07570235595408814,11.199999809265137
2017-05-23,9386.150390625,22582.5390625,12.199999809265137,10510.2001953125,9648.2998046875,10380.650390625,2.0422316072125746,-1.3256549120870487,12.199999809265137
2017-05-24,9360.5498046875,22536.0390625,11.829999923706055,10509.2001953125,9446.9501953125,10386.2998046875,1.950667983435106,-1.7342486976091087,11.829999923706055
2017-05-25,9509.75,23190.53125,10.449999809265137,10738.349609375,9199.150390625,10588.099609375,2.952798527660505,0.8515852252702683,10.449999809265137
2017-05-26,9595.099609375,23361.927734375,10.859999656677246,10735.400390625,9060.4501953125,10711.5498046875,4.255462959553746,1.7734512651009782,10.859999656677246
2017-05-29,9604.900390625,23182.48046875,11.789999961853027,10568.349609375,8757.7998046875,10753.5,4.962414167392093,1.7656916337774442,11.789999961853027
2017-05-30,9624.5498046875,23306.978515625,11.770000457763672,10609.0,8990.2998046875,10802.0498046875,5.30948771098545,2.5399061824176172,11.770000457763672
2017-05-31,9621.25,23424.529296875,11.760000228881836,10549.099609375,9025.25,10870.7998046875,5.668216198893261,2.785094900963503,11.760000228881836
2017-06-01,9616.099609375,23309.87890625,11.3100004196167,10574.7001953125,9104.9501953125,10891.5498046875,5.630797049211833,1.1183218210257806,11.3100004196167
2017-06-02,9653.5,23375.62890625,10.8100004196167,10608.9501953125,9254.7001953125,10942.2001953125,5.659773951080371,0.6086480912396164,10.8100004196167
2017-06-05,9675.099609375,23459.376953125,11.020000457763672,10660.099609375,9229.75,10967.9501953125,6.093593821379684,0.7308687846312223,11.020000457763672
2017-06-06,9637.150390625,23416.029296875,11.130000114440918,10907.25,9174.599609375,10849.2001953125,4.547650903187472,0.13092130222405185,11.130000114440918
2017-06-07,9663.900390625,23567.376953125,10.890000343322754,10701.25,9300.5498046875,10932.400390625,3.839219438322816,0.4432936533714349,10.890000343322754
2017-06-08,9647.25,23535.826171875,11.069999694824219,10550.0,9486.650390625,10939.650390625,3.1587376076799734,0.32393997452595524,11.069999694824219
2017-06-09,9668.25,23690.625,10.859999656677246,10442.650390625,9507.349609375,11047.4501953125,3.4906268443531507,0.1527943233024187,10.859999656677246
2017-06-12,9616.400390625,23470.17578125,11.420000076293945,10470.75,9583.849609375,10963.849609375,3.357146538275546,-0.6067040249706723,11.420000076293945
2017-06-13,9606.900390625,23477.576171875,11.34000015258789,10339.0,9592.150390625,10910.2001953125,3.1469496025670063,-0.31388946705062093,11.34000015258789
2017-06-14,9618.150390625,23498.42578125,11.180000305175781,10366.099609375,9576.0,10905.25,3.2882499249903274,-0.47341133652807343,11.180000305175781
2017-06-15,9578.0498046875,23391.478515625,11.329999923706055,10278.0498046875,9695.849609375,10839.400390625,2.330680936316387,-0.717304882868175,11.329999923706055
2017-06-16,9588.0498046875,23502.4765625,10.920000076293945,10189.5,9525.5,10869.2001953125,3.2605301537723452,-0.8295213230160581,10.920000076293945
2017-06-19,9657.5498046875,23741.875,10.630000114440918,10197.900390625,9489.2001953125,10893.2998046875,3.6879768436188343,0.42790870170730244,10.630000114440918
2017-06-20,9653.5,23697.673828125,10.65999984741211,10289.9501953125,9481.900390625,10900.7001953125,3.6133500565067367,0.48506393821334814,10.65999984741211
2017-06-21,9633.599609375,23708.474609375,10.920000076293945,10223.400390625,9456.7998046875,10835.5,2.4055766201342754,0.16062567253116722,10.920000076293945
2017-06-22,9630.0,23735.82421875,11.210000038146973,10199.5498046875,9471.599609375,10820.75,2.2032560787966116,0.542388026496532,11.210000038146973
2017-06-23,9574.9501953125,23542.4765625,11.5600004196167,10170.599609375,9478.150390625,10637.4501953125,1.8514163266857953,-0.13662433593738532,11.5600004196167
2017-06-27,9511.400390625,23215.98046875,12.510000228881836,10068.849609375,9467.900390625,10576.2001953125,0.6987528031687118,-1.5133177360531214,12.510000228881836
2017-06-28,9491.25,23235.580078125,11.989999771118164,10133.5498046875,9482.349609375,10582.650390625,-0.22076795710793684,-1.6807375563267168,11.989999771118164
2017-06-29,9504.099609375,23227.03125,11.380000114440918,10124.400390625,9428.2001953125,10568.150390625,-0.22728279269348395,-1.344253500778425,11.380000114440918
2017-06-30,9520.900390625,23210.9296875,11.729999542236328,10155.0498046875,9606.400390625,10540.25,0.9698359227557241,-1.1329139083592898,11.729999542236328
2017-07-03,9615.0,23272.53125,11.199999809265137,10189.849609375,9616.2998046875,10680.9501953125,1.9845310368472813,0.4182768982663454,11.199999809265137
2017-07-04,9613.2998046875,23213.9296875,11.279999732971191,10213.400390625,9517.9501953125,10629.5498046875,1.8546849753662054,1.0713397594211083,11.279999732971191
2017-07-05,9637.599609375,23352.328125,11.149999618530273,10160.650390625,9589.150390625,10704.7998046875,2.678938737239389,1.541942414065578,11.149999618530273
2017-07-06,9674.5498046875,23466.376953125,10.979999542236328,10148.900390625,9598.4501953125,10746.5498046875,3.3545038117607007,1.7934386456173623,10.979999542236328
2017-07-07,9665.7998046875,23448.876953125,10.869999885559082,10087.7998046875,9723.849609375,10729.0,1.6409453948579067,1.5219087283507182,10.869999885559082
2017-07-10,9771.0498046875,23674.775390625,10.90999984741211,10360.099609375,9884.4501953125,10795.2001953125,1.8337505859822967,1.6229828880655273,10.90999984741211
2017-07-11,9786.0498046875,23584.326171875,10.890000343322754,10430.0,9801.650390625,10876.150390625,1.8860103353004476,1.7969896238517968,10.890000343322754
2017-07-12,9816.099609375,23695.173828125,11.050000190734863,10401.5,9817.7998046875,10904.349609375,1.990220930585318,1.8521209350341072,11.050000190734863
2017-07-13,9891.7001953125,23888.373046875,11.25,10440.5498046875,9875.25,10936.650390625,2.810967341171877,2.24455292503416,11.25
2017-07-14,9886.349609375,23937.421875,11.170000076293945,10330.650390625,9958.25,10892.25,2.810391021080161,2.281754320843099,11.170000076293945
2017-07-17,9915.9501953125,24014.771484375,11.460000038146973,10445.849609375,9994.75,10936.4501953125,2.718705084295858,1.4829562178209965,11.460000038146973
2017-07-18,9827.150390625,24021.771484375,11.489999771118164,10493.2001953125,10024.2998046875,10954.400390625,1.571568122178979,0.41999158759453703,11.489999771118164
2017-07-19,9899.599609375,24152.369140625,11.260000228881836,10583.7998046875,10234.599609375,11012.150390625,2.7233072859930596,0.8506433647051947,11.260000228881836
2017-07-20,9873.2998046875,24213.068359375,11.319999694824219,10491.150390625,10140.75,10960.7001953125,2.166820906656275,-0.18601848278538835,11.319999694824219
2017-07-21,9915.25,24256.76953125,11.09000015258789,10711.5498046875,10052.400390625,10955.400390625,2.777993728782824,0.292326204988691,11.09000015258789
2017-07-24,9966.400390625,24420.56640625,11.3100004196167,10823.5498046875,9980.5,10968.7998046875,3.0838092790836047,0.5087782241619987,11.3100004196167
2017-07-25,9964.5498046875,24520.4140625,10.90999984741211,10810.349609375,9930.5498046875,10932.5,3.6203714479475124,1.3981613041515795,10.90999984741211
2017-07-26,10020.650390625,24670.412109375,11.170000076293945,10782.9501953125,10036.7998046875,11003.5498046875,4.306800145484613,1.22278461782801,11.170000076293945
2017-07-27,10020.5498046875,24922.111328125,11.220000267028809,10612.2998046875,9880.25,10919.0,4.183750489644322,1.4913960166599072,11.220000267028809
2017-07-28,10014.5,24811.01171875,11.140000343322754,10699.4501953125,9672.599609375,10934.849609375,4.556775170441285,1.0009833337535579,11.140000343322754
2017-07-31,10077.099609375,25103.359375,11.899999618530273,10755.75,9476.400390625,11002.650390625,5.100618109518051,1.1107241773482324,11.899999618530273
2017-08-01,10114.650390625,25122.5078125,11.90999984741211,10801.849609375,9517.2998046875,11170.900390625,4.73309064081282,1.5063458849579936,11.90999984741211
2017-08-02,10081.5,25054.908203125,11.9399995803833,10727.349609375,9453.9501953125,11134.25,4.43362511006371,0.6072421150620011,11.9399995803833
2017-08-03,10013.650390625,24674.763671875,11.640000343322754,10682.5,9336.900390625,11058.7998046875,3.94505477350493,-0.0688526497744868,11.640000343322754
2017-08-04,10066.400390625,24827.16015625,11.390000343322754,10757.9501953125,9256.849609375,11137.5498046875,4.531675915109035,0.5182524402116861,11.390000343322754
2017-08-07,10057.400390625,24906.060546875,11.899999618530273,10678.7998046875,9229.0498046875,11158.849609375,5.0386705462832415,-0.1954850057418578,11.899999618530273
2017-08-08,9978.5498046875,24599.21484375,12.770000457763672,10623.7001953125,9125.849609375,11117.7998046875,4.911468289390375,-1.3455787464848767,12.770000457763672
2017-08-09,9908.0498046875,24374.31640625,13.449999809265137,10613.5498046875,8766.25,10925.650390625,4.391411085868557,-1.720480040792538,13.449999809265137
2017-08-10,9820.25,24217.068359375,13.800000190734863,10662.349609375,8513.2001953125,10606.5,3.3264633539103805,-1.9313675141491404,13.800000190734863
2017-08-11,9710.7998046875,23985.470703125,15.199999809265137,10647.0498046875,8521.349609375,10457.75,1.9945531018210172,-3.5325495920932815,15.199999809265137
2017-08-14,9794.150390625,24115.46875,14.380000114440918,10587.2998046875,8758.099609375,10600.150390625,1.8632385920436922,-2.6174755878804246,14.380000114440918
2017-08-16,9897.2998046875,24437.416015625,14.239999771118164,10659.7001953125,8859.400390625,10778.75,2.9542405393569338,-0.81424657480621,14.239999771118164
2017-08-17,9904.150390625,24236.96875,14.34000015258789,10797.7998046875,8797.099609375,10694.650390625,2.765738275646057,-0.03935601999754956,14.34000015258789
2017-08-18,9837.400390625,24074.169921875,14.569999694824219,10570.0,8639.400390625,10676.349609375,1.6832885170387613,0.17464311626484985,14.569999694824219
2017-08-21,9754.349609375,23936.22265625,14.819999694824219,10440.0498046875,8490.2001953125,10572.75,0.9161146152081079,0.4484677427545991,14.819999694824219
2017-08-22,9765.5498046875,23974.169921875,14.109999656677246,10446.25,8566.650390625,10482.900390625,-0.05628873160958836,-0.29201701828958093,14.109999656677246
2017-08-23,9852.5,24316.517578125,13.180000305175781,10478.25,8615.849609375,10552.7998046875,0.6790298091541525,-0.4526467377120591,13.180000305175781
2017-08-24,9857.0498046875,24273.91796875,12.569999694824219,10503.900390625,8902.0498046875,10571.4501953125,0.41717379552046463,-0.4755641229164276,12.569999694824219
2017-08-28,9912.7998046875,24376.81640625,12.640000343322754,10592.2998046875,8975.0498046875,10592.349609375,0.21330619568311615,0.766456696571538,12.640000343322754
2017-08-29,9796.0498046875,24128.66796875,13.539999961853027,10506.0,8865.0498046875,10503.5,-0.9133786306916636,0.42750359565153495,13.539999961853027
2017-08-30,9884.400390625,24308.416015625,12.890000343322754,10493.25,8908.0498046875,10572.349609375,-0.3181722786628538,1.2170393712031657,12.890000343322754
2017-08-31,9917.900390625,24318.1171875,11.949999809265137,10558.25,8859.650390625,10612.5498046875,0.9234620046781217,0.6637948807409311,11.949999809265137
2017-09-01,9974.400390625,24433.716796875,11.680000305175781,10514.400390625,9071.7001953125,10823.599609375,0.7555940058339594,1.190524429344908,11.680000305175781
2017-09-04,9912.849609375,24236.568359375,13.170000076293945,10441.75,9070.349609375,10738.400390625,0.4005733186459359,0.0005024280574694728,13.170000076293945
2017-09-05,9952.2001953125,24328.017578125,12.890000343322754,10498.0,9037.599609375,10771.2001953125,0.3726602487330144,1.5940138498507839,12.890000343322754
2017-09-06,9916.2001953125,24278.869140625,13.119999885559082,10421.650390625,8897.2998046875,10746.099609375,-0.5036943464535204,0.32171708379662434,13.119999885559082
2017-09-07,9929.900390625,24304.6171875,13.010000228881836,10460.9501953125,8948.7998046875,10837.7998046875,-0.3477268390610133,0.12099335068280759,13.010000228881836
2017-09-08,9934.7998046875,24370.517578125,12.960000038146973,10456.650390625,8840.2998046875,10779.0,-0.8567366646961228,-0.3970222207514418,12.960000038146973
2017-09-11,10006.0498046875,24671.962890625,12.359999656677246,10459.5,8804.4501953125,10839.75,-0.1447026389032824,0.9401957962154261,12.359999656677246
2017-09-12,10093.0498046875,24784.412109375,11.760000228881836,10501.099609375,8996.099609375,10965.900390625,0.7843607238254613,1.4152610137539323,11.760000228881836
2017-09-13,10079.2998046875,24831.51171875,11.760000228881836,10505.2998046875,9140.599609375,10916.0,0.02183361679239937,1.644779312262168,11.760000228881836
2017-09-14,10086.599609375,24911.9609375,11.470000267028809,10496.0498046875,9380.849609375,10949.0,-0.277328233470131,1.5780542864049618,11.470000267028809
2017-09-15,10085.400390625,24844.01171875,11.680000305175781,10599.75,9338.0,10971.4501953125,0.0386885942072146,1.5158894884468976,11.680000305175781
2017-09-18,10153.099609375,25046.609375,11.4399995803833,10649.5,9339.5498046875,11104.849609375,1.3925912460510448,1.4696089621561992,11.4399995803833
2017-09-19,10147.5498046875,25041.259765625,11.470000267028809,10654.849609375,9293.9501953125,11170.75,0.8061413306992504,0.5399755381637839,11.470000267028809
2017-09-20,10141.150390625,24964.759765625,11.630000114440918,10651.349609375,9319.849609375,11103.4501953125,0.8327201537891238,0.6136397084719691,11.630000114440918
2017-09-21,10121.900390625,24798.9609375,11.630000114440918,10653.849609375,9629.75,11051.900390625,1.4365873673362728,0.34997702513333007,11.630000114440918
2017-09-22,9964.400390625,24368.56640625,12.8100004196167,10632.099609375,9465.4501953125,10927.0498046875,0.5687353924163752,-1.1997540535175655,12.8100004196167
2017-09-25,9872.599609375,24164.76953125,13.34000015258789,10569.150390625,9297.0498046875,10808.4501953125,0.5330781739263157,-2.7627031231033827,13.34000015258789
2017-09-26,9871.5,24198.869140625,12.930000305175781,10548.5,9297.900390625,10816.0,1.654860552628512,-2.720359200010858,12.930000305175781
2017-09-27,9735.75,23812.671875,13.859999656677246,10544.2001953125,9036.4501953125,10646.0498046875,-0.5962782711699144,-3.997577937506702,13.859999656677246
2017-09-28,9768.9501953125,24007.87109375,13.170000076293945,10521.900390625,9111.5498046875,10683.650390625,-1.2968144029971929,-3.486995343674848,13.170000076293945
2017-09-29,9788.599609375,24052.720703125,12.489999771118164,10475.349609375,9172.599609375,10811.25,-1.16669049532383,-1.7642886110377676,12.489999771118164
2017-10-03,9859.5,24103.12109375,12.460000038146973,10546.099609375,9214.9501953125,10903.75,0.22464887569342284,-0.13268652526494673,12.460000038146973
2017-10-04,9914.900390625,24113.021484375,11.800000190734863,10539.849609375,9372.2998046875,10942.7001953125,1.64594040278907,0.4396534531226237,11.800000190734863
2017-10-05,9888.7001953125,24057.771484375,11.710000038146973,10524.650390625,9394.150390625,10931.7001953125,1.2610697102367618,1.571016052307228,11.710000038146973
2017-10-06,9979.7001953125,24189.71875,11.119999885559082,10655.349609375,9477.75,11007.0,1.2910448648820072,2.1573454238831724,11.119999885559082
2017-10-09,9988.75,24251.619140625,11.390000343322754,10680.2001953125,9505.7001953125,11005.7998046875,1.3361015508907226,2.0447295692154643,11.390000343322754
2017-10-10,10016.9501953125,24347.166015625,11.109999656677246,10726.2001953125,9530.2998046875,11029.849609375,1.0506657319534485,1.5969389453065475,11.109999656677246
2017-10-11,9984.7998046875,24107.169921875,11.729999542236328,10785.25,9441.150390625,10960.2998046875,1.9267970637478982,0.7049936086962028,11.729999542236328
2017-10-12,10096.400390625,24360.966796875,11.039999961853027,10881.2998046875,9577.099609375,11072.25,2.14479373175811,2.100379131839336,11.039999961853027
2017-10-13,10167.4501953125,24688.86328125,11.260000228881836,10924.2001953125,9545.599609375,11078.2998046875,2.51615558594831,1.8813190409085356,11.260000228881836
2017-10-16,10230.849609375,24702.763671875,11.3100004196167,10961.599609375,9692.5498046875,11216.849609375,2.5710740366011287,2.4237227818796114,11.3100004196167
2017-10-17,10234.4501953125,24645.3125,11.609999656677246,10942.7001953125,9740.5498046875,11221.900390625,3.2442798853051125,2.171319570918717,11.609999656677246
2017-10-18,10210.849609375,24313.466796875,11.539999961853027,10910.150390625,9622.599609375,11167.849609375,2.5989169127076384,2.263939278796334,11.539999961853027
2017-10-19,10146.5498046875,24009.470703125,12.399999618530273,10890.7998046875,9593.5,11107.7001953125,2.3229624739110166,0.4967058765722676,12.399999618530273
2017-10-23,10184.849609375,24088.62109375,12.329999923706055,10997.849609375,9542.2001953125,11109.9501953125,2.567490193463584,0.17112858905885542,12.329999923706055
2017-10-24,10207.7001953125,24221.869140625,11.59000015258789,10884.7998046875,9490.0,11080.0,2.7469138381252423,-0.22627069057185034,11.59000015258789
2017-10-25,10295.349609375,25035.609375,11.760000228881836,10925.4501953125,9346.75,11150.2998046875,2.891248897761556,0.5950433379449338,11.760000228881836
2017-10-26,10343.7998046875,25021.908203125,11.619999885559082,10883.0498046875,9428.349609375,11212.599609375,2.4843828659553813,1.302048315259019,11.619999885559082
2017-10-27,10323.0498046875,24839.26171875,11.479999542236328,10862.0498046875,9650.099609375,11317.900390625,2.418322747842483,1.7395075508175317,11.479999542236328
2017-10-30,10363.650390625,24988.259765625,12.109999656677246,10854.2998046875,9754.849609375,11426.5,2.746721313221312,1.7555564206408691,12.109999656677246
2017-10-31,10335.2998046875,25019.05859375,12.4399995803833,10837.900390625,9756.0,11370.0,2.4778333470508285,1.2500328862871113,12.4399995803833
2017-11-01,10440.5,25490.15234375,12.140000343322754,10817.2998046875,9711.5498046875,11363.5,2.830666512516289,1.40986363875224,12.140000343322754
2017-11-02,10423.7998046875,25427.005859375,12.010000228881836,10845.849609375,10004.5,11282.849609375,2.7223320438633403,0.773410173346023,12.010000228881836
2017-11-03,10452.5,25650.400390625,11.90999984741211,10839.0498046875,9897.2001953125,11313.650390625,3.070160656160148,1.2539917733780381,11.90999984741211
2017-11-06,10451.7998046875,25570.853515625,13.020000457763672,10929.900390625,9894.099609375,11463.2001953125,3.259263590146144,0.8505633704340321,13.020000457763672
2017-11-07,10350.150390625,25300.505859375,13.239999771118164,11172.099609375,9469.75,11331.75,3.8712816113143367,0.1436880034265231,13.239999771118164
2017-11-08,10303.150390625,25184.056640625,13.609999656677246,11245.900390625,9494.9501953125,11254.099609375,4.361067989034528,-1.3155462801111018,13.609999656677246
2017-11-09,10308.9501953125,25291.0546875,13.270000457763672,11248.4501953125,9435.849609375,11242.5,4.4314460346705165,-1.1018017568157124,13.270000457763672
2017-11-10,10321.75,25498.65234375,13.479999542236328,11222.5498046875,9311.5,11185.5,6.019053488431814,-1.2508969146137305,13.479999542236328
2017-11-13,10224.9501953125,25358.005859375,14.050000190734863,11236.2001953125,9238.849609375,11134.0498046875,4.667850596871759,-2.170435844678742,14.050000190734863
2017-11-14,10186.599609375,25284.306640625,14.170000076293945,11168.75,9208.4501953125,11156.7001953125,4.06595443559481,-1.5801778242579112,14.170000076293945
2017-11-15,10118.0498046875,25218.607421875,14.270000457763672,11122.900390625,9025.2001953125,11103.599609375,2.62234195129063,-1.7965435708472866,14.270000457763672
2017-11-16,10214.75,25446.3046875,13.460000038146973,11317.25,9082.650390625,11156.400390625,3.0242321915661563,-0.9137709808253125,13.460000038146973
2017-11-17,10283.599609375,25728.1015625,13.710000038146973,11150.0,9161.7998046875,11252.099609375,3.9934410616442095,-0.36961165136726315,13.710000038146973
2017-11-20,10298.75,25768.30078125,13.430000305175781,11100.099609375,9143.349609375,11284.9501953125,3.1969878698095533,0.7217619966631394,13.430000305175781
2017-11-21,10326.900390625,25757.201171875,13.720000267028809,11119.4501953125,9346.5498046875,11325.900390625,3.3853123826805165,1.3773073118617196,13.720000267028809
2017-11-22,10342.2998046875,25766.3515625,14.039999961853027,11117.5,9278.0,11354.5498046875,3.247990686099733,2.2163361945116034,14.039999961853027
2017-11-23,10348.75,25735.951171875,13.869999885559082,11230.599609375,9293.2001953125,11326.75,3.645042488900363,1.3118284833206983,13.869999885559082
2017-11-24,10389.7001953125,25779.3515625,13.510000228881836,11306.400390625,9364.2998046875,11371.9501953125,2.9049937932319247,1.0317455946142973,13.510000228881836
2017-11-27,10399.5498046875,25891.6484375,13.029999732971191,11314.25,9368.7001953125,11402.7001953125,2.2827710479664365,0.9787576617307892,13.029999732971191
2017-11-28,10370.25,25846.099609375,13.149999618530273,11270.599609375,9318.5,11406.400390625,1.362549504170807,0.41977367588781345,13.149999618530273
2017-11-29,10361.2998046875,25795.3984375,13.0600004196167,11232.9501953125,9351.849609375,11427.9501953125,1.2394374583316603,0.18371155699226094,13.0600004196167
2017-11-30,10226.5498046875,25332.10546875,13.550000190734863,11115.349609375,9238.75,11292.900390625,0.15375993098640794,-1.180820826790674,13.550000190734863
2017-12-01,10121.7998046875,25191.65625,14.800000190734863,10948.5,9083.849609375,11188.2001953125,-0.24392527978885914,-2.578518971566357,14.800000190734863
2017-12-04,10127.75,25074.80859375,14.859999656677246,11081.650390625,9052.0,11160.099609375,-0.5606328180088216,-2.613572796824226,14.859999656677246
2017-12-05,10118.25,25124.556640625,15.010000228881836,11025.400390625,9043.150390625,11100.5498046875,-0.8763011608978966,-2.4300282056845313,15.010000228881836
2017-12-06,10044.099609375,24851.51171875,15.09000015258789,11074.900390625,8938.2001953125,11020.75,-2.4404222249160945,-3.0613938530086426,15.09000015258789
2017-12-07,10166.7001953125,25056.958984375,14.270000457763672,11163.5,8960.400390625,11235.650390625,-1.7121329948279085,-0.5852375485187244,14.270000457763672
2017-12-08,10265.650390625,25320.85546875,13.670000076293945,11173.400390625,9098.4501953125,11357.150390625,-0.5560315521914494,1.421195723223856,13.670000076293945
2017-12-11,10322.25,25404.5546875,14.149999618530273,11324.0,9186.099609375,11424.599609375,-0.3994769127145692,1.9204660462590395,14.149999618530273
2017-12-12,10240.150390625,25125.15625,15.260000228881836,11272.4501953125,9119.099609375,11331.099609375,-0.9206255828142051,1.2047576470733512,15.260000228881836
2017-12-13,10192.9501953125,25000.05859375,15.949999809265137,11251.7001953125,9002.7998046875,11264.650390625,-2.371053155380487,1.481970427678414,15.949999809265137
2017-12-14,10252.099609375,25167.90625,16.40999984741211,11275.400390625,9070.849609375,11296.2001953125,-1.6471939074970354,0.8399914664728225,16.40999984741211
2017-12-15,10333.25,25440.005859375,14.9399995803833,11288.2998046875,9100.2998046875,11448.400390625,-1.1408753886629985,0.6585029374927442,14.9399995803833
2017-12-18,10388.75,25594.25390625,13.119999885559082,11315.2001953125,9230.4501953125,11589.0498046875,-0.6032435165781003,0.644239385792833,13.119999885559082
2017-12-19,10463.2001953125,25715.900390625,12.1899995803833,11240.650390625,9299.650390625,11991.900390625,1.0922527733500331,2.1781887587481563,12.1899995803833
2017-12-20,10444.2001953125,25591.40234375,12.1899995803833,11304.2001953125,9285.4501953125,11954.099609375,1.3689968537763386,2.4649389547252376,12.1899995803833
2017-12-21,10440.2998046875,25554.00390625,12.09000015258789,11374.2998046875,9321.599609375,11876.849609375,1.274131767895481,1.835723436986525,12.09000015258789
2017-12-22,10493.0,25648.251953125,11.59000015258789,11501.900390625,9326.599609375,11931.2001953125,1.6591178821420804,1.5459802095178166,11.59000015258789
2017-12-26,10531.5,25674.951171875,12.050000190734863,11507.400390625,9416.0,11959.150390625,2.998056702789942,1.374082541210453,12.050000190734863
2017-12-27,10490.75,25495.75390625,12.489999771118164,11509.25,9639.849609375,11905.5,2.9857891964761407,0.26330189782513,12.489999771118164
2017-12-28,10477.900390625,25489.703125,12.300000190734863,11496.400390625,9584.2001953125,11857.650390625,3.556521196118134,0.32266899027486584,12.300000190734863
2017-12-29,10530.7001953125,25539.15234375,12.670000076293945,11665.75,9620.099609375,12009.7001953125,3.0930781009079977,0.8658792593715825,12.670000076293945
2018-01-01,,25317.8046875,13.350000381469727,11565.75,9618.150390625,11890.5,2.402860820371022,0.35928900517010476,13.350000381469727
2018-01-02,10442.2001953125,25337.955078125,13.6899995803833,11602.349609375,9565.7998046875,11927.150390625,1.3928893828134559,-0.8479305387409153,13.6899995803833
2018-01-03,10443.2001953125,25318.3046875,13.619999885559082,11586.7001953125,9519.5498046875,11866.7998046875,1.1261830780616489,-0.45325457843814476,13.619999885559082
2018-01-04,10504.7998046875,25462.302734375,13.420000076293945,11590.7998046875,9633.599609375,11843.25,1.5712172637496913,0.25672523177036055,13.420000076293945
2018-01-05,10558.849609375,25601.552734375,13.109999656677246,11633.5498046875,9701.0498046875,11929.599609375,2.0301931090711545,0.2673080948124351,13.109999656677246
2018-01-08,10623.599609375,25675.80078125,13.739999771118164,11776.849609375,9838.25,11974.5,2.251262400892262,0.8821769905086763,13.739999771118164
2018-01-09,10637.0,25703.501953125,13.850000381469727,11790.849609375,9770.2001953125,11942.25,2.283273793308549,1.8655053632753216,13.850000381469727
2018-01-10,10632.2001953125,25617.00390625,14.039999961853027,12054.7001953125,9748.599609375,11856.9501953125,2.5259776313251825,1.8097900688031743,14.039999961853027
2018-01-11,10651.2001953125,25660.6015625,14.010000228881836,12103.099609375,9772.849609375,11871.75,2.797915281766561,1.3936523622246622,14.010000228881836
2018-01-12,10681.25,25748.751953125,13.729999542236328,12099.2001953125,9741.849609375,11908.400390625,4.446271753393116,1.15922089198357,13.729999542236328
2018-01-15,10741.5498046875,26068.896484375,14.3100004196167,11992.7998046875,9659.75,11794.099609375,6.12292291844172,1.110265819961942,14.3100004196167
2018-01-16,10700.4501953125,25974.59765625,14.09000015258789,12430.9501953125,9623.4501953125,11646.25,5.654762363925858,0.5965046094998483,14.09000015258789
2018-01-17,10788.5498046875,26288.794921875,13.859999656677246,12531.400390625,9744.2998046875,11692.599609375,6.624661425518252,1.4705292084693067,13.859999656677246
2018-01-18,10817.0,26537.091796875,13.960000038146973,12570.7001953125,9626.4501953125,11662.099609375,7.695068952756978,1.5566302543113197,13.960000038146973
2018-01-19,10894.7001953125,26909.1875,13.979999542236328,12633.849609375,9637.7998046875,11677.5498046875,7.160632122659183,1.9983634435342346,13.979999542236328
2018-01-22,10966.2001953125,27040.884765625,15.390000343322754,12894.9501953125,9654.7998046875,11690.849609375,6.824212573294619,2.091415063094204,15.390000343322754
2018-01-23,11083.7001953125,27390.28125,16.229999542236328,13048.900390625,9767.2998046875,11725.7998046875,7.376785054736135,3.581625006468303,16.229999542236328
2018-01-24,11086.0,27398.232421875,18.040000915527344,13249.5498046875,9826.400390625,11654.650390625,8.260128778473664,2.757091552594604,18.040000915527344
2018-01-25,11069.650390625,27445.33203125,17.510000228881836,13117.849609375,9729.150390625,11507.75,8.601044629018917,2.335678937089769,17.510000228881836
2018-01-29,11130.400390625,27498.12890625,17.889999389648438,13242.5,9622.349609375,11678.400390625,8.567033239189769,2.1634390216071386,17.889999389648438
2018-01-30,11049.650390625,27268.734375,16.420000076293945,13107.9501953125,9563.5498046875,11627.900390625,6.9329629170396645,0.7609763986268447,16.420000076293945
2018-01-31,11027.7001953125,27379.130859375,15.930000305175781,12986.400390625,9384.75,11611.900390625,6.150404960293576,-0.5052464340715712,15.930000305175781
2018-02-01,11016.900390625,27220.3828125,14.109999656677246,12964.599609375,9158.7001953125,11693.599609375,5.291881881038241,-0.6233051540230905,14.109999656677246
2018-02-02,10760.599609375,26450.84375,15.25,12983.599609375,9042.75,11301.9501953125,3.029426936918589,-2.791874813966466,15.25
2018-02-05,10666.5498046875,26098.447265625,16.049999237060547,12936.900390625,9069.5,11386.400390625,2.167083361901323,-4.167420484964723,16.049999237060547
2018-02-06,10498.25,25811.0,20.020000457763672,12562.349609375,8871.25,11181.7001953125,0.050033355570389126,-4.990206668374153,20.020000457763672
2018-02-07,10476.7001953125,25669.701171875,19.469999313354492,12450.0498046875,8935.7998046875,11214.75,-0.5203418761572376,-4.996508703004199,19.469999313354492
2018-02-08,10576.849609375,25920.349609375,17.770000457763672,12588.349609375,9262.4501953125,11344.2001953125,0.8207192943783914,-3.9943247705540474,17.770000457763672
2018-02-09,10454.9501953125,25463.353515625,19.229999542236328,12492.7001953125,9222.5498046875,11234.75,-0.21903429558305376,-2.8404496511161725,19.229999542236328
2018-02-12,10539.75,25701.30078125,17.8799991607666,12422.650390625,9339.9501953125,11364.75,0.08593735003041836,-1.188761192787724,17.8799991607666
2018-02-14,10500.900390625,25340.955078125,17.18000030517578,12420.0,9249.2001953125,11335.650390625,-0.2829802779948598,0.025246023146707763,17.18000030517578
2018-02-15,10545.5,25424.0546875,16.31999969482422,12456.5,9207.5,11306.7998046875,0.9892532488878336,0.6566934569558702,16.31999969482422
2018-02-16,10452.2998046875,25163.607421875,16.3799991607666,12437.9501953125,9180.900390625,11114.5498046875,0.08713429987758925,-1.1775699692004982,16.3799991607666
2018-02-19,10378.400390625,25058.259765625,16.670000076293945,12331.400390625,9027.900390625,10976.650390625,-1.203253906905466,-0.7321871769587318,16.670000076293945
2018-02-20,10360.400390625,24874.111328125,16.8700008392334,12372.0,9020.75,10962.900390625,-1.8794587108599492,-1.7016495588130676,16.8700008392334
2018-02-21,10397.4501953125,24936.41015625,15.920000076293945,12660.0498046875,8843.400390625,10942.2001953125,-2.128745645335972,-0.9851554768089965,15.920000076293945
2018-02-22,10382.7001953125,24954.908203125,14.829999923706055,12730.25,8861.75,10847.9501953125,-2.3907098306618413,-1.5437845971030262,14.829999923706055
2018-02-23,10491.0498046875,25302.205078125,14.199999809265137,12871.150390625,9095.400390625,10927.0,-1.3275746132698885,0.37073180758384616,14.199999809265137
2018-02-26,10582.599609375,25687.6015625,13.699999809265137,12713.150390625,9065.099609375,11171.650390625,-0.6440643747142261,1.9675403825666349,13.699999809265137
2018-02-27,10554.2998046875,25383.3046875,13.920000076293945,12746.7998046875,9023.4501953125,11165.25,-1.1885331334113514,1.8715436349154624,13.920000076293945
2018-02-28,10492.849609375,25107.109375,13.8100004196167,12809.0,8960.25,11157.2001953125,-2.3153101725038816,0.917527011627417,13.8100004196167
2018-03-01,10458.349609375,24902.26171875,14.069999694824219,12769.4501953125,8917.75,11146.7001953125,-2.2625271041732065,0.7286102135228179,14.069999694824219
2018-03-05,10358.849609375,24818.41015625,15.399999618530273,12857.650390625,8855.7998046875,10971.599609375,-3.9829282256805265,-1.2601236079675449,15.399999618530273
2018-03-06,10249.25,24448.166015625,16.25,12706.099609375,8749.5498046875,10821.349609375,-5.248682629194789,-3.149978471071413,16.25
2018-03-07,10154.2001953125,24133.818359375,15.699999809265137,12677.150390625,8615.0,10788.5498046875,-6.7968827661600395,-3.790868335929809,15.699999809265137
2018-03-08,10242.650390625,24477.365234375,14.59000015258789,12682.400390625,8586.349609375,10894.75,-6.597999232193308,-2.3844735039989073,14.59000015258789
2018-03-09,10226.849609375,24296.166015625,14.529999732971191,12747.25,8515.7001953125,10888.349609375,-7.7307268406617276,-2.213542371852628,14.529999732971191
2018-03-12,10421.400390625,24663.912109375,14.489999771118164,12923.400390625,8600.7001953125,11045.7998046875,-5.9949450602110765,0.6038390710237707,14.489999771118164
2018-03-13,10426.849609375,24738.36328125,14.460000038146973,12734.2001953125,8712.099609375,11064.2998046875,-5.806875181843097,1.7328059065297552,14.460000038146973
2018-03-14,10410.900390625,24851.361328125,14.359999656677246,12786.9501953125,8701.5498046875,11060.599609375,-6.46427778650287,2.5280198378499597,14.359999656677246
2018-03-15,10360.150390625,24791.560546875,14.329999923706055,12762.2998046875,8670.5498046875,11051.75,-6.2400164315153495,1.1471640202378452,14.329999923706055
2018-03-16,10195.150390625,24489.265625,15.220000267028809,12698.400390625,8546.7998046875,10861.400390625,-7.549623130318583,-0.30996074021604203,15.220000267028809
2018-03-19,10094.25,24244.818359375,15.819999694824219,12421.2998046875,8512.900390625,10787.0,-8.374863690427336,-3.1392171719964,15.819999694824219
2018-03-20,10124.349609375,24167.91796875,15.609999656677246,12609.099609375,8578.7001953125,10848.599609375,-5.912774595252824,-2.901163930934769,15.609999656677246
2018-03-21,10155.25,24255.318359375,15.109999656677246,12608.849609375,8525.4501953125,10833.599609375,-4.793488185493732,-2.4556030797798556,15.109999656677246
2018-03-22,10114.75,24141.21875,15.25,12489.599609375,8474.0,10737.150390625,-3.6529897840116177,-2.3686952541448147,15.25
2018-03-23,9998.0498046875,23670.125,15.550000190734863,12541.099609375,8327.400390625,10637.7001953125,-4.568713256099077,-1.9332778662955796,15.550000190734863
2018-03-26,10130.650390625,24244.068359375,15.199999809265137,12462.400390625,8390.5,10801.0,-4.218640098224546,0.36060520221907755,15.199999809265137
2018-03-27,10184.150390625,24433.8671875,15.550000190734863,12518.2001953125,8452.5,10843.75,-2.5901587250880764,0.5906629418903631,15.550000190734863
2018-03-28,10113.7001953125,24263.068359375,15.760000228881836,12511.5498046875,8358.0498046875,10821.349609375,-4.04231414110866,-0.4091460543807379,15.760000228881836
2018-04-02,10211.7998046875,24328.216796875,15.350000381469727,12707.099609375,8620.849609375,11058.4501953125,-2.753102831025833,0.9594879229590347,15.350000381469727
2018-04-03,10245.0,24510.314453125,15.1899995803833,12615.4501953125,8664.7001953125,11153.4501953125,-2.849556682945331,2.4699836481782533,15.1899995803833
2018-04-04,10128.400390625,24129.21875,16.34000015258789,12490.849609375,8569.5,11198.0498046875,-3.098833941954493,-0.02220982773309954,16.34000015258789
2018-04-05,10325.150390625,24759.513671875,14.800000190734863,12682.5498046875,8655.650390625,11406.150390625,-0.5130848492615692,1.384504299247169,14.800000190734863
2018-04-06,10331.599609375,24872.861328125,14.75,12603.349609375,8772.400390625,11444.150390625,-0.2779890753649039,2.154497462397509,14.75
2018-04-09,10379.349609375,25093.509765625,14.869999885559082,12531.2001953125,8738.150390625,11472.349609375,-0.17408677702211994,1.6407470562690651,14.869999885559082
2018-04-10,10402.25,25226.5078125,14.5,12576.5498046875,8719.599609375,11386.650390625,0.18829210436344113,1.534895070766229,14.5
2018-04-11,10417.150390625,25097.958984375,14.720000267028809,12759.099609375,8761.7998046875,11453.599609375,-0.7044043774292352,2.8508944044833617,14.720000267028809
2018-04-12,10458.650390625,25194.806640625,14.5600004196167,13168.2001953125,8685.0498046875,11459.5498046875,-1.1712549215241452,1.2929593754025692,14.5600004196167
2018-04-13,10480.599609375,25200.306640625,14.140000343322754,13260.4501953125,8730.599609375,11465.2998046875,-0.6982954499716532,1.4421774520258834,14.140000343322754
2018-04-16,10528.349609375,25320.5546875,14.260000228881836,13203.099609375,8867.2001953125,11504.9501953125,0.338325634327985,1.4355427421523403,14.260000228881836
2018-04-17,10548.7001953125,25334.154296875,14.039999961853027,13162.2998046875,8827.75,11472.349609375,0.8639086405804353,1.4078703675887372,14.039999961853027
2018-04-18,10526.2001953125,25102.009765625,14.109999656677246,13124.0,8790.0,11411.7998046875,1.6155325373779394,1.0468295128544858,14.109999656677246
2018-04-19,10565.2998046875,25125.857421875,13.75,13273.4501953125,8829.75,11431.650390625,3.0836383607337092,1.0197244393798544,13.75
2018-04-20,10564.0498046875,24943.560546875,12.9399995803833,13910.349609375,8819.7998046875,11440.099609375,4.036256933009841,0.7962349333319851,12.9399995803833
2018-04-23,10584.7001953125,24960.359375,13.149999618530273,14013.9501953125,8949.900390625,11497.2001953125,3.339465779292583,0.5352271536207542,13.149999618530273
2018-04-24,10614.349609375,25041.80859375,11.899999618530273,13734.7998046875,8984.150390625,11522.599609375,3.7890456474961365,0.6223460032703576,11.899999618530273
2018-04-25,10570.5498046875,24814.111328125,12.399999618530273,13892.400390625,8901.150390625,11503.5,1.4311839913249358,0.42132591582999535,12.399999618530273
2018-04-26,10617.7998046875,25010.609375,12.039999961853027,14026.650390625,8896.599609375,11534.7998046875,1.8313316338696595,0.49690970413076574,12.039999961853027
2018-04-27,10692.2998046875,25394.3046875,12.020000457763672,13794.900390625,8987.400390625,11581.7998046875,2.702930616029131,1.2140230533852048,12.020000457763672
2018-04-30,10739.349609375,25531.302734375,12.359999656677246,13986.25,9060.7001953125,11625.75,3.660170986447664,1.4610656060999094,12.359999656677246
2018-05-02,10718.0498046875,25568.00390625,12.84000015258789,13754.2998046875,8961.0498046875,11508.2001953125,5.128903390609474,0.9769811540869977,12.84000015258789
2018-05-03,10679.650390625,25604.953125,12.989999771118164,13473.9501953125,8966.2998046875,11451.650390625,5.799345078881535,1.0321183661527122,12.989999771118164
2018-05-04,10618.25,25645.1015625,13.25,13453.2998046875,8817.4501953125,11323.7001953125,4.878341915096018,0.004240005658240342,13.25
2018-05-07,10715.5,25851.75,13.760000228881836,13424.900390625,8774.400390625,11489.599609375,5.516850889933789,0.21698040399436014,13.760000228881836
2018-05-08,10717.7998046875,26090.197265625,14.0600004196167,13379.650390625,8753.25,11437.2001953125,5.962083142811236,-0.20066210218808722,14.0600004196167
2018-05-09,10741.7001953125,26154.14453125,14.270000457763672,13453.400390625,8704.099609375,11419.75,7.437954452640816,0.2206594581661392,14.270000457763672
2018-05-10,10716.5498046875,26130.6953125,14.430000305175781,13427.2998046875,8544.9501953125,11346.400390625,5.783433357888823,0.3455114419746552,14.430000305175781
2018-05-11,10806.5,26412.84375,13.979999542236328,13478.599609375,8445.7001953125,11373.2001953125,6.110962480953774,1.7728910131142195,13.979999542236328
2018-05-14,10806.599609375,26474.841796875,14.25,13446.150390625,8462.0498046875,11273.75,6.851097033543119,0.8501666686108855,14.25
2018-05-15,10801.849609375,26473.69140625,13.170000076293945,13504.9501953125,8401.150390625,11186.7998046875,5.778117628360202,0.7842076379402041,13.170000076293945
2018-05-16,10741.099609375,26181.845703125,13.4399995803833,13525.599609375,8399.099609375,11164.7001953125,4.842358315031725,-0.005591162726381604,13.4399995803833
2018-05-17,10682.7001953125,26073.498046875,13.40999984741211,13504.75,8403.0,11154.7998046875,5.472728005505867,-0.315862940889744,13.40999984741211
2018-05-18,10596.400390625,25875.298828125,14.149999618530273,13459.150390625,8211.849609375,10962.75,2.627080378861013,-1.9441966351270046,14.149999618530273
2018-05-21,10516.7001953125,25750.501953125,14.40999984741211,13483.849609375,7983.2001953125,10732.900390625,1.79159658654926,-2.682614555377849,14.40999984741211
2018-05-22,10536.7001953125,25777.400390625,13.600000381469727,13484.5498046875,8118.89990234375,10913.4501953125,1.5159965880268134,-2.454666780699988,13.600000381469727
2018-05-23,10430.349609375,25684.650390625,14.15999984741211,13464.349609375,8069.7001953125,10860.599609375,0.2701301100723308,-2.8930929914174897,14.15999984741211
2018-05-24,10513.849609375,26016.498046875,13.149999618530273,13775.7001953125,8207.0,10681.599609375,0.9282693934900443,-1.5805983772865795,13.149999618530273
2018-05-25,10605.150390625,26273.24609375,12.649999618530273,13762.349609375,8297.25,10883.0,1.4007543471509454,0.08257521117964739,12.649999618530273
2018-05-28,10688.650390625,26613.94140625,13.0600004196167,13497.7001953125,8498.2001953125,11007.150390625,1.9851038013502187,1.6350204162817406,13.0600004196167
2018-05-29,10633.2998046875,26254.49609375,13.069999694824219,13561.0498046875,8410.4501953125,11051.150390625,0.9968342542410191,0.916791856884891,13.069999694824219
2018-05-30,10614.349609375,26327.494140625,13.40999984741211,13557.7001953125,8321.099609375,11024.150390625,0.6223460032703576,1.7640827670303283,13.40999984741211
2018-05-31,10736.150390625,26955.88671875,13.220000267028809,13666.0,8220.25,10994.4501953125,1.9945487584968724,2.1143614328644977,13.220000267028809
2018-06-01,10696.2001953125,26692.490234375,13.569999694824219,13558.5498046875,8213.2001953125,11076.5498046875,1.2389652262108308,0.8585432675050741,13.569999694824219
2018-06-04,10628.5,26257.24609375,13.880000114440918,13595.099609375,8205.7998046875,11023.25,0.6100898472089833,-0.5627500987192668,13.880000114440918
2018-06-05,10593.150390625,26250.6953125,13.319999694824219,13408.900390625,8117.75,10986.9501953125,0.07983405440470381,-0.377581887090217,13.319999694824219
2018-06-06,10684.650390625,26367.29296875,12.550000190734863,13528.7998046875,8233.650390625,11155.849609375,0.6623183128235066,0.6623183128235066,12.550000190734863
2018-06-07,10768.349609375,26517.4921875,12.779999732971191,13683.75,8252.150390625,11236.0,1.871234782885045,0.2999140062169392,12.779999732971191
2018-06-08,10767.650390625,26451.04296875,12.699999809265137,13769.7998046875,8603.9501953125,11226.099609375,1.4113148551863297,0.6679960547467445,12.699999809265137
2018-06-11,10786.9501953125,26453.244140625,13.180000305175781,13775.099609375,8647.150390625,11239.7001953125,0.8852201336844834,1.490804867220219,13.180000305175781
2018-06-12,10842.849609375,26606.791015625,12.729999542236328,13859.849609375,8870.4501953125,11243.400390625,0.9637455131328299,2.3571761897290378,12.729999542236328
2018-06-13,10856.7001953125,26642.490234375,12.640000343322754,14034.150390625,8948.9501953125,11236.2001953125,1.2936158457144131,1.61025207561738,12.640000343322754
2018-06-14,10808.0498046875,26561.94140625,12.100000381469727,13825.400390625,9112.4501953125,11243.0,1.202281061327759,0.3686748364664538,12.100000381469727
2018-06-15,10817.7001953125,26417.09375,12.069999694824219,14121.5,9316.25,11173.0498046875,1.8783716272690931,0.464816397930945,12.069999694824219
2018-06-18,10799.849609375,26408.994140625,12.380000114440918,14024.2001953125,9319.2998046875,11203.4501953125,0.7871738078017776,0.11958351368031028,12.380000114440918
2018-06-19,10710.4501953125,26265.4453125,12.920000076293945,13849.4501953125,9253.9501953125,11080.349609375,-0.06857386318958048,-1.22107581339157,12.920000076293945
2018-06-20,10772.0498046875,26557.390625,12.170000076293945,13810.900390625,9291.349609375,11137.349609375,0.28254008977315337,-0.7797064402823684,12.170000076293945
2018-06-21,10741.099609375,26496.640625,12.449999809265137,13771.7001953125,9198.7998046875,11033.2001953125,0.2290831016971584,-0.6194475092394902,12.449999809265137
2018-06-22,10821.849609375,26766.5390625,12.020000457763672,13777.099609375,9360.900390625,11088.5,0.14204052537825085,0.03835763598161179,12.020000457763672
2018-06-25,10762.4501953125,26609.390625,12.579999923706055,13865.2001953125,9286.7998046875,10910.4501953125,-0.4085412216456974,-0.34629569313664454,12.579999923706055
2018-06-26,10769.150390625,26601.390625,12.800000190734863,13943.5,9247.75,10852.099609375,-0.3027187003383225,0.548064686750438,12.800000190734863
2018-06-27,10671.400390625,26423.09375,13.510000228881836,14018.400390625,9263.4501953125,10716.2001953125,-0.6489020797197043,-0.9343571176091525,13.510000228881836
2018-06-28,10589.099609375,26324.29296875,13.949999809265137,13873.7998046875,9149.400390625,10632.599609375,-0.8761884563471267,-1.4151251317633395,13.949999809265137
2018-06-29,10714.2998046875,26363.892578125,12.9399995803833,13989.5,9173.150390625,10709.0498046875,1.112636458762073,-0.9938209138882215,12.9399995803833
2018-07-02,10657.2998046875,26229.99609375,13.369999885559082,14072.2998046875,9133.900390625,10665.7998046875,1.3369175384277732,-0.9770116350531155,13.369999885559082
2018-07-03,10699.900390625,26203.794921875,13.0,14222.5498046875,9325.2998046875,10779.150390625,1.5488738626643572,-0.6430405137649919,13.0
2018-07-04,10769.900390625,26433.642578125,12.65999984741211,14126.150390625,9399.599609375,10914.349609375,3.2554113137761576,0.9230278725792518,12.65999984741211
2018-07-05,10749.75,26502.9921875,12.579999923706055,13970.5,9274.25,10925.75,2.24371090884401,1.5171298462691718,12.579999923706055
2018-07-06,10772.650390625,26493.541015625,12.4399995803833,14015.9501953125,9189.900390625,11067.849609375,1.5794212607118885,0.5446047525380138,12.4399995803833
2018-07-09,10852.900390625,26752.990234375,12.390000343322754,14108.849609375,9307.599609375,11135.650390625,1.5366766990906777,1.8353672086006911,12.390000343322754
2018-07-10,10947.25,26894.23828125,12.399999618530273,14222.75,9276.099609375,11239.2001953125,2.952518983562391,2.311700112570403,12.399999618530273
2018-07-11,10948.2998046875,26815.88671875,12.779999732971191,14536.4501953125,9228.7001953125,11127.400390625,3.1462143946864307,1.6564629902964922,12.779999732971191
2018-07-12,11023.2001953125,27026.236328125,12.510000228881836,14515.650390625,9244.099609375,11038.0,2.6736753328097773,2.5437819048117483,12.510000228881836
2018-07-13,11018.900390625,26935.63671875,12.300000190734863,14534.900390625,9164.0,11003.0498046875,3.016961064864132,2.285881292632519,12.300000190734863
2018-07-16,10936.849609375,26679.490234375,12.949999809265137,14617.0498046875,8786.400390625,10835.150390625,2.9011582949146186,0.7735187436394231,12.949999809265137
2018-07-17,11008.0498046875,27007.78515625,12.829999923706055,14618.25,8926.099609375,10965.650390625,3.9166763310533925,0.5553888390920081,12.829999923706055
2018-07-18,10980.4501953125,26880.587890625,13.680000305175781,14631.7001953125,8885.650390625,10808.599609375,2.7684556244071734,0.29365646902759224,13.680000305175781
2018-07-19,10957.099609375,26789.33984375,13.59000015258789,14489.849609375,8749.900390625,10799.0,1.7528219908060194,-0.5996496912539895,13.59000015258789
2018-07-20,11010.2001953125,26872.88671875,13.539999961853027,14701.400390625,8895.25,10752.7001953125,2.2525787510586204,-0.07895701934017563,13.539999961853027
2018-07-23,11084.75,27007.8359375,13.010000228881836,14683.2001953125,8937.400390625,10770.599609375,2.7607414449443812,1.3523125571574202,13.010000228881836
2018-07-24,11134.2998046875,26974.0859375,12.470000267028809,14663.900390625,9049.0498046875,10861.2998046875,2.6879483328857035,1.1468879796150633,12.470000267028809
2018-07-25,11132.0,27030.986328125,12.210000038146973,14575.349609375,8969.25,10809.9501953125,2.5357594824840346,1.3801784261286087,12.210000038146973
2018-07-26,11167.2998046875,27406.08203125,12.029999732971191,14468.099609375,8994.650390625,10770.0,3.3239114039259166,1.9183926659994022,12.029999732971191
2018-07-27,11278.349609375,27634.080078125,12.3100004196167,14517.900390625,9039.0,10874.7998046875,4.258293405673297,2.4354635638383915,12.3100004196167
2018-07-30,11319.5498046875,27842.275390625,12.59000015258789,14420.5498046875,9115.5498046875,10925.0498046875,4.812105854338622,2.118223727982138,12.59000015258789
2018-07-31,11356.5,27763.828125,12.479999542236328,14587.7998046875,9179.400390625,10973.75,6.03195750791361,1.9956368986844941,12.479999542236328
2018-08-01,11346.2001953125,27596.279296875,12.529999732971191,14679.349609375,9301.7001953125,10890.099609375,5.3300012628530125,1.924184291344777,12.529999732971191
2018-08-02,11244.7001953125,27355.630859375,12.5600004196167,14552.599609375,9424.650390625,10733.650390625,4.68853845744015,0.6930985285495073,12.5600004196167
2018-08-03,11360.7998046875,27695.177734375,12.079999923706055,14649.099609375,9500.75,10775.2998046875,4.98020407570261,0.7310484083944635,12.079999923706055
2018-08-06,11387.099609375,27898.17578125,12.5600004196167,14605.5498046875,9408.599609375,10822.7998046875,5.8039703109108,0.5967534562154375,12.5600004196167
2018-08-07,11389.4501953125,27875.576171875,12.579999923706055,14613.75,9371.0498046875,10855.650390625,5.759969748658134,0.29014392913748743,12.579999923706055
2018-08-08,11450.0,28062.123046875,12.539999961853027,14608.2001953125,9307.25,10821.2001953125,7.296133411496886,0.9148419990895551,12.539999961853027
2018-08-09,11470.7001953125,28319.669921875,12.680000305175781,14603.349609375,9249.9501953125,10813.7998046875,8.32554814346047,2.009835709930363,12.680000305175781
2018-08-10,11429.5,28123.923828125,12.850000381469727,14679.2998046875,9138.25,10839.4501953125,6.675193044342476,0.6047126654247892,12.850000381469727
2018-08-13,11355.75,27794.078125,13.399999618530273,14880.25,9186.599609375,10756.7001953125,6.553725691429779,-0.2753081157662818,13.399999618530273
2018-08-14,11435.099609375,28021.373046875,13.279999732971191,15009.25,9481.150390625,10803.150390625,6.871084700883423,0.40080436965506117,13.279999732971191
2018-08-16,11385.0498046875,27826.2265625,13.649999618530273,15044.349609375,9595.349609375,10830.9501953125,5.7117465505806875,-0.5672506140829703,13.649999618530273
2018-08-17,11470.75,28128.224609375,13.15999984741211,15126.400390625,9693.849609375,10878.7001953125,6.70713272401684,0.000434190473574958,13.15999984741211
2018-08-20,11551.75,28273.921875,13.029999732971191,14996.099609375,9799.150390625,10997.900390625,7.232199886975055,1.0696005949516696,13.029999732971191
2018-08-21,11570.900390625,28257.572265625,12.899999618530273,15134.650390625,9950.5,10979.25,6.6157430194441424,1.894638316491637,12.899999618530273
2018-08-23,11582.75,28027.57421875,12.760000228881836,15321.9501953125,10076.7998046875,10959.599609375,5.805110872593566,1.291203362181026,12.760000228881836
2018-08-24,11557.099609375,27834.375,12.40999984741211,15260.0498046875,10061.099609375,10903.0,5.560678968864585,1.5111906196199731,12.40999984741211
2018-08-27,11691.9501953125,28263.87109375,12.239999771118164,15514.9501953125,10094.2001953125,10993.5498046875,6.06675001951229,1.9283847639648632,12.239999771118164
2018-08-28,11738.5,28269.322265625,12.430000305175781,15583.0498046875,10050.099609375,11044.150390625,6.530593651497596,1.6166381717055867,12.430000305175781
2018-08-29,11691.900390625,28223.771484375,12.4399995803833,15524.9501953125,10008.900390625,11057.150390625,6.903731954060843,1.0457267448092278,12.4399995803833
2018-08-30,11676.7998046875,28102.923828125,12.40999984741211,15529.849609375,10120.5498046875,11007.599609375,6.075099694000574,0.8119816510543609,12.40999984741211
2018-08-31,11680.5,28061.423828125,12.600000381469727,15811.400390625,10390.9501953125,11009.25,6.375419880200783,1.0677453236182188,12.600000381469727
2018-09-03,11582.349609375,27819.17578125,13.390000343322754,15724.7001953125,10359.900390625,10935.650390625,5.706345860587314,-0.9374020938050287,13.390000343322754
2018-09-04,11520.2998046875,27430.431640625,13.779999732971191,16048.7001953125,10205.5498046875,10754.099609375,4.632973064306056,-1.8588422312263098,13.779999732971191
2018-09-05,11476.9501953125,27375.732421875,13.649999618530273,16039.900390625,10303.400390625,10788.400390625,3.5381961281264696,-1.8384538708938636,13.649999618530273
2018-09-06,11536.900390625,27468.380859375,13.720000267028809,16081.650390625,10583.150390625,10798.5498046875,3.615859039182756,-1.1980972218633035,13.720000267028809
2018-09-07,11589.099609375,27481.12890625,13.890000343322754,16104.7998046875,10661.25,11036.650390625,4.106176871855904,-0.7825040933607252,13.890000343322754
2018-09-10,11438.099609375,27201.43359375,15.199999809265137,16105.2998046875,10446.5,10843.900390625,2.424935386563476,-1.245429510116336,15.199999809265137
2018-09-11,11287.5,26807.1875,15.329999923706055,15993.2001953125,10279.0498046875,10681.400390625,0.0811323548384646,-2.0207790477186682,15.329999923706055
2018-09-12,11369.900390625,26818.88671875,14.25,16054.0498046875,10391.599609375,10692.75,0.4448108520769045,-0.9327373811487183,14.25
2018-09-14,11515.2001953125,27163.533203125,13.84000015258789,16072.5,10652.849609375,10826.7001953125,1.397439310637072,-0.18809380836930512,13.84000015258789
2018-09-17,11377.75,26819.98828125,14.5,16119.7998046875,10504.150390625,10730.7998046875,0.27806493931363807,-1.823693095225698,14.5
2018-09-18,11278.900390625,26441.142578125,14.420000076293945,16031.0,10465.400390625,10565.650390625,0.3041450169276816,-1.3918327710620404,14.420000076293945
2018-09-19,11234.349609375,26277.044921875,14.010000228881836,16063.9501953125,10456.9501953125,10527.900390625,-1.113039552552686,-0.4708783222591384,14.010000228881836
2018-09-21,11143.099609375,25596.603515625,15.539999961853027,15833.5,10252.349609375,10407.400390625,-2.142775670453556,-1.9947473017178585,15.539999961853027
2018-09-24,10967.400390625,24970.05859375,17.43000030517578,16175.2998046875,9994.75,10001.0,-3.7056205299637823,-4.757188719224292,17.43000030517578
2018-09-25,11067.4501953125,25330.0546875,16.68000030517578,16234.900390625,10245.150390625,10100.4501953125,-3.341046329148467,-2.727251035463951,16.68000030517578
2018-09-26,11053.7998046875,25376.005859375,17.09000015258789,15932.4501953125,10289.2998046875,10002.2001953125,-3.634480751186975,-1.995767123935266,17.09000015258789
2018-09-27,10977.5498046875,25041.859375,16.920000076293945,16018.0,10092.4501953125,9815.400390625,-3.954242926746576,-2.2858448741278403,16.920000076293945
2018-09-28,10930.4501953125,25119.55859375,17.0,15838.0498046875,9972.4501953125,9590.25,-3.745237476058383,-1.908350652125479,17.0
2018-10-01,11008.2998046875,25366.705078125,16.84000015258789,16213.599609375,10034.400390625,9659.5498046875,-3.7323663043353883,0.3729180353209349,16.84000015258789
2018-10-03,10858.25,25069.609375,18.1200008392334,15909.7998046875,9950.900390625,9375.2998046875,-4.627119017701653,-1.8902293809382131,18.1200008392334
2018-10-04,10599.25,24819.01171875,18.920000076293945,15441.099609375,9630.75,9207.0,-7.597585162260534,-4.112158829715218,18.920000076293945
2018-10-05,10316.4501953125,24443.166015625,19.729999542236328,15591.650390625,9547.349609375,8915.099609375,-10.693616159348151,-6.022287497094347,19.729999542236328
2018-10-08,10348.0498046875,24618.0625,20.149999618530273,15305.2001953125,9505.7998046875,8969.099609375,-10.568326963805518,-5.328237906200439,20.149999618530273
2018-10-09,10301.0498046875,24527.365234375,19.760000228881836,15369.7998046875,9638.75,8732.900390625,-11.065594917549804,-6.424697842066784,19.760000228881836
2018-10-10,10460.099609375,25321.404296875,17.90999984741211,15143.2001953125,9771.349609375,8961.9501953125,-9.492000909208443,-3.66680073331338,17.90999984741211
2018-10-11,10234.650390625,24783.662109375,20.549999237060547,14683.0,9488.650390625,8739.5,-12.464129425318248,-3.4398623428544495,20.549999237060547
2018-10-12,10472.5,25395.5546875,18.6299991607666,14539.2001953125,9525.599609375,9084.4501953125,-10.785023640158453,1.5126308151849122,18.6299991607666
2018-10-15,10512.5,25387.755859375,18.889999389648438,14797.2001953125,9774.099609375,9034.599609375,-10.087328417292085,1.5891902186053075,18.889999389648438
2018-10-16,10584.75,25589.353515625,17.3700008392334,14887.349609375,9836.75,9102.900390625,-9.352303909921545,2.7540901237406157,17.3700008392334
2018-10-17,10453.0498046875,25188.306640625,17.979999542236328,14949.599609375,9686.400390625,8834.7001953125,-10.508541546273708,-0.06739710854360981,17.979999542236328
2018-10-19,10303.5498046875,25085.509765625,19.790000915527344,14476.849609375,9650.2998046875,8690.25,-11.040935974272548,0.6731975341884855,19.790000915527344
2018-10-22,10245.25,25078.30859375,21.360000610351562,14421.4501953125,9646.650390625,8700.4501953125,-11.067852628007946,-2.1699689663404187,21.360000610351562
2018-10-23,10146.7998046875,24972.158203125,19.040000915527344,14014.7001953125,9368.25,8649.150390625,-11.589754838949029,-3.478717672413789,19.040000915527344
2018-10-24,10224.75,25063.908203125,18.8799991607666,14049.150390625,9334.400390625,8663.900390625,-11.373508881911354,-3.4011195351803303,18.8799991607666
2018-10-25,10124.900390625,24817.16015625,18.959999084472656,14070.7998046875,9142.7001953125,8580.9501953125,-12.634279349584121,-3.1392695930267833,18.959999084472656
2018-10-26,10030.0,24420.767578125,19.229999542236328,13798.599609375,9115.099609375,8578.0498046875,-12.310608033356175,-2.6549083555946096,19.229999542236328
2018-10-29,10250.849609375,24959.408203125,19.829999923706055,14132.650390625,9590.400390625,8723.900390625,-9.18405661683278,0.05465566360021157,19.829999923706055
2018-10-30,10198.400390625,24807.4609375,20.5,14355.849609375,9535.2998046875,8744.599609375,-10.303520345402106,0.5085404948431238,20.5
2018-10-31,10386.599609375,25152.95703125,19.799999237060547,14940.099609375,9757.5,8820.5498046875,-9.800963654951655,1.582919967480878,19.799999237060547
2018-11-01,10380.4501953125,25323.35546875,19.190000534057617,14622.0,9609.150390625,8814.2001953125,-8.765351714420689,2.5239735190295987,19.190000534057617
2018-11-02,10553.0,25701.3515625,18.229999542236328,14396.7001953125,9547.849609375,9180.2001953125,-6.435914543835908,5.2143569292123715,18.229999542236328
2018-11-05,10524.0,25731.900390625,19.479999542236328,14471.75,9460.5,9153.650390625,-6.323014985951813,2.6646609894187545,19.479999542236328
2018-11-06,10530.0,25597.703125,18.510000228881836,14577.2998046875,9454.9501953125,9130.4501953125,-5.502056257840337,3.251486475073362,18.510000228881836
2018-11-07,10598.400390625,25769.400390625,17.719999313354492,14683.099609375,9502.099609375,9200.75,-3.364516538626816,2.0391734467055667,17.719999313354492
2018-11-09,10585.2001953125,25770.701171875,17.770000457763672,14553.25,9643.900390625,9277.75,-4.3573722175343725,1.9724578043104346,17.770000457763672
2018-11-12,10482.2001953125,25539.453125,19.3700008392334,14650.5,9557.5,9051.5,-5.171068948911184,-0.6708974195726358,19.3700008392334
2018-11-13,10582.5,25768.30078125,18.700000762939453,14698.2001953125,9422.5498046875,9126.900390625,-3.5987065576219113,0.5558722919042136,18.700000762939453
2018-11-14,10576.2998046875,25929.849609375,18.829999923706055,14338.5,9216.150390625,9051.400390625,-3.240034804576275,0.43969425154319897,18.829999923706055
2018-11-15,10616.7001953125,26154.4453125,18.450000762939453,14354.150390625,9218.5498046875,9108.25,-3.557312358155895,0.1726657232509199,18.450000762939453
2018-11-16,10682.2001953125,26245.24609375,18.350000381469727,14473.150390625,9301.349609375,9112.349609375,-1.6213460243363342,0.9163737880267586,18.350000381469727
2018-11-19,10763.400390625,26300.392578125,19.260000228881836,14599.7998046875,9399.25,9207.650390625,1.5486981685024936,2.6826447699238587,19.260000228881836
2018-11-20,10656.2001953125,26113.046875,19.329999923706055,14285.099609375,9218.7001953125,9133.650390625,3.2932839646177214,0.6964346356012285,19.329999923706055
2018-11-21,10600.0498046875,26261.74609375,19.559999465942383,13879.150390625,9375.099609375,9119.2998046875,2.4352414682605072,0.22455868724025052,19.559999465942383
2018-11-22,10526.75,25999.146484375,19.15999984741211,13835.7001953125,9302.2998046875,9062.650390625,2.1910407151880307,-0.847251911212632,19.15999984741211
2018-11-26,10628.599609375,26365.29296875,20.399999618530273,14025.400390625,9180.5,9158.7998046875,1.6108833213115847,-0.5017747744609835,20.399999618530273
2018-11-27,10685.599609375,26442.79296875,18.31999969482422,14225.349609375,9058.4501953125,9165.0,4.406102812882318,-0.722827158950301,18.31999969482422
2018-11-28,10728.849609375,26457.642578125,17.959999084472656,14632.900390625,9014.7998046875,9096.4501953125,2.447835849844826,0.6817572186233578,17.959999084472656
2018-11-29,10858.7001953125,26939.287109375,18.700000762939453,14465.2998046875,9090.650390625,9202.099609375,3.2932242122473143,2.4400865598822152,18.700000762939453
2018-11-30,10876.75,26862.63671875,19.15999984741211,14638.0498046875,9275.7001953125,9270.2001953125,2.758685845201825,3.324862849407473,19.15999984741211
2018-12-03,10883.75,26857.23828125,18.219999313354492,14740.400390625,9053.400390625,9260.599609375,4.120330462018451,2.400602148941089,18.219999313354492
2018-12-04,10869.5,26693.490234375,18.110000610351562,14999.900390625,9064.400390625,9212.2001953125,5.492769055719293,1.7210114298467083,18.110000610351562
2018-12-05,10782.900390625,26519.291015625,18.389999389648438,15012.9501953125,8812.2001953125,8992.900390625,5.247801572680033,0.5037891593034249,18.389999389648438
2018-12-06,10601.150390625,26197.99609375,19.309999465942383,14693.75,8686.5,8791.400390625,4.477772250198564,-2.3718290408153986,19.309999465942383
2018-12-07,10693.7001953125,26593.9921875,18.59000015258789,14662.900390625,8682.599609375,8869.7998046875,4.586422116066413,-1.6829457759670818,18.59000015258789
2018-12-10,10488.4501953125,26102.34765625,20.440000534057617,14419.2001953125,8535.2998046875,8784.25,3.5906506796266724,-3.63201841908809,20.440000534057617
2018-12-11,10549.150390625,26163.095703125,17.950000762939453,14579.599609375,8746.599609375,8846.7998046875,5.1759759783150505,-2.947234089654538,17.950000762939453
2018-12-12,10737.599609375,26643.5390625,15.8100004196167,14738.5498046875,8801.5,9166.150390625,4.748386900094981,-0.4201168480549633,15.8100004196167
2018-12-13,10791.5498046875,26816.037109375,15.550000190734863,14841.0,8810.7998046875,9254.2001953125,5.81610244100399,1.7960259693219571,15.550000190734863
2018-12-14,10805.4501953125,26825.6875,15.15999984741211,14851.400390625,8726.400390625,9271.5,4.032605488705299,1.0450077892494525,15.15999984741211
2018-12-17,10888.349609375,27015.486328125,14.539999961853027,14873.0498046875,8771.2998046875,9335.7998046875,4.89284572929074,3.812759813086819,14.539999961853027
2018-12-18,10908.7001953125,27174.3828125,14.579999923706055,14730.900390625,8840.400390625,9403.7998046875,3.370607365796463,3.4083294992839575,14.579999923706055
2018-12-19,10967.2998046875,27298.083984375,14.65999984741211,14591.7998046875,8823.4501953125,9507.7001953125,4.212274844997155,2.13921363869769,14.65999984741211
2018-12-20,10951.7001953125,27274.783203125,14.329999923706055,14542.150390625,8853.7998046875,9524.5498046875,4.00475019290123,1.4840351341883773,14.329999923706055
2018-12-21,10754.0,26869.337890625,15.989999771118164,14207.849609375,8774.0498046875,9337.25,1.468142395456562,-0.47615040912242224,15.989999771118164
2018-12-24,10663.5,26714.439453125,15.75,14247.75,8726.349609375,9206.75,0.7397101919921489,-2.065047665087849,15.75
2018-12-26,10729.849609375,26986.486328125,15.920000076293945,14158.900390625,8684.849609375,9227.0,2.3625709245015614,-1.6395224246272044,15.920000076293945
2018-12-27,10779.7998046875,26878.23828125,16.06999969482422,14354.5,8665.75,9184.099609375,1.8643969259390492,-1.7096277419156647,16.06999969482422
2018-12-28,10859.900390625,27124.935546875,15.270000457763672,14385.7998046875,8814.2001953125,9223.7998046875,2.681472643313354,-0.8382242304879051,15.270000457763672
2018-12-31,10862.5498046875,27159.8828125,16.0,14440.2998046875,8868.7001953125,9235.5498046875,2.315687594564908,1.0093900380091059,16.0
2019-01-01,,27392.08203125,15.329999923706055,14450.900390625,8881.9501953125,9182.4501953125,1.6883189425165313,1.866646079500156,15.329999923706055
2019-01-02,10792.5,27174.3828125,16.389999389648438,14447.099609375,8839.9501953125,8902.650390625,0.2703570276949563,0.5838888046507229,16.389999389648438
2019-01-03,10672.25,26959.537109375,16.790000915527344,14322.150390625,8722.2998046875,8767.349609375,0.15061470686859035,-0.9976976069697829,16.790000915527344
2019-01-04,10727.349609375,27194.68359375,16.15999984741211,14146.150390625,8788.0498046875,8809.349609375,1.2009359109917295,-1.2205524588828398,16.15999984741211
2019-01-07,10771.7998046875,27304.234375,16.299999237060547,14291.5,8732.650390625,8820.0,2.3278771196000747,-0.8354392074763073,16.299999237060547
2019-01-08,10802.150390625,27509.1796875,15.699999809265137,14285.7001953125,8864.75,8859.650390625,1.6328659242833776,-0.5560334833763947,15.699999809265137
2019-01-09,10855.150390625,27720.078125,15.270000457763672,14326.099609375,8906.7001953125,8907.099609375,1.5867222004205095,0.5804993340282616,15.270000457763672
2019-01-10,10821.599609375,27528.23046875,15.350000381469727,14323.25,8934.7998046875,8933.349609375,0.8644915659825614,1.3994200789430478,15.350000381469727
2019-01-11,10794.9501953125,27453.58203125,15.350000381469727,14307.099609375,8902.4501953125,8862.349609375,-0.587086841457507,0.6301704372384975,15.350000381469727
2019-01-14,10737.599609375,27247.93359375,16.15999984741211,14223.599609375,8949.2998046875,8849.7001953125,-1.2793379513641456,-0.31749750211303995,16.15999984741211
2019-01-15,10886.7998046875,27400.431640625,15.579999923706055,14658.5,9027.5,8888.400390625,0.028021634891461922,0.7836348412253669,15.579999923706055
2019-01-16,10890.2998046875,27483.37890625,16.079999923706055,14707.7998046875,9054.2001953125,8866.75,0.19135935128111736,0.3238040266384301,16.079999923706055
2019-01-17,10905.2001953125,27528.4296875,16.239999771118164,14800.25,8930.5,8878.2001953125,1.1342013767819958,0.7725344584461835,16.239999771118164
2019-01-18,10906.9501953125,27456.380859375,16.6200008392334,14893.0,8689.599609375,8844.7998046875,2.884590760620953,1.0375221559487446,16.6200008392334
2019-01-21,10961.849609375,27533.279296875,18.149999618530273,14966.400390625,8734.7001953125,8746.849609375,2.5075456499149107,2.0884555967630503,18.149999618530273
2019-01-22,10922.75,27481.9296875,17.989999771118164,14962.599609375,8892.599609375,8675.150390625,4.140743356741083,0.3302182088167127,17.989999771118164
2019-01-23,10831.5,27250.43359375,18.09000015258789,14888.75,8946.2001953125,8612.25,2.676515159229531,-0.5399282457053234,18.09000015258789
2019-01-24,10849.7998046875,27266.083984375,17.43000030517578,14971.900390625,8894.5,8537.25,1.044928097472897,-0.5080180980887805,17.43000030517578
2019-01-25,10780.5498046875,27114.986328125,17.690000534057617,15039.2998046875,8891.0,8259.7998046875,-0.10193160573861437,-1.158897660313174,17.690000534057617
2019-01-28,10661.5498046875,26652.740234375,18.899999618530273,15120.150390625,8663.900390625,8143.0,-1.3317389652809264,-2.7394994037381437,18.899999618530273
2019-01-29,10652.2001953125,26573.091796875,18.43000030517578,15231.2998046875,8756.900390625,8120.4501953125,-2.168826521323053,-2.4769385428349056,18.43000030517578
2019-01-30,10651.7998046875,26825.1875,17.850000381469727,15255.2001953125,8734.599609375,8118.39990234375,-2.3550045928972474,-1.6590517962655205,17.850000381469727
2019-01-31,10830.9501953125,27295.1328125,17.1200008392334,15499.2998046875,8825.349609375,8218.400390625,-1.2432377321966115,-0.17373232423013585,17.1200008392334
2019-02-01,10893.650390625,27085.634765625,15.720000267028809,15724.2998046875,8969.5498046875,8441.25,-0.5300529018530509,1.0491170486344181,15.720000267028809
2019-02-04,10912.25,27186.283203125,15.720000267028809,15754.7998046875,8811.900390625,8395.5498046875,1.4715454714524734,2.3514423316043143,15.720000267028809
2019-02-05,10934.349609375,27271.3828125,15.779999732971191,15738.7001953125,8800.599609375,8468.2998046875,2.5399691412294256,2.648743066119419,15.779999732971191
2019-02-06,11062.4501953125,27402.03125,15.630000114440918,16055.599609375,8906.900390625,8567.400390625,3.0997693168681284,3.8552206965463798,15.630000114440918
2019-02-07,11069.400390625,27386.83203125,15.4399995803833,16085.849609375,9056.150390625,8736.7001953125,2.6865117273473738,2.201563030136522,15.4399995803833
2019-02-08,10943.599609375,27294.083984375,15.569999694824219,16019.7998046875,8984.849609375,8420.349609375,0.7707181073433711,0.45851681446456016,15.569999694824219
2019-02-11,10888.7998046875,27227.484375,15.84000015258789,16099.0498046875,8838.0,8320.2998046875,0.24165596910472598,-0.21489789284977467,15.84000015258789
2019-02-12,10831.400390625,27010.435546875,15.75,15938.650390625,8904.9501953125,8278.099609375,-0.2867596892311419,-0.9415211917289779,15.75
2019-02-14,10746.0498046875,26970.28515625,15.770000457763672,15861.650390625,8920.900390625,8223.349609375,-0.4303932852675496,-2.8601294020656365,15.770000457763672
2019-02-15,10724.400390625,26793.939453125,16.459999084472656,15815.599609375,8643.2998046875,8132.5498046875,0.4886541322120408,-3.1166999821615526,16.459999084472656
2019-02-18,10640.9501953125,26653.939453125,18.0,15659.0,8573.9501953125,8067.7001953125,-0.8054124943125962,-2.765538075819507,18.0
2019-02-19,10604.349609375,26684.5390625,18.469999313354492,15333.5,8552.7001953125,8073.39990234375,-1.5545238339802037,-2.612319083964121,18.469999313354492
2019-02-20,10735.4501953125,26955.1875,17.059999465942383,15609.4501953125,8606.349609375,8121.5,-0.6174714561499539,-0.8858521691760934,17.059999465942383
2019-02-21,10789.849609375,27052.0859375,16.049999237060547,15588.900390625,8706.349609375,8156.75,-0.6015649613329788,0.4075898165704972,16.049999237060547
2019-02-22,10791.650390625,26867.23828125,15.449999809265137,15684.7001953125,8772.599609375,8278.9501953125,-0.27675408286270686,0.627074685301654,15.449999809265137
2019-02-25,10880.099609375,27158.93359375,15.359999656677246,16003.7001953125,8816.2001953125,8371.4501953125,0.78878931835622,2.2474441630959685,15.359999656677246
2019-02-26,10835.2998046875,26952.63671875,17.110000610351562,15989.599609375,8829.4501953125,8399.099609375,0.9098886051515542,2.177881754372968,17.110000610351562
2019-02-27,10806.650390625,26798.990234375,18.899999618530273,15902.099609375,8866.2001953125,8420.0498046875,-0.7362072923210228,0.6632250536040774,18.899999618530273
2019-02-28,10792.5,26789.58984375,18.280000686645508,15732.0,8884.849609375,8355.150390625,-0.898045108412937,0.024563740190575167,18.280000686645508
2019-03-01,10863.5,27043.5859375,16.270000457763672,15848.2998046875,8972.650390625,8413.650390625,-0.3823881686319197,0.6657888902462661,16.270000457763672
2019-03-05,10987.4501953125,27553.73046875,15.65999984741211,15664.099609375,9054.650390625,8676.599609375,0.7380614980216693,0.9866691463467747,15.65999984741211
2019-03-06,11053.0,27625.330078125,15.609999656677246,15735.0498046875,9155.0,8651.75,0.8315238200955033,2.0091755580064374,15.609999656677246
2019-03-07,11058.2001953125,27764.27734375,15.289999961853027,15582.099609375,9045.650390625,8635.7001953125,1.2400741142340577,2.3277314949109895,15.289999961853027
2019-03-08,11035.400390625,27761.478515625,14.9399995803833,15408.7001953125,9021.849609375,8582.599609375,1.882476024788815,2.2506406358582254,14.9399995803833
2019-03-11,11168.0498046875,27966.326171875,14.899999618530273,15388.5,9155.0498046875,8782.7001953125,2.933233845130534,2.803422512887188,14.899999618530273
2019-03-12,11301.2001953125,28443.369140625,15.100000381469727,15384.5498046875,9274.7998046875,8802.900390625,4.829534671771718,2.8555305773659168,15.100000381469727
2019-03-13,11341.7001953125,28883.96484375,15.279999732971191,15342.900390625,9100.25,8767.5498046875,6.379470181023428,2.6119623207500275,15.279999732971191
2019-03-14,11343.25,28922.763671875,15.149999618530273,15260.4501953125,9184.900390625,8725.5,6.487390323283604,2.5777233153034373,15.149999618530273
2019-03-15,11426.849609375,29381.107421875,15.869999885559082,15546.599609375,9221.75,8748.0498046875,7.276233302342261,3.547213557222184,15.869999885559082
2019-03-18,11462.2001953125,29595.755859375,16.899999618530273,15359.4501953125,9204.9501953125,8627.0498046875,5.82820517698619,2.633856364980902,16.899999618530273
2019-03-19,11532.400390625,29767.50390625,16.489999771118164,15495.5498046875,9244.599609375,8567.0498046875,5.863507429517867,2.0458021388595204,16.489999771118164
2019-03-20,11521.0498046875,29831.8515625,16.030000686645508,15599.25,9264.5,8445.099609375,5.579049276615722,1.581329133079401,16.030000686645508
2019-03-22,11456.900390625,29582.15625,16.270000457763672,15551.099609375,9199.349609375,8336.599609375,4.77898366082945,1.0019208835651217,16.270000457763672
2019-03-25,11354.25,29280.859375,16.670000076293945,15416.849609375,9170.150390625,8238.5498046875,2.637750222922075,-0.6353423021813187,16.670000076293945
2019-03-26,11483.25,29881.802734375,16.489999771118164,15356.599609375,9245.0,8287.25,3.738681362772822,0.18364541125452938,16.489999771118164
2019-03-27,11445.0498046875,30019.451171875,17.049999237060547,15339.400390625,9148.7998046875,8215.349609375,4.582132143092332,-0.7574362923482014,17.049999237060547
2019-03-28,11570.0,30420.197265625,16.649999618530273,15566.75,9199.400390625,8234.25,6.25597134239948,0.4248761713761873,16.649999618530273
2019-04-01,11669.150390625,30326.1484375,18.010000228881836,15840.650390625,9375.400390625,8414.349609375,7.734456947276236,1.8525953160392294,18.010000228881836
2019-04-02,11713.2001953125,30353.896484375,18.079999923706055,15988.400390625,9296.9501953125,8504.2998046875,9.000054980232107,3.161373012858615,18.079999923706055
2019-04-03,11643.9501953125,30092.951171875,18.780000686645508,15962.9501953125,9180.2998046875,8480.650390625,8.574370325555414,1.399431304835308,18.780000686645508
2019-04-04,11598.0,29904.552734375,18.649999618530273,15744.7998046875,9263.400390625,8536.349609375,8.99402578830879,1.3363873283439798,18.649999618530273
2019-04-05,11665.9501953125,30084.30078125,18.389999389648438,15923.0498046875,9271.5498046875,8564.599609375,10.010991951821069,0.82930160166379,18.389999389648438
2019-04-08,11604.5,29844.953125,20.149999618530273,16028.25,9243.900390625,8526.2998046875,8.095140761464847,-0.5540282579350464,20.149999618530273
2019-04-09,11671.9501953125,30113.5,20.280000686645508,16121.599609375,9333.2998046875,8622.7998046875,8.175281564360892,-0.35216678031770865,20.280000686645508
2019-04-10,11584.2998046875,29803.154296875,21.1299991607666,15999.150390625,9407.900390625,8644.5,7.345024953283286,-0.5122865490185036,21.1299991607666
2019-04-11,11596.7001953125,29785.75390625,20.959999084472656,15874.75,9391.150390625,8690.0498046875,6.5863421445152115,-0.011207145089675574,20.959999084472656
2019-04-12,11643.4501953125,29938.203125,21.0,15911.099609375,9426.4501953125,8777.4501953125,7.458495890214167,-0.19286898729466984,21.0
2019-04-15,11690.349609375,30103.900390625,21.389999389648438,16113.7001953125,9417.75,8911.599609375,8.177364741221083,0.7397958496703883,21.389999389648438
2019-04-16,11787.150390625,30530.994140625,21.690000534057617,16084.900390625,9417.7998046875,8983.5498046875,9.216125926569374,0.986983266590391,21.690000534057617
2019-04-18,11752.7998046875,30223.048828125,22.739999771118164,16079.2998046875,9409.900390625,8972.650390625,8.186126061467291,1.4545548962037191,22.739999771118164
2019-04-22,11594.4501953125,29687.603515625,24.049999237060547,16150.599609375,9285.4501953125,8813.900390625,5.524484654856132,-0.01940207095212365,24.049999237060547
2019-04-23,11575.9501953125,29479.357421875,24.649999618530273,16166.2998046875,9388.7998046875,8682.900390625,4.731296438184196,-0.5797250717590074,24.649999618530273
2019-04-24,11726.150390625,29860.453125,23.709999084472656,16370.349609375,9459.0,8646.0498046875,6.040315634687454,0.3062421779181923,23.709999084472656
2019-04-25,11641.7998046875,29561.005859375,23.229999542236328,16352.7998046875,9442.5498046875,8587.900390625,5.495037720404405,-1.2331274406501613,23.229999542236328
2019-04-26,11754.650390625,30013.150390625,21.719999313354492,16504.44921875,9461.7001953125,8493.7998046875,5.2524889859578705,0.01574591559674321,21.719999313354492
2019-04-30,11748.150390625,29764.455078125,21.829999923706055,16705.400390625,9402.5,8350.599609375,3.954891406117067,1.3256359096237125,21.829999923706055
2019-05-02,11724.75,29708.25390625,22.979999542236328,16403.69921875,9291.2998046875,8333.849609375,3.3773578748432564,1.2854219496189145,22.979999542236328
2019-05-03,11712.25,29953.802734375,24.030000686645508,16092.9501953125,9220.4501953125,8381.4501953125,3.253035946488003,-0.11854180751521559,24.030000686645508
2019-05-06,11598.25,29618.10546875,26.43000030517578,16111.349609375,9189.75,8268.4501953125,1.4999794036352432,-0.3740813741700433,26.43000030517578
2019-05-07,11497.900390625,29287.859375,26.479999542236328,16135.75,9148.2001953125,8206.25,0.3114602319291171,-2.1842419082474196,26.479999542236328
2019-05-08,11359.4501953125,28994.0625,26.3700008392334,16061.599609375,9003.349609375,8095.89990234375,-1.499689478810462,-3.3086075883288157,26.3700008392334
2019-05-09,11301.7998046875,28884.263671875,25.489999771118164,16132.849609375,8976.900390625,8103.5,-1.9030383838007148,-3.6073280480394043,25.489999771118164
2019-05-10,11278.900390625,29040.162109375,26.34000015258789,15949.599609375,8944.599609375,8093.2001953125,-1.5536488398350312,-3.6999689160921223,26.34000015258789
2019-05-13,11148.2001953125,28659.615234375,27.3799991607666,15955.2998046875,8553.5,7938.64990234375,-1.8147372542219875,-3.8803250894531516,27.3799991607666
2019-05-14,11222.0498046875,28828.86328125,27.1299991607666,15762.75,8683.900390625,7955.5,-2.2746190783314857,-2.3991387693914956,27.1299991607666
2019-05-15,11157.0,28616.1171875,28.65999984741211,15776.7998046875,8595.75,7856.85009765625,-2.5168069130596993,-1.7822182573241196,28.65999984741211
2019-05-16,11257.099609375,28854.96484375,28.3700008392334,15934.0,8577.349609375,7891.89990234375,-2.7044113277873816,-0.39551395428151226,28.3700008392334
2019-05-17,11407.150390625,29449.80859375,28.079999923706055,15843.400390625,8448.9501953125,8085.75,-2.2452362959559657,1.1370789310862328,28.079999923706055
2019-05-20,11828.25,30759.341796875,23.68000030517578,15968.2001953125,8505.9501953125,8422.099609375,0.9822234980116029,6.1000860477320895,23.68000030517578
2019-05-21,11709.099609375,30308.048828125,25.649999618530273,15766.9501953125,8488.25,8209.4501953125,0.5595129914651054,4.340114445794541,25.649999618530273
2019-05-22,11737.900390625,30526.4453125,27.6299991607666,15666.150390625,8510.849609375,8246.5498046875,1.2062458236333784,5.206600256565386,27.6299991607666
2019-05-23,11657.0498046875,30408.74609375,19.40999984741211,15538.849609375,8497.599609375,8216.900390625,-0.07629374783869602,3.552870714401579,19.40999984741211
2019-05-24,11844.099609375,31212.1875,16.469999313354492,15569.849609375,8608.4501953125,8460.25,2.0647129077082216,3.830485299020059,16.469999313354492
2019-05-27,11924.75,31647.283203125,16.190000534057617,15556.650390625,8525.0,8462.2001953125,2.1658746007074736,0.8158434256969604,16.190000534057617
2019-05-28,11928.75,31597.533203125,15.920000076293945,15762.0498046875,8513.849609375,8398.2001953125,2.9734226592885715,1.8758947993672725,15.920000076293945
2019-05-29,11861.099609375,31295.1875,16.40999984741211,15865.599609375,8484.650390625,8281.900390625,2.279953862818429,1.0495848035002808,16.40999984741211
2019-05-30,11945.900390625,31536.732421875,15.609999656677246,15997.349609375,8474.7001953125,8235.7001953125,2.597599424904673,2.4779047081136207,15.609999656677246
2019-05-31,11922.7998046875,31375.03515625,16.06999969482422,16160.650390625,8455.099609375,8175.5,1.9883938725501205,0.6644675231387565,16.06999969482422
2019-06-03,12088.5498046875,31653.283203125,15.970000267028809,16360.5498046875,8536.599609375,8328.2001953125,2.5570167858570914,1.3736120647183325,15.970000267028809
2019-06-04,12021.650390625,31588.68359375,15.630000114440918,16105.2001953125,8432.9501953125,8300.2001953125,2.2875450139997477,0.7787940113171965,15.630000114440918
2019-06-06,11843.75,30857.041015625,15.529999732971191,16012.099609375,8279.099609375,8226.4501953125,2.150164953818079,-0.1462731951200169,15.529999732971191
2019-06-07,11870.650390625,31066.189453125,14.859999656677246,16109.849609375,8179.60009765625,8192.0,2.545797021758389,-0.6299232166631419,14.859999656677246
2019-06-10,11922.7001953125,31033.638671875,14.979999542236328,16362.400390625,8246.7001953125,8216.650390625,1.6761665008547144,-0.0008354528854948029,14.979999542236328
2019-06-11,11965.599609375,31265.0859375,14.489999771118164,16448.099609375,8243.5,8240.25,2.781355203833047,-1.017079776308849,14.489999771118164
2019-06-12,11906.2001953125,30965.33984375,14.119999885559082,16425.94921875,8179.14990234375,8146.9501953125,1.2892753051028105,-0.9603522940788034,14.119999885559082
2019-06-13,11914.0498046875,30975.740234375,13.65999984741211,16316.599609375,8148.5498046875,8116.9501953125,1.4121321956764188,0.5935603562005287,13.65999984741211
2019-06-14,11823.2998046875,30613.994140625,13.899999618530273,16268.2001953125,8083.5498046875,8031.60009765625,0.8405279830060453,-0.3988878821239328,13.899999618530273
2019-06-17,11672.150390625,30272.8984375,14.649999618530273,16228.2001953125,7975.25,7896.10009765625,-0.342373236355098,-2.101451857239567,14.649999618530273
2019-06-18,11691.5,30350.646484375,14.600000381469727,16322.5,7916.9501953125,7859.35009765625,0.8040006035393343,-2.290730246065098,14.600000381469727
2019-06-19,11691.4501953125,30361.74609375,14.729999542236328,16282.7001953125,7790.5,7772.2001953125,1.6833491168988912,-1.8036820856124014,14.729999542236328
2019-06-20,11831.75,30780.7421875,14.0,16316.9501953125,8029.0,7965.4501953125,4.157769932231359,-0.690779424601029,14.0
2019-06-21,11724.099609375,30627.994140625,14.609999656677246,16189.400390625,7911.5498046875,7868.25,3.7365712717044364,-0.8390229204301436,14.609999656677246
2019-06-24,11699.650390625,30601.6953125,15.220000267028809,16187.400390625,7902.0,7832.2998046875,3.7304168440899232,0.2356035441600124,15.220000267028809
2019-06-25,11796.4501953125,30846.69140625,15.010000228881836,16214.4501953125,7947.2001953125,7878.25,5.814839961992879,0.8976623642175996,15.010000228881836
2019-06-26,11847.5498046875,31161.98828125,14.75,16101.75,8086.2998046875,7883.5498046875,5.573848012497029,1.3351603673390722,14.75
2019-06-27,11841.5498046875,31269.13671875,14.649999618530273,15991.7998046875,8088.0,7971.4501953125,6.135608180402441,0.0828263332769863,14.649999618530273
2019-06-28,11788.849609375,31104.837890625,14.949999809265137,15936.4501953125,8065.14990234375,7928.0498046875,4.723685660178001,0.552281216957784,14.949999809265137
2019-07-01,11865.599609375,31371.833984375,14.600000381469727,15916.7001953125,8178.7998046875,8029.14990234375,4.018963571539991,1.4184117747909397,14.600000381469727
2019-07-02,11910.2998046875,31282.9375,14.25,16074.099609375,8101.64990234375,8045.64990234375,0.6936766190053456,0.9651175352754837,14.25
2019-07-03,11916.75,31381.935546875,13.699999809265137,15927.650390625,8092.2001953125,8039.5,1.773410403467257,0.5840886635067877,13.699999809265137
2019-07-04,11946.75,31471.484375,13.529999732971191,15942.400390625,8046.7998046875,8077.2001953125,1.7792757002931037,0.8883988755496786,13.529999732971191
2019-07-05,11811.150390625,31475.435546875,13.069999694824219,15550.0498046875,7926.5,7849.10009765625,1.3219518533371444,0.1891684260037163,13.069999694824219
2019-07-08,11558.599609375,30603.494140625,13.850000381469727,15376.0,7801.75,7593.2998046875,-2.4104829359423596,-2.587311304162321,13.850000381469727
2019-07-09,11555.900390625,30568.794921875,13.6899995803833,15254.5,8012.0498046875,7593.2998046875,-3.0931433310970924,-2.9755708913642986,13.6899995803833
2019-07-10,11498.900390625,30521.744140625,13.640000343322754,15168.599609375,8009.5,7511.14990234375,-3.6034757151839014,-3.506405768141485,13.640000343322754
2019-07-11,11582.900390625,30716.193359375,12.470000267028809,15214.2998046875,8110.0498046875,7650.9501953125,-2.345475781436923,-3.045594905518234,12.470000267028809
2019-07-12,11552.5,30601.09375,12.0,15227.400390625,8144.2998046875,7653.64990234375,-3.2931832491566393,-2.189883136449622,12.0
2019-07-15,11588.349609375,30445.595703125,12.020000457763672,15662.0498046875,8231.849609375,7674.25,-2.8051313516227028,0.25738412096107943,12.020000457763672
2019-07-16,11662.599609375,30570.4453125,11.5600004196167,15580.4501953125,8347.9501953125,7727.10009765625,-3.5235839053856743,0.9233310702172703,11.5600004196167
2019-07-17,11687.5,30735.142578125,11.800000190734863,15676.0,8330.75,7648.14990234375,-2.779571687474669,1.6401534317904476,11.800000190734863
2019-07-18,11596.900390625,30430.24609375,11.75,15498.5,8223.150390625,7438.7001953125,-2.08421833773087,0.12086782695059917,11.75
2019-07-19,11419.25,29770.00390625,12.520000457763672,15383.650390625,8040.10009765625,7192.75,-3.8026592964232164,-1.153429993507904,12.520000457763672
2019-07-22,11346.2001953125,29284.609375,13.010000228881836,15448.25,8120.85009765625,7220.25,-4.835314069430807,-2.0895936196695386,13.010000228881836
2019-07-23,11331.0498046875,29127.76171875,13.430000305175781,15493.400390625,8063.64990234375,7176.64990234375,-5.303117481804531,-2.8428464989999624,13.430000305175781
2019-07-24,11271.2998046875,28951.9140625,12.760000228881836,15380.75,7920.64990234375,7036.7001953125,-5.332519025465087,-3.561071189839571,12.760000228881836
2019-07-25,11252.150390625,29042.712890625,12.640000343322754,15474.650390625,8094.35009765625,7010.5498046875,-5.555620674022032,-2.972777107568314,12.640000343322754
2019-07-26,11284.2998046875,29324.958984375,12.130000114440918,15348.0498046875,8178.89990234375,7161.5,-4.558794997199566,-1.1817780967445346,12.130000114440918
2019-07-29,11189.2001953125,29295.560546875,13.0600004196167,15400.849609375,8039.7998046875,6905.7001953125,-4.137628278850847,-1.383723161035555,13.0600004196167
2019-07-30,11085.400390625,28791.265625,13.609999656677246,15501.650390625,7877.75,6763.75,-5.184104771628961,-2.167931641787313,13.609999656677246
2019-07-31,11118.0,28875.6640625,13.59000015258789,15620.2001953125,7987.5,6851.64990234375,-4.904867965330906,-1.3600898507175385,13.59000015258789
2019-08-01,10980.0,28366.919921875,14.5600004196167,15332.099609375,7878.75,6856.10009765625,-7.198850550425762,-2.4186522680300193,14.5600004196167
2019-08-02,10997.349609375,28204.62109375,15.1899995803833,15422.099609375,7868.2001953125,6933.75,-6.198770261375685,-2.5429153804766957,15.1899995803833
2019-08-05,10862.599609375,27647.728515625,16.59000015258789,15518.5498046875,7807.9501953125,6844.60009765625,-7.154493966082387,-2.9188912543929857,16.59000015258789
2019-08-06,10948.25,28021.7734375,16.1200008392334,15514.7998046875,7818.5,6942.4501953125,-7.190300312966569,-1.237216390857554,16.1200008392334
2019-08-07,10855.5,27701.728515625,16.739999771118164,15583.349609375,7879.75,6792.60009765625,-8.373459669230465,-2.361036157582297,16.739999771118164
2019-08-08,11032.4501953125,28110.123046875,16.09000015258789,15867.9501953125,7964.7998046875,6998.4501953125,-6.832717192598525,0.477688481898908,16.09000015258789
2019-08-09,11109.650390625,28431.5703125,15.850000381469727,15821.349609375,7924.0498046875,7137.39990234375,-5.761369779540415,1.0211622367108042,15.850000381469727
2019-08-13,10925.849609375,27728.77734375,17.780000686645508,15424.400390625,7851.9501953125,6855.75,-7.919953739695584,0.5822731415545457,17.780000686645508
2019-08-14,11029.400390625,28018.873046875,16.360000610351562,15466.25,7744.2998046875,6919.0498046875,-7.39611452698955,0.741217917247039,16.360000610351562
2019-08-16,11047.7998046875,28216.671875,16.649999618530273,15365.349609375,7684.2998046875,6998.4501953125,-7.291838758994695,1.771450460020274,16.649999618530273
2019-08-19,11053.900390625,28185.771484375,16.75,15415.150390625,7741.35009765625,6959.14990234375,-7.473577411220623,0.1944282088997218,16.75
2019-08-20,11017.0,27982.123046875,16.6299991607666,15597.75,7749.7001953125,7040.5,-6.72373447429262,-0.8339631524605262,16.6299991607666
2019-08-21,10918.7001953125,27718.728515625,17.020000457763672,15578.150390625,7677.25,7001.85009765625,-5.5361327123355615,-0.06543577221093111,17.020000457763672
2019-08-22,10741.349609375,27033.884765625,17.850000381469727,15632.0,7670.85009765625,6882.10009765625,-7.048786799086848,-2.611663109944251,17.850000381469727
2019-08-23,10829.349609375,26958.337890625,17.350000381469727,15816.599609375,7780.5498046875,6988.35009765625,-5.822737466235306,-1.977318553688967,17.350000381469727
2019-08-26,11057.849609375,27951.025390625,16.65999984741211,15890.2001953125,7824.2998046875,7022.75,-4.532981926314128,0.0357269254330328,16.65999984741211
2019-08-27,11105.349609375,28125.82421875,16.010000228881836,15675.2998046875,7812.10009765625,7152.9501953125,-3.8705941625189366,0.8019389069165772,16.010000228881836
2019-08-28,11046.099609375,27803.978515625,16.84000015258789,15879.900390625,7738.64990234375,7018.5498046875,-4.6792685609115425,1.1668001848534448,16.84000015258789
2019-08-29,10948.2998046875,27304.8828125,16.43000030517578,15884.5498046875,7912.5,6970.14990234375,-6.124704856653995,1.9266684619582142,16.43000030517578
2019-08-30,11023.25,27427.53125,16.280000686645508,16010.400390625,8072.0498046875,7009.2998046875,-5.68342245989305,1.7905081802617184,16.280000686645508
2019-09-03,10797.900390625,26823.837890625,18.059999465942383,15984.900390625,7976.4501953125,6897.75,-6.889772034654329,-2.350811667122077,18.059999465942383
2019-09-04,10844.650390625,27123.53515625,17.239999771118164,16032.5,7967.64990234375,6782.0498046875,-5.031850685246408,-2.3475102353366806,17.239999771118164
2019-09-05,10847.900390625,26919.38671875,17.270000457763672,16030.9501953125,8071.75,6921.75,-4.391776948315829,-1.7942914309933,17.270000457763672
2019-09-06,10946.2001953125,27247.583984375,16.270000457763672,16034.5498046875,8068.75,7102.4501953125,-3.396416183924922,-0.01917749250984757,16.270000457763672
2019-09-09,11003.0498046875,27504.330078125,15.850000381469727,15919.400390625,8077.89990234375,7165.35009765625,-2.379938468928311,-0.1832508136212052,15.850000381469727
2019-09-11,11035.7001953125,27775.876953125,15.369999885559082,15701.7998046875,8082.89990234375,7423.60009765625,-1.9236340414792275,2.202278184506712,15.369999885559082
2019-09-12,10982.7998046875,27818.17578125,14.899999618530273,15583.25,8102.14990234375,7284.0,-2.6718538608373144,1.2738945847616145,14.899999618530273
2019-09-13,11075.900390625,28098.423828125,14.119999885559082,15722.900390625,8033.0498046875,7360.60009765625,-1.0125817995013109,2.1017892107217717,14.119999885559082
2019-09-16,11003.5,27854.67578125,14.949999809265137,15743.150390625,8070.64990234375,7300.64990234375,-0.7388131031718426,0.5234675381877052,14.949999809265137
2019-09-17,10817.599609375,27131.435546875,16.020000457763672,15625.650390625,7933.85009765625,7020.75,-2.70192832006656,-1.6854435688684721,16.020000457763672
2019-09-18,10840.650390625,27172.333984375,15.350000381469727,15702.2998046875,7923.4501953125,7012.10009765625,-1.2691221254553686,-1.7674438525463798,15.350000381469727
2019-09-19,10704.7998046875,26757.33984375,15.550000190734863,15522.4501953125,7799.60009765625,6920.60009765625,-2.6601846361063886,-2.5312306965783793,15.550000190734863
2019-09-20,11274.2001953125,28981.21484375,15.399999618530273,15491.099609375,7983.5498046875,7605.85009765625,3.789153616435126,1.7903718676934632,15.399999618530273
2019-09-23,11600.2001953125,30565.84375,16.790000915527344,15040.650390625,7857.25,7802.64990234375,5.954834748133253,5.422821786817833,16.790000915527344
2019-09-24,11588.2001953125,30182.748046875,16.729999542236328,15338.650390625,7891.9501953125,7773.25,6.7495757478927665,7.123582067778367,16.729999542236328
2019-09-25,11440.2001953125,29585.70703125,16.170000076293945,15379.900390625,7789.7001953125,7470.4501953125,3.695915166453645,5.530570427822212,16.170000076293945
2019-09-26,11571.2001953125,30002.25,16.34000015258789,15312.900390625,7857.2998046875,7659.75,4.154494412146259,8.093569300059333,16.34000015258789
2019-09-27,11512.400390625,29876.302734375,16.110000610351562,15236.400390625,7695.2998046875,7554.25,5.368468377477087,2.1127901863188248,16.110000610351562
2019-09-30,11474.4501953125,29102.8125,15.869999885559082,15540.150390625,7547.75,7493.14990234375,4.035122390386636,-1.0840330156613454,15.869999885559082
2019-10-01,11359.900390625,28725.166015625,16.760000228881836,15300.25,7466.4501953125,7464.10009765625,2.825002185548997,-1.9701058045221598,16.760000228881836
2019-10-03,11314.0,28413.76953125,17.700000762939453,15277.9501953125,7461.75,7493.75,2.353012060752735,-1.1031292561139772,17.700000762939453
2019-10-04,11174.75,27731.52734375,17.579999923706055,15340.2998046875,7396.89990234375,7404.89990234375,1.4318780067168912,-3.426180418804803,17.579999923706055
2019-10-07,11126.400390625,27767.228515625,17.829999923706055,15246.75,7148.9501953125,7355.4501953125,1.9022428640514066,-3.352906317559412,17.829999923706055
2019-10-09,11313.2998046875,28785.515625,17.15999984741211,15128.75,7235.60009765625,7460.75,5.324751694268515,-1.4044279933415282,17.15999984741211
2019-10-10,11234.5498046875,28013.123046875,17.229999542236328,15093.7998046875,7235.60009765625,7359.64990234375,3.7416854190552407,-1.1034479319990131,17.229999542236328
2019-10-11,11305.0498046875,28042.173828125,17.139999389648438,15321.900390625,7278.4501953125,7397.0498046875,2.2355177909357815,-0.07910725925843742,17.139999389648438
2019-10-14,11341.150390625,28181.62109375,17.43000030517578,15277.75,7361.7001953125,7520.35009765625,2.123308041116867,1.4890748394818631,17.43000030517578
2019-10-15,11428.2998046875,28554.767578125,16.850000381469727,15208.400390625,7420.64990234375,7688.25,3.4600466121826434,2.713361046371099,16.850000381469727
2019-10-16,11464.0,28538.46875,16.360000610351562,15344.9501953125,7475.35009765625,7673.7998046875,4.710322191685901,1.3320622445633479,16.360000610351562
2019-10-17,11586.349609375,28989.111328125,15.880000114440918,15281.900390625,7533.4501953125,7914.0,5.108290289841921,3.1314098989593253,15.880000114440918
2019-10-18,11661.849609375,29119.912109375,15.930000305175781,15410.099609375,7608.14990234375,7964.75,8.001085280431951,3.1561099760883504,15.930000305175781
2019-10-22,11588.349609375,29410.80859375,16.809999465942383,14688.650390625,7746.14990234375,7936.64990234375,6.857751904966114,2.179666173498096,16.809999465942383
2019-10-23,11604.099609375,29459.2578125,16.540000915527344,14833.349609375,7761.85009765625,8036.60009765625,6.97092701370603,1.5382848515699044,16.540000915527344
2019-10-24,11582.599609375,29107.611328125,16.239999771118164,14781.5,7728.14990234375,8012.39990234375,5.813884295072791,1.0345395095516352,16.239999771118164
2019-10-25,11583.900390625,29395.607421875,15.319999694824219,14898.849609375,7736.5498046875,7986.35009765625,5.278996244205381,-0.02113883002475836,15.319999694824219
2019-10-29,11786.849609375,29872.703125,16.420000076293945,15181.400390625,7824.60009765625,8449.75,6.806540597954602,1.0718711369722245,16.420000076293945
2019-10-30,11844.099609375,29987.15234375,16.65999984741211,15395.650390625,7819.35009765625,8428.900390625,7.842260807848778,2.206957924302677,16.65999984741211
2019-10-31,11877.4501953125,30065.900390625,16.280000686645508,15559.400390625,7878.14990234375,8449.5,7.236881665764683,2.3556380515439512,16.280000686645508
2019-11-01,11890.599609375,30330.19921875,15.729999542236328,15471.2001953125,7949.4501953125,8392.900390625,8.061976728995312,2.65916124520702,15.729999542236328
2019-11-04,11941.2998046875,30332.74609375,15.930000305175781,15591.2998046875,7966.85009765625,8280.349609375,10.387703704051422,3.0853115272965193,15.930000305175781
2019-11-05,11917.2001953125,30219.498046875,15.920000076293945,15533.4501953125,7879.5498046875,8256.150390625,9.930675429017622,1.1058984398496285,15.920000076293945
2019-11-06,11966.0498046875,30609.244140625,15.779999732971191,15561.2998046875,7926.35009765625,8258.849609375,11.782097965509951,1.0296282481107477,15.779999732971191
2019-11-07,12012.0498046875,30632.794921875,15.210000038146973,15624.400390625,7966.0,8239.900390625,6.5445849514165655,1.1332365715001735,15.210000038146973
2019-11-08,11908.150390625,30749.04296875,15.859999656677246,15383.2998046875,7787.39990234375,8169.64990234375,2.6546972476986896,0.14760215486662176,15.859999656677246
2019-11-11,11913.4501953125,31115.189453125,16.25,15308.5498046875,7784.89990234375,8159.0,2.8067343894487173,-0.23322092092578073,16.25
2019-11-13,11840.4501953125,30541.1953125,16.459999084472656,15240.9501953125,7660.4501953125,8150.2001953125,3.498627586639591,-0.6440271099094952,16.459999084472656
2019-11-14,11872.099609375,30749.591796875,15.649999618530273,15388.75,7591.4501953125,8190.89990234375,2.6004166290753084,-0.7851395978286546,15.649999618530273
2019-11-15,11895.4501953125,31008.0390625,15.029999732971191,15310.650390625,7720.60009765625,8153.89990234375,3.327280077918693,-0.9706886940270554,15.029999732971191
2019-11-18,11884.5,30991.740234375,15.760000228881836,15295.25,7816.5498046875,8119.0,3.573589999588922,-0.19860675125180638,15.760000228881836
2019-11-19,11940.099609375,31235.88671875,15.40999984741211,15304.849609375,7851.4501953125,8063.9501953125,5.107432273163437,0.2236918241617758,15.40999984741211
2019-11-20,11999.099609375,31353.484375,15.15999984741211,15318.5,8107.60009765625,8083.7998046875,6.055326227461544,1.3398934284214015,15.15999984741211
2019-11-21,11968.400390625,31349.583984375,14.979999542236328,15293.9501953125,8068.9501953125,8004.64990234375,7.102175803709265,0.8111520659239924,14.979999542236328
2019-11-22,11914.400390625,31111.23828125,14.869999885559082,14995.900390625,8067.2001953125,8034.9501953125,7.082254568727908,0.15930624735807086,14.869999885559082
2019-11-25,12073.75,31555.533203125,15.0,15100.599609375,8211.5498046875,8174.75,6.721736438005643,1.5924102823004826,15.0
2019-11-26,12037.7001953125,31717.98046875,14.84000015258789,14922.150390625,8177.85009765625,8099.89990234375,7.1489325748495425,0.8174185235512388,14.84000015258789
2019-11-27,12100.7001953125,31875.578125,14.619999885559082,15022.150390625,8246.099609375,8202.849609375,7.038008716203037,0.8467350821733222,14.619999885559082
2019-11-28,12151.150390625,32122.576171875,13.989999771118164,15121.7998046875,8273.650390625,8179.75,7.142132606490925,1.5269375525166273,13.989999771118164
2019-11-29,12056.0498046875,31945.728515625,13.899999618530273,14998.0498046875,8189.9501953125,8086.0,5.492943051271015,1.188892511736972,13.899999618530273
2019-12-02,12048.2001953125,31871.078125,14.199999809265137,14852.0,8128.9501953125,8012.75,5.095954250806867,-0.21161449166580137,14.199999809265137
2019-12-03,11994.2001953125,31612.982421875,14.5600004196167,14920.75,8044.85009765625,7964.25,3.520095627077313,-0.36136470666496834,14.5600004196167
2019-12-04,12043.2001953125,31978.9296875,13.319999694824219,15175.150390625,8121.5,7996.5498046875,3.270069489070848,-0.4751791141993089,13.319999694824219
2019-12-05,12018.400390625,31712.580078125,14.3100004196167,15367.5,8051.85009765625,7941.7998046875,3.711061503547386,-1.0924891531457037,14.3100004196167
2019-12-06,11921.5,31341.185546875,13.640000343322754,15289.599609375,7957.5498046875,7806.60009765625,2.7352435889861804,-1.1160355743983885,13.640000343322754
2019-12-09,11937.5,31316.287109375,14.600000381469727,15157.150390625,7960.35009765625,7863.2998046875,3.064082352788411,-0.9188110549123274,14.600000381469727
2019-12-10,11856.7998046875,31159.98828125,14.289999961853027,14946.5498046875,7940.5,7801.35009765625,2.3558508348652696,-1.14555692240903,14.289999961853027
2019-12-11,11910.150390625,31256.38671875,13.380000114440918,15130.2998046875,7967.85009765625,7838.39990234375,1.0460876768286775,-1.1047711781731029,13.380000114440918
2019-12-12,11971.7998046875,31665.08203125,13.350000381469727,14972.650390625,8045.35009765625,7941.7001953125,1.0781756277313148,-0.3877436632403364,13.350000381469727
2019-12-13,12086.7001953125,32013.876953125,13.300000190734863,15200.5498046875,8045.0498046875,8069.7001953125,1.761741759040003,1.3857332996057625,13.300000190734863
2019-12-16,12053.9501953125,31973.828125,13.420000076293945,15348.75,8025.85009765625,7990.7998046875,1.3737792147059391,0.9754990183246104,13.420000076293945
2019-12-17,12165.0,32139.876953125,12.520000457763672,15637.150390625,7999.60009765625,8039.89990234375,1.8733320406601583,2.599353960506745,12.520000457763672
2019-12-18,12221.650390625,32243.875,12.34000015258789,15710.650390625,8091.10009765625,8082.35009765625,2.5547124351595007,2.615416176820018,12.34000015258789
2019-12-19,12259.7001953125,32241.07421875,12.119999885559082,15812.9501953125,8073.0498046875,8165.5,2.454029486906917,2.40482129104993,12.119999885559082
2019-12-20,12271.7998046875,32384.572265625,12.329999923706055,15844.5498046875,8049.4501953125,8133.5498046875,2.1624119465325276,1.5314321227789307,12.329999923706055
2019-12-23,12262.75,32339.07421875,11.960000038146973,15865.5,8051.5,8180.5,2.977789142251419,1.732210613983609,11.960000038146973
2019-12-24,12214.5498046875,32280.375,11.630000114440918,15778.2001953125,8073.7998046875,8152.60009765625,2.527392186467292,0.40731446516646397,11.630000114440918
2019-12-26,12126.5498046875,31997.328125,11.119999885559082,15706.4501953125,7997.60009765625,8129.64990234375,2.4162899607336197,-0.7781321089862736,11.119999885559082
2019-12-27,12245.7998046875,32411.97265625,10.529999732971191,15780.7001953125,8068.0498046875,8205.900390625,3.147717822527385,-0.11338279406143403,10.529999732971191
2019-12-30,12255.849609375,32354.5234375,11.010000228881836,15775.0,8083.10009765625,8325.400390625,3.029724879219109,-0.1299743767528505,11.010000228881836
2019-12-31,12168.4501953125,32161.27734375,11.670000076293945,15652.400390625,8040.14990234375,8248.2998046875,2.389248140960909,-0.7689939425292058,11.670000076293945
2020-01-01,12182.5,32102.52734375,,15722.150390625,8047.10009765625,8210.099609375,2.030137088929096,-0.26239038851191276,
2020-01-02,12282.2001953125,32443.47265625,11.489999771118164,15709.650390625,8053.9501953125,8267.4501953125,2.359348577424192,1.2835504997871228,11.489999771118164
2020-01-03,12226.650390625,32068.876953125,12.699999809265137,15936.599609375,8111.9501953125,8168.14990234375,2.157765378590537,-0.15637536435284538,12.699999809265137
2020-01-06,11993.0498046875,31236.787109375,14.779999732971191,15879.7998046875,7987.35009765625,7978.75,0.6601206228085577,-2.1442805930522613,14.779999732971191
2020-01-07,12052.9501953125,31399.03515625,14.609999656677246,15895.2001953125,8036.5,8002.5,-0.1722729449218363,-0.9491759274693257,14.609999656677246
2020-01-08,12025.349609375,31373.28515625,15.640000343322754,15953.4501953125,7996.14990234375,7942.75,-0.10259921527460136,-1.289968320336543,15.640000343322754
2020-01-09,12215.900390625,32092.02734375,14.0,15925.150390625,8033.14990234375,8155.25,0.9520126393770534,-0.5398039734998195,14.0
2020-01-10,12256.7998046875,32097.02734375,14.079999923706055,15959.900390625,8058.5,8225.5,0.8694601800337542,0.2465876842738357,14.079999923706055
2020-01-13,12329.5498046875,32177.27734375,14.279999732971191,16225.900390625,8078.4501953125,8235.849609375,2.26857058846639,2.805791733379426,14.279999732971191
2020-01-14,12362.2998046875,32071.27734375,13.90999984741211,16362.349609375,8117.0,8289.2998046875,2.607025151335085,2.5665882988159083,13.90999984741211
2020-01-15,12343.2998046875,31824.53125,14.119999885559082,16346.849609375,8166.2001953125,8385.349609375,2.910570139653279,2.6439995978547293,14.119999885559082
2020-01-16,12355.5,31853.529296875,14.180000305175781,16381.650390625,8203.099609375,8395.900390625,2.593162943592464,1.1427697092400546,14.180000305175781
2020-01-17,12352.349609375,31590.283203125,14.130000114440918,16356.599609375,8345.2998046875,8427.599609375,2.77864946994526,0.7795656795418715,14.130000114440918
2020-01-20,12224.5498046875,31080.2890625,15.40999984741211,16207.150390625,8269.349609375,8352.7001953125,2.542044245166286,-0.8516126027576454,15.40999984741211
2020-01-21,12169.849609375,30947.19140625,15.859999656677246,16175.2001953125,8274.2001953125,8245.900390625,1.9463841623036604,-1.556750753120606,15.859999656677246
2020-01-22,12106.900390625,30701.091796875,16.360000610351562,16334.5498046875,8256.650390625,8169.14990234375,2.109343077873538,-1.9152043440824884,16.360000610351562
2020-01-23,12180.349609375,31003.689453125,15.859999656677246,16474.400390625,8300.2001953125,8241.75,2.268646573620803,-1.4175904708429443,15.859999656677246
2020-01-24,12248.25,31241.38671875,15.5600004196167,16472.75,8294.0498046875,8274.849609375,2.309178234038445,-0.8427514818394766,15.5600004196167
2020-01-27,12119.0,30837.041015625,17.18000030517578,16393.55078125,8416.349609375,8258.150390625,0.2672342671329542,-0.8634248816837942,17.18000030517578
2020-01-28,12055.7998046875,30761.04296875,17.299999237060547,16429.75,8420.25,8156.0498046875,0.015344425230146008,-0.9371504854065127,17.299999237060547
2020-01-29,12129.5,30876.640625,16.5,16479.30078125,8412.7998046875,8220.400390625,-0.29182079736950195,0.18666717859923132,16.5
2020-01-30,12035.7998046875,30647.044921875,16.799999237060547,16327.900390625,8237.0498046875,8181.4501953125,-1.5206668493811804,-1.1867459418097748,16.799999237060547
2020-01-31,11962.099609375,30833.2421875,17.3700008392334,16144.150390625,8138.60009765625,8086.5498046875,-2.4274703393749153,-2.3362553068805747,17.3700008392334
2020-02-03,11707.900390625,30022.900390625,15.779999732971191,16059.900390625,7967.5498046875,7988.35009765625,-4.595083223628738,-3.3921908521742705,15.779999732971191
2020-02-04,11979.650390625,30686.341796875,14.380000114440918,16350.849609375,8122.39990234375,8100.7998046875,-2.3086143758537014,-0.6316413286233558,14.380000114440918
2020-02-05,12089.150390625,31001.58984375,14.170000076293945,16448.55078125,8125.60009765625,8131.7001953125,-1.0266396720931659,-0.3326568232408622,14.170000076293945
2020-02-06,12137.9501953125,31303.6875,13.779999732971191,16371.150390625,8227.900390625,8142.14990234375,0.09401182371422401,0.8487212506244513,13.779999732971191
2020-02-07,12098.349609375,31201.5859375,13.75,16470.150390625,8341.849609375,8064.60009765625,-1.2040879131149818,1.139014089911261,13.75
2020-02-10,12031.5,31057.7890625,14.210000038146973,16431.94921875,8261.25,7860.5498046875,-1.8305512594033901,2.7639422832305582,14.210000038146973
2020-02-11,12107.900390625,31300.236328125,13.880000114440918,16452.30078125,8324.650390625,7892.39990234375,-0.4975966841761381,1.0705654657531927,13.880000114440918
2020-02-12,12201.2001953125,31492.53515625,13.619999885559082,16538.099609375,8265.0498046875,7933.7998046875,0.15350047455366944,0.9268625260414831,13.619999885559082
2020-02-13,12174.650390625,31229.88671875,13.369999885559082,16673.05078125,8335.7001953125,7914.89990234375,-0.8756558513721813,0.30235908635276587,13.369999885559082
2020-02-14,12113.4501953125,30834.443359375,13.619999885559082,16642.75,8331.7001953125,7822.2001953125,-0.9258479771311556,0.12481525517991088,13.619999885559082
2020-02-17,12045.7998046875,30680.341796875,14.420000076293945,16647.69921875,8204.849609375,7770.5,0.43983808004683933,0.11885304980676636,14.420000076293945
2020-02-18,11992.5,30562.14453125,14.510000228881836,16748.75,8198.2998046875,7692.2998046875,-0.5015385804548522,-0.9530999339435686,14.510000228881836
2020-02-19,12125.900390625,30837.83984375,14.020000457763672,16772.5,8378.650390625,7687.35009765625,0.8361568230133676,-0.6171508005944237,14.020000457763672
2020-02-20,12080.849609375,30942.490234375,13.699999809265137,16649.400390625,8364.349609375,7697.89990234375,-1.1055327641149026,-0.7704597523574885,13.699999809265137
2020-02-24,11829.400390625,30454.74609375,17.0,16461.80078125,8115.5498046875,7429.10009765625,-3.4870392016931318,-2.344912474213312,17.0
2020-02-25,11797.900390625,30432.345703125,16.899999618530273,16562.5,7938.4501953125,7366.0,-4.311993726327101,-2.0579738836937422,16.899999618530273
2020-02-26,11678.5,30306.498046875,18.260000228881836,16332.25,7839.2001953125,7207.9501953125,-5.531331673643914,-2.6183031061079887,18.260000228881836
2020-02-27,11633.2998046875,30186.6484375,17.770000457763672,16123.7998046875,7885.14990234375,7178.85009765625,-5.752108522312405,-4.062383576219619,17.770000457763672
2020-02-28,11201.75,29146.8125,23.239999771118164,15212.9501953125,7576.75,6903.9501953125,-9.337946663429243,-7.276802855759412,23.239999771118164
2020-03-02,11132.75,28868.064453125,25.200000762939453,15427.650390625,7535.10009765625,6856.89990234375,-9.873422044736868,-5.889143723439327,25.200000762939453
2020-03-03,11303.2998046875,29176.7109375,24.540000915527344,15723.2001953125,7920.60009765625,6986.64990234375,-7.536064842623058,-4.192276333596833,24.540000915527344
2020-03-04,11251.0,28653.365234375,24.229999542236328,15864.2998046875,8086.5498046875,6938.85009765625,-7.550213345834345,-3.6605728475403554,24.229999542236328
2020-03-05,11269.0,28815.015625,23.25,15871.349609375,8146.0,6953.75,-6.92084979301415,-3.1315259711669263,23.25
2020-03-06,10989.4501953125,27801.126953125,25.639999389648438,15663.5,8018.2998046875,6895.0,-9.777218653443953,-1.8952378395116876,25.639999389648438
2020-03-09,10451.4501953125,26462.29296875,30.799999237060547,14854.900390625,7756.4501953125,6632.14990234375,-14.66984920039598,-6.119779970694572,30.799999237060547
2020-03-11,10458.400390625,26487.4921875,31.559999465942383,14681.400390625,7623.0498046875,6568.4501953125,-13.702447474007762,-7.474803187226076,31.559999465942383
2020-03-12,9590.150390625,23970.87109375,41.15999984741211,13384.849609375,6942.5498046875,6033.39990234375,-20.451977089929898,-14.761795479290729,41.15999984741211
2020-03-13,9955.2001953125,25166.15625,51.470001220703125,13539.099609375,7268.0,6182.0,-17.925716679892002,-11.658530523449285,51.470001220703125
2020-03-16,9197.400390625,23100.8828125,58.880001068115234,12451.349609375,6959.35009765625,5843.7001953125,-23.58297296501266,-16.307001468116123,58.880001068115234
2020-03-17,8967.0498046875,22154.892578125,62.93000030517578,12099.25,6979.10009765625,5803.85009765625,-25.037826991009204,-14.202817435715831,62.93000030517578
2020-03-18,8468.7998046875,20579.9609375,63.959999084472656,11753.0,6705.75,5516.5,-27.665939048569133,-19.023947368863357,63.959999084472656
2020-03-19,8263.4501953125,20083.265625,72.19999694824219,11340.0,6655.5,5180.5,-31.020940295726106,-13.833987385739398,72.19999694824219
2020-03-20,8745.4501953125,20317.36328125,67.0999984741211,12363.4501953125,6951.89990234375,5370.14990234375,-27.658686402855093,-12.151940455899846,67.0999984741211
2020-03-23,7610.25,16917.453125,71.98999786376953,11179.599609375,6432.2998046875,4626.5,-37.30201658811413,-17.256510788013514,71.98999786376953
2020-03-24,7801.0498046875,17107.1015625,83.61000061035156,11865.0498046875,6611.0498046875,4693.35009765625,-35.51971916365788,-13.003161858100498,83.61000061035156
2020-03-25,8317.849609375,18480.8359375,77.62999725341797,12233.349609375,6695.5498046875,4936.14990234375,-30.866063172713297,-1.7824272481792414,77.62999725341797
2020-03-26,8641.4501953125,19613.671875,71.52999877929688,12535.599609375,6775.0,5061.2998046875,-28.629655708074132,4.5743604797718,71.52999877929688
2020-03-27,8660.25,19968.767578125,70.38999938964844,12569.099609375,6813.0498046875,4938.7001953125,-29.02132690743714,-0.9742230921189976,70.38999938964844
2020-03-30,8281.099609375,18782.181640625,71.88999938964844,12318.7998046875,6896.0,4669.14990234375,-31.980801553432702,8.81507978548668,71.88999938964844
2020-03-31,8597.75,19143.77734375,64.41000366210938,12763.650390625,7176.5,4731.2998046875,-29.023111818901594,10.212730533187697,64.41000366210938
2020-04-01,8253.7998046875,18208.138671875,60.04999923706055,12045.849609375,7026.7001953125,4657.5498046875,-31.479852409006348,-0.7700284051218032,60.04999923706055
2020-04-03,8083.7998046875,17249.099609375,55.29999923706055,11680.0498046875,7361.60009765625,4517.75,-32.592872172712106,-6.453203779702321,55.29999923706055
2020-04-07,8792.2001953125,19062.279296875,51.79999923706055,12588.9501953125,8124.85009765625,4951.5498046875,-27.492393042333685,1.5236303260587114,51.79999923706055
2020-04-08,8748.75,18946.228515625,52.2400016784668,12491.5498046875,8412.2001953125,5043.60009765625,-27.58166616683332,5.647201611916075,52.2400016784668
2020-04-09,9111.900390625,19913.3671875,49.75,12728.5498046875,8800.4501953125,5568.4501953125,-22.972423878336766,5.980057464162125,49.75
2020-04-13,8993.849609375,19487.7734375,51.459999084472656,12603.099609375,9044.349609375,5432.10009765625,-23.767371213594846,8.966171002441946,51.459999084472656
2020-04-15,8925.2998046875,19056.830078125,49.7400016784668,12702.599609375,9038.7998046875,5333.0,-23.574947084921007,10.409708557008601,49.7400016784668
2020-04-16,8992.7998046875,19399.775390625,46.099998474121094,12463.599609375,9199.2998046875,5394.14990234375,-22.697773154062805,2.281563259694064,46.099998474121094
2020-04-17,9266.75,20681.208984375,42.59000015258789,12649.25,9157.75,5668.89990234375,-17.274086638248487,5.920845835119293,42.59000015258789
2020-04-20,9261.849609375,20522.412109375,43.459999084472656,12847.650390625,9149.2001953125,5591.0,-16.80537504771956,1.6456415492017262,43.459999084472656
2020-04-21,8981.4501953125,19409.123046875,45.20000076293945,12408.849609375,9381.650390625,5294.0498046875,-20.541343231576715,-0.1378654814238267,45.20000076293945
2020-04-22,9187.2998046875,19701.62109375,42.81999969482422,12571.2998046875,9377.0,5426.85009765625,-18.342371303106386,2.935475622481598,42.81999969482422
2020-04-23,9313.900390625,20267.712890625,39.22999954223633,13128.2001953125,9388.900390625,5464.75,-17.349362049649486,3.570640878385012,39.22999954223633
2020-04-24,9154.400390625,19586.421875,39.119998931884766,12816.2001953125,9518.4501953125,5377.25,-16.698285829351423,-1.212394953732432,39.119998931884766
2020-04-27,9282.2998046875,20080.916015625,38.040000915527344,13121.150390625,9602.0498046875,5433.2001953125,-11.186489614133798,0.22080033875522265,38.040000915527344
2020-04-28,9380.900390625,20670.859375,35.349998474121094,13133.650390625,9386.2001953125,5447.10009765625,-10.302722785081741,4.447502203162879,35.349998474121094
2020-04-29,9553.349609375,21089.953125,33.84000015258789,13424.9501953125,9385.4501953125,5543.75,-0.38373518402772255,3.9843023790378185,33.84000015258789
2020-04-30,9859.900390625,21534.25,33.9900016784668,14108.400390625,9327.099609375,5901.39990234375,-0.9572866724706586,5.86220570438547,33.9900016784668
2020-05-04,9293.5,19743.521484375,43.66999816894531,13454.25,9364.599609375,5476.2001953125,1.0448562125549676,1.519483564619395,43.66999816894531
2020-05-05,9205.599609375,19271.525390625,43.61000061035156,13388.0498046875,9181.5,5451.89990234375,2.6602930716722373,-0.8263059470861589,43.61000061035156
2020-05-06,9270.900390625,19694.322265625,41.25,13394.7001953125,9227.150390625,5552.39990234375,9.471242731390772,-1.1725953311467974,41.25
2020-05-07,9199.0498046875,19491.57421875,39.93000030517578,13292.7001953125,9148.099609375,5519.0,11.322142534431023,-3.708644812284634,39.93000030517578
2020-05-08,9251.5,19352.67578125,38.40999984741211,13403.599609375,9343.349609375,5447.75,5.786435156405556,-6.170451693441848,38.40999984741211
2020-05-11,9239.2001953125,18950.279296875,38.040000915527344,13593.5498046875,9307.2998046875,5679.7001953125,21.40468703804079,-0.5842772334158308,38.040000915527344
2020-05-12,9196.5498046875,18862.630859375,38.209999084472656,13687.75,9246.650390625,5708.9501953125,17.88861800576469,-0.09830760701653452,38.209999084472656
2020-05-13,9383.5498046875,19634.720703125,38.84000015258789,13776.9501953125,9147.75,5844.60009765625,12.812208026836114,1.2150860144761522,38.84000015258789
2020-05-14,9142.75,19068.279296875,38.18000030517578,13293.75,9172.2001953125,5804.0498046875,5.801107376160397,-0.6120176092405893,38.18000030517578
2020-05-15,9136.849609375,18833.73046875,38.02000045776367,13196.349609375,9093.0,5745.7001953125,5.503300821281143,-1.2392627209101281,38.02000045776367
2020-05-18,8823.25,17572.994140625,40.91999816894531,13314.400390625,9092.650390625,5430.0498046875,6.546840591208847,-4.502015180096775,40.91999816894531
2020-05-19,8879.099609375,17486.046875,39.45000076293945,13446.599609375,9084.599609375,5486.14990234375,3.2723632272978476,-3.4518401145470334,39.45000076293945
2020-05-20,9066.5498046875,17839.9921875,35.810001373291016,13517.400390625,9456.7998046875,5603.7998046875,9.846979806057599,-3.378252437490603,35.810001373291016
2020-05-21,9106.25,17734.892578125,32.9900016784668,13647.900390625,9520.5498046875,5749.89990234375,12.648138499417305,-0.39922342839955327,32.9900016784668
2020-05-22,9039.25,17278.69921875,32.380001068115234,13842.650390625,9600.650390625,5767.0,2.8098746525268226,-1.0681976123898984,32.380001068115234
2020-05-26,9029.0498046875,17440.146484375,31.469999313354492,13574.9501953125,9483.5,5854.2998046875,3.203884037005289,2.332471648060519,31.469999313354492
2020-05-27,9314.9501953125,18710.333984375,31.270000457763672,13952.900390625,9463.7001953125,5896.9501953125,2.2284023747275894,4.908725040963691,31.270000457763672
2020-05-28,9490.099609375,19169.578125,30.020000457763672,14028.599609375,9464.5,6112.2998046875,5.517659529048813,4.671565411448131,30.020000457763672
2020-05-29,9580.2998046875,19297.025390625,30.219999313354492,14010.5,9768.599609375,6218.7998046875,7.338689056204006,5.205763126286889,30.219999313354492
2020-06-01,9826.150390625,19959.66796875,30.739999771118164,14307.099609375,9802.099609375,6419.5,9.266864647683093,8.705372576541205,30.739999771118164
2020-06-02,9979.099609375,20529.9609375,30.1200008392334,14422.400390625,9833.599609375,6471.2998046875,7.687156871341094,10.522146020218814,30.1200008392334
2020-06-03,10061.5498046875,20940.455078125,30.040000915527344,14361.7001953125,9864.0498046875,6498.64990234375,8.634346583462449,8.015068183088147,30.040000915527344
2020-06-04,10029.099609375,20390.212890625,29.690000534057617,14627.4501953125,10077.849609375,6511.35009765625,11.66459080972555,5.679603188437943,29.690000534057617
2020-06-05,10142.150390625,21034.255859375,28.68000030517578,14627.4501953125,10081.2998046875,6628.75,10.39315801417866,5.864645130026047,28.68000030517578
2020-06-08,10167.4501953125,21187.103515625,29.649999618530273,14894.599609375,9939.099609375,6610.5498046875,9.164257388308016,3.47338266889472,29.649999618530273
2020-06-09,10046.650390625,20724.66015625,30.209999084472656,14737.849609375,10122.0498046875,6577.7001953125,9.746678776621476,0.6769226071913215,30.209999084472656
2020-06-10,10116.150390625,21099.853515625,29.440000534057617,14842.0498046875,10149.25,6502.64990234375,8.98323264150993,0.5426657622075615,29.440000534057617
2020-06-11,9902.0,20524.912109375,29.65999984741211,14619.4501953125,9933.400390625,6373.60009765625,5.554899718323103,-1.2673082761705756,29.65999984741211
2020-06-12,9972.900390625,20654.310546875,30.81999969482422,14402.75,9982.7998046875,6559.39990234375,4.391661547048176,-1.6687782519617111,30.81999969482422
2020-06-15,9813.7001953125,19912.66796875,32.58000183105469,14396.7001953125,9989.0498046875,6443.0,-0.468566552218197,-3.4792400572868254,32.58000183105469
2020-06-16,9914.0,20296.462890625,32.970001220703125,14450.7998046875,9926.400390625,6451.0498046875,6.676709528164837,-1.3203444478249393,32.970001220703125
2020-06-17,9881.150390625,20201.515625,33.349998474121094,14478.4501953125,9977.2001953125,6503.5,7.338476687189588,-2.3230180545534718,33.349998474121094
2020-06-18,10091.650390625,20956.056640625,31.459999084472656,14551.25,9975.2998046875,6535.89990234375,8.852969673042388,1.915273587406574,31.459999084472656
2020-06-19,10244.400390625,21337.8515625,29.969999313354492,14499.7998046875,10002.150390625,6634.5,11.363680033614209,2.722377536781817,29.969999313354492
2020-06-22,10311.2001953125,21708.09765625,30.459999084472656,14463.7001953125,10218.349609375,6729.10009765625,11.454360863778845,5.0694436359246975,30.459999084472656
2020-06-23,10471.0,22264.642578125,29.34000015258789,14680.400390625,10360.7998046875,6789.2001953125,13.33232074906714,5.618317530764583,29.34000015258789
2020-06-24,10305.2998046875,21426.55078125,29.579999923706055,14581.4501953125,10110.5,6742.7998046875,12.056151747635479,4.292510459763088,29.579999923706055
2020-06-25,10288.900390625,21505.900390625,29.729999542236328,14411.2001953125,10193.150390625,6737.85009765625,9.648273891882987,1.9545861416606636,29.729999542236328
2020-06-26,10383.0,21591.80078125,28.739999771118164,14994.650390625,10137.849609375,6731.4501953125,13.565393344453259,1.3529304214020987,28.739999771118164
2020-06-29,10312.400390625,21358.751953125,28.90999984741211,14768.0,10135.900390625,6645.85009765625,12.866040610363205,0.011639724666046014,28.90999984741211
2020-06-30,10302.099609375,21369.90234375,29.1200008392334,14754.2998046875,9985.150390625,6719.14990234375,16.7608263324172,-1.6130301845573514,29.1200008392334
2020-07-01,10430.0498046875,21977.34375,28.1200008392334,14732.150390625,9882.849609375,6718.60009765625,17.467426468275328,1.2105421711579467,28.1200008392334
2020-07-02,10551.7001953125,21952.943359375,26.510000228881836,15122.5498046875,9943.650390625,6907.10009765625,16.38054632267241,2.554206909486245,26.510000228881836
2020-07-03,10607.349609375,21852.146484375,25.770000457763672,15285.900390625,9963.400390625,6971.0498046875,16.48427848318463,2.1607397609072487,25.770000457763672
2020-07-06,10763.650390625,22198.69140625,25.200000762939453,15464.9501953125,9901.25,7171.75,19.076808259811372,4.375799842006045,25.200000762939453
2020-07-07,10799.650390625,22627.736328125,25.100000381469727,15784.9501953125,9878.0,7199.5498046875,19.610043406984843,4.829605615511867,25.100000381469727
2020-07-08,10705.75,22584.388671875,26.100000381469727,15513.650390625,9948.5,7059.35009765625,14.93083457802471,2.643325779600736,26.100000381469727
2020-07-09,10813.4501953125,22906.93359375,24.90999984741211,15535.9501953125,9987.5498046875,7085.60009765625,13.944538418018283,2.4806428836585015,24.90999984741211
2020-07-10,10768.0498046875,22398.189453125,24.940000534057617,15565.2001953125,10072.25,7041.10009765625,12.3978374812326,1.5149891464920628,24.940000534057617
2020-07-13,10802.7001953125,22088.994140625,25.25,15819.2001953125,10106.599609375,7084.4501953125,9.938274561920135,0.3627933207632994,25.25
2020-07-14,10607.349609375,21391.951171875,26.639999389648438,15640.5498046875,10155.0498046875,6916.0,6.295658171502594,-1.7806204302403428,26.639999389648438
2020-07-15,10618.2001953125,21340.501953125,26.290000915527344,16459.849609375,10210.75,6931.0498046875,5.532451773638947,-0.8177830108820006,26.290000915527344
2020-07-16,10739.9501953125,21596.8984375,25.360000610351562,16926.05078125,10382.2998046875,7015.89990234375,7.087880404268909,-0.6797090537473571,25.360000610351562
2020-07-17,10901.7001953125,21966.544921875,24.15999984741211,16821.349609375,10472.150390625,7137.2998046875,7.489041036007493,1.24117545005058,24.15999984741211
2020-07-20,11022.2001953125,22321.58984375,24.709999084472656,17258.30078125,10304.599609375,7175.85009765625,8.406729156087378,2.0318993958125864,24.709999084472656
2020-07-21,11162.25,22781.734375,24.43000030517578,17273.19921875,10153.7998046875,7295.75,11.104194592219695,5.2312821869712645,24.43000030517578
2020-07-22,11132.599609375,22882.333984375,24.889999389648438,17076.05078125,10175.2001953125,7203.9501953125,10.04778675188518,4.844506645199487,24.889999389648438
2020-07-23,11215.4501953125,23083.6328125,24.639999389648438,17045.19921875,10322.150390625,7301.0498046875,13.264493994268832,4.427394832869291,24.639999389648438
2020-07-24,11194.150390625,22661.787109375,24.540000915527344,17286.0,10237.9501953125,7218.64990234375,12.24568532889423,2.6826108778724933,24.540000915527344
2020-07-27,11131.7998046875,21848.49609375,25.020000457763672,17626.75,10062.0498046875,7186.4501953125,13.431219449770726,0.9943532818575518,25.020000457763672
2020-07-28,11300.5498046875,22104.94140625,23.639999389648438,18042.75,10128.0498046875,7416.89990234375,13.985775718050242,1.2389957641828486,23.639999389648438
2020-07-29,11202.849609375,22076.34375,24.110000610351562,17880.5,10441.150390625,7330.25,13.375965009134937,0.6310296109171221,24.110000610351562
2020-07-30,11102.150390625,21646.59765625,24.729999542236328,18003.55078125,10766.0498046875,7287.85009765625,10.013228370839533,-1.010211830238017,24.729999542236328
2020-07-31,11073.4501953125,21639.798828125,24.190000534057617,18071.849609375,11148.900390625,7279.75,8.09271185306455,-1.0782434673522467,24.190000534057617
2020-08-03,10891.599609375,21071.85546875,25.190000534057617,17965.80078125,11128.400390625,7240.25,5.628824996787007,-2.157784001930707,25.190000534057617
2020-08-04,11095.25,21490.25,23.81999969482422,17808.0,11316.9501953125,7353.9501953125,5.96170375322318,-1.8167240376423144,23.81999969482422
2020-08-05,11101.650390625,21509.69921875,23.56999969482422,17869.80078125,11263.75,7489.10009765625,7.727582904237962,-0.9033346182324209,23.56999969482422
2020-08-06,11200.150390625,21642.34765625,23.149999618530273,18188.75,11403.650390625,7498.25,8.856631568037244,0.8827118760952324,23.149999618530273
2020-08-07,11214.0498046875,21753.748046875,22.579999923706055,18004.150390625,11333.0,7554.4501953125,8.003946881320424,1.2697001105808736,22.579999923706055
2020-08-10,11270.150390625,21899.99609375,22.510000228881836,18159.55078125,11941.400390625,7621.2998046875,9.28736243475079,3.475621532434592,22.510000228881836
2020-08-11,11322.5,22226.94140625,21.360000610351562,18057.099609375,11772.25,7630.35009765625,9.904780863275931,2.048173768053907,21.360000610351562
2020-08-12,11308.400390625,22263.7421875,20.850000381469727,18066.0,11590.25,7785.0498046875,8.421346037511235,1.8623357133872087,20.850000381469727
2020-08-13,11300.4501953125,22196.091796875,20.56999969482422,18107.19921875,11477.9501953125,7879.75,7.096012833387988,0.8955219455933028,20.56999969482422
2020-08-14,11178.400390625,21679.1484375,21.670000076293945,18022.650390625,11640.400390625,7677.64990234375,5.383538794132825,-0.3178995517533645,21.670000076293945
2020-08-17,11247.099609375,21700.59765625,21.309999465942383,18223.599609375,11595.349609375,7865.5498046875,4.491498712844466,-0.2045294911873996,21.309999465942383
2020-08-18,11385.349609375,22170.341796875,20.43000030517578,18270.349609375,11581.7001953125,7941.85009765625,5.4233164738224815,0.5550859737248892,20.43000030517578
2020-08-19,11408.400390625,22285.640625,19.959999084472656,18210.849609375,11537.900390625,7941.35009765625,6.5632990740956965,0.884298367105063,19.959999084472656
2020-08-20,11312.2001953125,21999.193359375,20.6200008392334,18126.099609375,11540.900390625,7911.60009765625,4.6123114361427575,0.10397815836464819,20.6200008392334
2020-08-21,11371.599609375,22299.33984375,19.940000534057617,18065.30078125,11614.900390625,7934.7001953125,5.605005694018672,1.7283261647349057,19.940000534057617
2020-08-24,11466.4501953125,22832.734375,19.229999542236328,18010.94921875,11572.25,7948.39990234375,6.144297147929856,1.9502857941674279,19.229999542236328
2020-08-25,11472.25,23091.8828125,19.31999969482422,17973.69921875,11500.0,7983.60009765625,8.153784144727183,0.7632650169428601,19.31999969482422
2020-08-26,11549.599609375,23413.927734375,19.299999237060547,18128.0,11484.5498046875,8100.5,8.771725875668412,1.2376776227632336,19.299999237060547
2020-08-27,11559.25,23600.076171875,18.899999618530273,18102.650390625,11588.0498046875,8183.0,7.62852517738013,2.183923555294509,18.899999618530273
2020-08-28,11647.599609375,24523.515625,18.350000381469727,18122.0,11622.900390625,8111.85009765625,6.842046659687284,2.4270991723315705,18.350000381469727
2020-08-31,11387.5,23754.07421875,22.84000015258789,17928.849609375,11079.7998046875,7840.35009765625,3.314218560853699,-0.6885321434943692,22.84000015258789
2020-09-01,11470.25,23811.72265625,21.799999237060547,17814.05078125,11339.5,7885.9501953125,2.759300320275937,-0.017433371832031863,21.799999237060547
2020-09-02,11535.0,23874.2734375,21.110000610351562,18077.0,11404.25,7976.9501953125,3.6146129811956085,-0.12640792641114285,21.110000610351562
2020-09-03,11527.4501953125,23530.576171875,20.5,18348.55078125,11511.849609375,8049.5498046875,2.7818767375954234,-0.27510266399204397,20.5
2020-09-04,11333.849609375,23011.232421875,22.149999618530273,18073.94921875,11281.4501953125,7996.5498046875,1.2479662491134302,-2.6936880603920077,22.149999618530273
2020-09-07,11355.0498046875,22944.783203125,22.010000228881836,18176.80078125,11269.849609375,7957.85009765625,2.0055157648989574,-0.2849632958287551,22.010000228881836
2020-09-08,11317.349609375,22744.13671875,22.719999313354492,18395.75,11093.2001953125,7888.0,0.14866360467284956,-1.3330170713367173,22.719999313354492
2020-09-09,11278.0,22266.740234375,22.229999542236328,18261.5,11304.099609375,7903.10009765625,0.6708149555280318,-2.2280017338534908,22.229999542236328
2020-09-10,11449.25,22465.9375,21.260000228881836,18395.849609375,11303.400390625,7945.0,3.1264178304421186,-0.6783824175124131,21.260000228881836
2020-09-11,11464.4501953125,22479.6875,20.709999084472656,18633.25,11313.2998046875,7956.7998046875,3.5309681544918536,1.152305619349936,20.709999084472656
2020-09-14,11440.0498046875,22100.9921875,21.190000534057617,19505.099609375,11233.2998046875,8035.35009765625,5.035533943429371,0.7485656290552756,21.190000534057617
2020-09-15,11521.7998046875,22465.388671875,20.600000381469727,19627.30078125,11450.5,8033.5,3.8444361748270595,1.806520098514408,20.600000381469727
2020-09-16,11604.5498046875,22573.2890625,19.65999984741211,19770.349609375,11688.5498046875,8156.2001953125,4.5299518212821965,2.895458456175737,19.65999984741211
2020-09-17,11516.099609375,22320.08984375,20.100000381469727,19817.69921875,11735.9501953125,8128.64990234375,2.8209372886141226,0.5838776284472713,20.100000381469727
2020-09-18,11504.9501953125,22030.794921875,20.049999237060547,19827.099609375,12320.900390625,8161.7001953125,2.5940707923679973,0.35326595964069174,20.049999237060547
2020-09-21,11250.5498046875,21366.552734375,22.190000534057617,19729.0,11799.5498046875,7832.2001953125,-0.17391592177691262,-1.6564613199704148,22.190000534057617
2020-09-22,11153.650390625,21138.853515625,21.40999984741211,19866.099609375,11876.849609375,7695.25,-1.4912749779200651,-3.1952422390877033,21.40999984741211
2020-09-23,11131.849609375,21178.25390625,20.989999771118164,19805.650390625,11685.900390625,7690.89990234375,-1.5612356757049861,-4.073403994712132,20.989999771118164
2020-09-24,10805.5498046875,20456.611328125,23.510000228881836,18973.05078125,11334.599609375,7418.85009765625,-4.379474994989918,-6.170056084866249,23.510000228881836
2020-09-25,11050.25,20982.10546875,20.68000030517578,19629.349609375,11595.900390625,7669.5,-1.1464108114473737,-3.952213504563973,20.68000030517578
2020-09-28,11227.5498046875,21665.248046875,19.56999969482422,19783.05078125,11796.599609375,7902.5498046875,-0.17382085485581067,-0.2044344534203768,19.56999969482422
2020-09-29,11222.400390625,21411.052734375,19.770000457763672,19831.80078125,11709.5,7925.2001953125,-1.4312184020754515,0.6163901287222107,19.770000457763672
2020-09-30,11247.5498046875,21451.55078125,19.530000686645508,19951.349609375,11772.849609375,7908.10009765625,-1.4099311071662735,1.0393618255052584,19.530000686645508
2020-10-01,11416.9501953125,22245.7421875,18.350000381469727,20110.400390625,11822.900390625,7966.10009765625,0.9259913915190987,5.658207140554494,18.350000381469727
2020-10-05,11503.349609375,22370.689453125,19.700000762939453,20809.0,12024.0,7957.9501953125,1.1585881012850852,4.100356185380427,19.700000762939453
2020-10-06,11662.400390625,22853.43359375,19.639999389648438,20896.75,12009.4501953125,8058.10009765625,1.7089002435348721,3.8730675303346285,19.639999389648438
2020-10-07,11738.849609375,22964.533203125,20.059999465942383,21017.400390625,11915.0,8170.0498046875,2.3238650602540822,4.601949678978068,20.059999465942383
2020-10-08,11834.599609375,23191.080078125,20.3799991607666,21697.25,12209.2001953125,8183.7001953125,2.4676180096205202,5.219357236745403,20.3799991607666
2020-10-09,11914.2001953125,23846.5234375,20.3799991607666,21837.650390625,12043.9501953125,8163.5,3.070702643445733,4.3553662886622435,20.3799991607666
2020-10-12,11930.9501953125,23712.525390625,21.1299991607666,22202.099609375,12154.5498046875,8102.5,2.432695108350358,3.717183259291823,21.1299991607666
2020-10-13,11934.5,23491.92578125,20.719999313354492,22492.599609375,11937.099609375,8052.85009765625,4.80351262349068,2.333135548953802,20.719999313354492
2020-10-14,11971.0498046875,23874.373046875,20.209999084472656,22204.05078125,11857.25,8031.0498046875,4.366075758483912,1.9780489829860137,20.209999084472656
2020-10-15,11680.349609375,23072.1328125,22.059999465942383,21567.30078125,11637.900390625,7935.35009765625,1.2600746369744176,-1.3033816528766007,22.059999465942383
2020-10-16,11762.4501953125,23532.9765625,21.649999618530273,21538.150390625,11814.099609375,7959.4501953125,2.0386121476851926,-1.2736901975149317,21.649999618530273
2020-10-19,11873.0498046875,24266.46875,21.81999969482422,21391.900390625,11616.650390625,7870.35009765625,4.75743206321082,-0.4852957197637786,21.81999969482422
2020-10-20,11896.7998046875,24311.517578125,22.690000534057617,21694.349609375,11644.400390625,7896.7001953125,4.771005053420008,-0.3158925410574387,22.690000534057617
2020-10-21,11937.650390625,24634.763671875,22.920000076293945,21577.650390625,11645.7001953125,7878.0498046875,5.480972159207309,-0.27900154629230123,22.920000076293945
2020-10-22,11896.4501953125,24483.865234375,22.639999389648438,21413.5,11545.2998046875,7864.14990234375,5.4836867823417235,1.8501208710743677,22.639999389648438
2020-10-23,11930.349609375,24478.015625,21.829999923706055,21523.599609375,11503.0498046875,8094.60009765625,4.202018554708831,1.4274187033702423,21.829999923706055
2020-10-26,11767.75,24075.169921875,22.829999923706055,21265.69921875,11334.2001953125,7833.64990234375,2.6455678163398666,-0.8868808471259593,22.829999923706055
2020-10-27,11889.400390625,24769.212890625,22.200000762939453,21023.400390625,11511.5,7930.64990234375,3.927872637000074,-0.06219667628251102,22.200000762939453
2020-10-28,11729.599609375,24232.21875,23.280000686645508,20810.30078125,11325.099609375,7922.75,1.8035359771045423,-1.7428118133982928,23.280000686645508
2020-10-29,11670.7998046875,24091.720703125,24.020000457763672,20876.94921875,11226.0,7846.75,0.5708967699310508,-1.8967875872242246,24.020000457763672
2020-10-30,11642.400390625,23900.623046875,24.75,20916.849609375,11243.75,7758.39990234375,1.0967322751114672,-2.413585755472969,24.75
2020-11-02,11669.150390625,24892.2109375,25.209999084472656,20732.30078125,11175.2998046875,7732.25,1.4272134387804725,-0.8378798782689989,25.209999084472656
2020-11-03,11813.5,25682.501953125,24.239999771118164,20736.0,11361.0,7848.85009765625,5.003757194852376,-0.638387034932808,24.239999771118164
2020-11-04,11908.5,25771.30078125,23.200000762939453,21104.55078125,11608.650390625,7901.75,6.767735969288369,1.5252045814250215,23.200000762939453
2020-11-05,12120.2998046875,26312.79296875,20.969999313354492,21385.650390625,11704.9501953125,7995.5,8.879478523317896,3.8514926785005787,20.969999313354492
2020-11-06,12263.5498046875,26798.638671875,20.5,21492.30078125,11623.349609375,8006.10009765625,13.493066307162938,5.33523494487167,20.5
2020-11-09,12461.0498046875,27533.779296875,20.110000610351562,21820.150390625,11674.349609375,8067.64990234375,12.76713019784621,6.786264531295383,20.110000610351562
2020-11-10,12631.099609375,28605.66796875,21.579999923706055,20978.5,11168.900390625,8127.25,12.50094481078603,6.920892278960511,21.579999923706055
2020-11-11,12749.150390625,28844.6640625,22.030000686645508,21330.5,11570.349609375,8255.2001953125,13.604486980124332,7.059246677793163,22.030000686645508
2020-11-12,12690.7998046875,28278.47265625,20.6200008392334,21363.349609375,11600.7998046875,8284.0498046875,12.831683567193576,4.706979276035406,20.6200008392334
2020-11-13,12719.9501953125,28465.369140625,19.700000762939453,21436.849609375,11726.4501953125,8308.900390625,11.412855252140597,3.7216009874281974,19.700000762939453
2020-11-17,12874.2001953125,29180.9609375,19.799999237060547,21488.55078125,11690.7998046875,8425.5498046875,11.916968817676231,3.3155343819393446,19.799999237060547
2020-11-18,12938.25,29749.50390625,19.1200008392334,21314.849609375,11612.9501953125,8686.599609375,10.939854289350336,2.4316995362543725,19.1200008392334
2020-11-19,12771.7001953125,28902.71484375,19.56999969482422,21114.44921875,11566.599609375,8628.2998046875,8.798567323944884,0.17687299934967537,19.56999969482422
2020-11-20,12859.0498046875,29235.66015625,19.6200008392334,21409.25,11526.75,8684.75,8.656399279456517,1.3257635656489963,19.6200008392334
2020-11-23,12926.4501953125,29023.861328125,20.799999237060547,22007.05078125,11737.2001953125,8738.599609375,8.496164101709969,1.6234340294516203,20.799999237060547
2020-11-24,13055.150390625,29736.904296875,21.059999465942383,22064.30078125,11880.7998046875,8887.9501953125,9.422553752291929,1.405525722509604,21.059999465942383
2020-11-25,12858.400390625,29196.060546875,23.1299991607666,21705.900390625,11635.2001953125,8738.4501953125,7.7414252010976625,-0.6171592709601326,23.1299991607666
2020-11-26,12987.0,29549.40625,20.020000457763672,21859.900390625,11801.25,8767.75,8.486725992190625,1.6857568013264101,20.020000457763672
2020-11-27,12968.9501953125,29608.70703125,19.81999969482422,21764.900390625,11839.150390625,8891.599609375,11.03220904366793,0.8546540552703874,19.81999969482422
2020-12-01,13109.0498046875,29817.50390625,20.18000030517578,22170.900390625,12045.150390625,8987.150390625,11.448291699561363,1.4126044398578674,20.18000030517578
2020-12-02,13113.75,29462.80859375,19.90999984741211,22319.0,12088.599609375,9093.7001953125,10.449717770262112,0.4488620017512934,19.90999984741211
2020-12-03,13133.900390625,29448.408203125,19.0,22202.19921875,12206.9501953125,9245.2998046875,10.3985996759403,2.142568217123375,19.0
2020-12-04,13258.5498046875,30052.05078125,18.030000686645508,22309.80078125,12353.599609375,9302.2001953125,11.064986583120607,2.09093558702933,18.030000686645508
2020-12-07,13355.75,30211.19921875,18.020000457763672,22440.900390625,12555.9501953125,9311.099609375,12.266682756024982,2.982506670642504,18.020000457763672
2020-12-08,13392.9501953125,30261.548828125,18.6200008392334,22617.400390625,12407.2998046875,9297.849609375,12.259494766089428,2.1656824472776393,18.6200008392334
2020-12-09,13529.099609375,30709.04296875,18.920000076293945,22803.44921875,12443.900390625,9293.2998046875,14.967598813494497,3.1672832666094664,18.920000076293945
2020-12-10,13478.2998046875,30509.994140625,18.709999084472656,22755.75,12440.599609375,9200.849609375,13.363999544631167,2.6222173445775043,18.709999084472656
2020-12-11,13513.849609375,30604.494140625,18.790000915527344,22664.0,12366.0,9188.9501953125,15.211516670815595,1.925548483418904,18.790000915527344
2020-12-14,13558.150390625,30745.54296875,19.399999618530273,22746.69921875,12459.900390625,9093.099609375,16.171561654064682,1.515455070849625,19.399999618530273
2020-12-15,13567.849609375,30690.693359375,19.350000381469727,22715.099609375,12432.599609375,9149.75,16.538249451551778,1.3059065516701107,19.350000381469727
2020-12-16,13682.7001953125,30698.04296875,19.200000762939453,22906.25,12547.5,9239.099609375,17.255324829005424,1.1353348735126723,19.200000762939453
2020-12-17,13740.7001953125,30846.69140625,19.15999984741211,22892.25,12602.400390625,9185.2001953125,16.313541247830866,1.9468359839698968,19.15999984741211
2020-12-18,13760.5498046875,30714.29296875,18.6200008392334,23256.599609375,12762.349609375,9168.650390625,15.552334926208179,1.8255360422344546,18.6200008392334
2020-12-21,13328.400390625,29456.107421875,23.190000534057617,22844.599609375,12278.150390625,8745.0,9.967580054993942,-1.6945526740790862,23.190000534057617
2020-12-22,13466.2998046875,29625.60546875,21.989999771118164,23611.599609375,12550.9501953125,8818.599609375,9.807519186168046,-0.7484590971389649,21.989999771118164
2020-12-23,13601.099609375,29882.953125,20.5,24167.75,12753.25,8935.9501953125,9.14890657333418,-0.5963777965803496,20.5
2020-12-24,13749.25,30401.845703125,19.969999313354492,24009.25,12908.9501953125,8978.0498046875,8.85235985151358,0.06222248186753543,19.969999313354492
2020-12-28,13873.2001953125,30880.58984375,20.43000030517578,24100.30078125,12874.349609375,9066.849609375,8.816664407018537,0.8186474539456645,20.43000030517578
2020-12-29,13932.599609375,31322.13671875,20.790000915527344,24274.05078125,12843.900390625,9043.900390625,9.785039743742763,4.533171281191284,20.790000915527344
2020-12-30,13981.9501953125,31302.6875,21.110000610351562,24330.05078125,12823.900390625,9164.7998046875,9.92142249475998,3.8291913747940276,21.110000610351562
2020-12-31,13981.75,31263.6875,21.100000381469727,24251.349609375,12915.900390625,9193.5,8.602862996419457,2.7986736481411034,21.100000381469727
2021-01-01,14018.5,31225.486328125,,24456.099609375,13001.9501953125,,8.349274438196819,1.9582886339254868,
2021-01-04,14132.900390625,31212.0859375,20.030000686645508,25110.05078125,13149.7998046875,9417.9501953125,10.65794040336221,1.8719559413569842,20.030000686645508
2021-01-05,14199.5,31721.880859375,20.459999084472656,25769.150390625,13166.349609375,9416.0498046875,10.424177646655242,1.9156539203596168,20.459999084472656
2021-01-06,14146.25,31797.53125,21.0,25419.150390625,13118.099609375,9379.5498046875,9.436463888050529,1.1750850374405042,21.0
2021-01-07,14137.349609375,31955.62890625,20.6200008392334,25251.19921875,13060.75,9429.650390625,8.289442759136168,1.1128764952527348,20.6200008392334
2021-01-08,14347.25,32083.826171875,20.639999389648438,26162.400390625,13271.5498046875,9741.25,11.578808904259308,2.345115383243579,20.639999389648438
2021-01-11,14484.75,31998.529296875,22.3799991607666,27027.75,13412.349609375,9995.599609375,11.532686532686531,2.4895782157241975,22.3799991607666
2021-01-12,14563.4501953125,32338.625,22.850000381469727,26982.099609375,13244.7001953125,10119.849609375,12.294749968091612,2.5631197951512474,22.850000381469727
2021-01-13,14564.849609375,32574.271484375,23.290000915527344,27004.30078125,13122.5498046875,10208.5498046875,11.10530378919561,2.9590853362198466,23.290000915527344
2021-01-14,14595.599609375,32519.37109375,23.030000686645508,26965.55078125,13232.5498046875,10238.2998046875,11.29996842531693,3.2414137915647068,23.030000686645508
2021-01-15,14433.7001953125,32246.42578125,24.010000228881836,26362.80078125,13014.25,10178.2998046875,9.896525525770695,0.6025558578298895,24.010000228881836
2021-01-18,14281.2998046875,31811.380859375,24.399999618530273,25916.25,12653.5,9961.099609375,7.713890395753631,-1.4045820280812582,24.399999618530273
2021-01-19,14521.150390625,32424.47265625,22.899999618530273,26043.5,12866.0498046875,10136.7998046875,8.725832623589081,-0.2904518099777986,22.899999618530273
2021-01-20,14644.7001953125,32543.3203125,21.549999237060547,26619.69921875,12881.2001953125,10369.25,9.346335062442845,0.5482417469391709,21.549999237060547
2021-01-21,14590.349609375,32186.525390625,22.18000030517578,26450.150390625,12697.150390625,10367.75,7.8442027233254,-0.03596974526917096,22.18000030517578
2021-01-22,14371.900390625,31166.888671875,,26489.75,12542.099609375,,6.6299206790660925,-0.42816328350487876,
2021-01-25,14238.900390625,31198.037109375,23.25,26023.30078125,12756.75,10433.5,5.365242341804732,-0.29688764077751006,23.25
2021-01-27,13967.5,30284.19921875,24.389999389648438,25865.30078125,12495.900390625,10210.25,3.0192142554935186,-3.8127171452093878,24.389999389648438
2021-01-28,13817.5498046875,30357.947265625,24.290000915527344,25301.25,12395.9501953125,10105.599609375,1.840381508503497,-5.648121023943908,24.290000915527344
2021-01-29,13634.599609375,30565.14453125,25.34000015258789,24645.75,12170.25,9813.150390625,-0.35154308178131366,-6.550562704720142,25.34000015258789
2021-02-01,14281.2001953125,33088.66796875,23.31999969482422,24922.69921875,12103.5498046875,10227.9501953125,3.9335695584449715,-0.6310939600699172,23.31999969482422
2021-02-02,14647.849609375,34267.5,23.350000381469727,25447.80078125,12361.5498046875,10638.599609375,6.448142096656939,2.872056180821758,23.350000381469727
2021-02-03,14789.9501953125,34758.046875,23.75,25680.900390625,12706.650390625,10749.150390625,10.965680515686893,5.888313551548241,23.75
2021-02-04,14895.650390625,35344.390625,23.1200008392334,25570.05078125,12739.0498046875,10867.099609375,10.614278656115728,7.802400578804236,23.1200008392334
2021-02-05,14924.25,35654.0859375,23.420000076293945,25331.599609375,12950.650390625,10723.9501953125,9.728260424715774,9.45865978886722,23.420000076293945
2021-02-08,15115.7998046875,35983.23046875,23.959999084472656,25915.599609375,12971.0,11061.150390625,9.939086166063603,5.844043903599494,23.959999084472656
2021-02-09,15109.2998046875,36056.08203125,24.270000457763672,25779.150390625,12812.7998046875,10907.599609375,8.909981777619368,3.1502930984296906,24.270000457763672
2021-02-10,15106.5,35782.6875,23.950000762939453,25885.30078125,12905.5498046875,11010.849609375,8.42556610781453,2.1403033851177256,23.950000762939453
2021-02-11,15173.2998046875,35751.6875,23.049999237060547,26043.44921875,12929.7998046875,10965.25,8.520625468787646,1.8639630145807384,23.049999237060547
2021-02-12,15163.2998046875,36108.48046875,22.040000915527344,26093.80078125,12785.75,10912.25,8.450657497720249,1.6017542234115556,22.040000915527344
2021-02-15,15314.7001953125,37305.81640625,,26001.099609375,12745.099609375,,9.246354426739668,1.3158443032787348,
2021-02-16,15313.4501953125,37097.96875,21.780000686645508,25613.94921875,12804.150390625,10944.900390625,8.353202612753229,1.3511571897042218,21.780000686645508
2021-02-17,15208.900390625,36910.51953125,,25282.94921875,12584.349609375,,7.108703761576107,0.6778564897560679,
2021-02-18,15118.9501953125,36586.57421875,21.540000915527344,25618.55078125,12517.5,10827.0,6.876028596359451,-0.358192417434533,21.540000915527344
2021-02-19,14981.75,35841.18359375,22.25,25503.19921875,12347.400390625,10540.349609375,5.972833762737584,-1.1972974684004933,22.25
2021-02-22,14675.7001953125,35256.7890625,25.469999313354492,24766.44921875,12032.2998046875,10300.0,2.2892902494380474,-4.172461699221408,25.469999313354492
2021-02-23,14707.7998046875,35116.54296875,25.229999542236328,24807.80078125,12029.5,10379.5498046875,1.539894058837743,-3.9550224338757545,25.229999542236328
2021-02-24,14982.0,36451.87890625,24.170000076293945,24779.400390625,12035.849609375,10405.5,2.873974223650788,-1.49189214734331,24.170000076293945
2021-02-25,15097.349609375,36548.57421875,22.889999389648438,24872.44921875,12141.7001953125,10497.9501953125,3.656062467388921,-0.14287093785253502,22.889999389648438
2021-02-26,14529.150390625,34803.1953125,28.139999389648438,24301.44921875,11927.900390625,10169.900390625,-0.455268851766244,-3.0210062868156307,28.139999389648438
2021-03-01,14761.5498046875,35295.58984375,25.6299991607666,24556.30078125,12092.7001953125,10411.7998046875,2.2714176194505775,0.5849779447145043,25.6299991607666
2021-03-02,14919.099609375,35419.2890625,23.610000610351562,25301.849609375,12257.2998046875,10744.0498046875,4.465978681283311,1.436651351619278,23.610000610351562
2021-03-03,15245.599609375,36367.62890625,22.09000015258789,25772.650390625,12379.599609375,10673.099609375,4.98892442583414,1.7594420596382276,22.09000015258789
2021-03-04,15080.75,35802.08203125,24.149999618530273,25631.849609375,12351.75,10625.75,2.977526332885061,-0.10995048670457974,24.149999618530273
2021-03-05,14938.099609375,35227.73828125,25.559999465942383,25229.599609375,12192.75,10524.400390625,2.3834247246313778,2.814680884670828,25.559999465942383
2021-03-08,14956.2001953125,35275.33984375,24.68000030517578,25347.94921875,12239.849609375,10507.349609375,4.065570932210516,1.318631127493064,24.68000030517578
2021-03-09,15098.400390625,35865.23046875,22.5,25582.349609375,12133.849609375,10464.25,6.036280726887466,1.2018203909392122,22.5
2021-03-10,15174.7998046875,35937.8828125,20.75,26010.099609375,12313.25,10559.2998046875,8.643635616162527,-0.46439501562117735,20.75
2021-03-12,15030.9501953125,35496.234375,21.709999084472656,25888.25,12184.25,10383.900390625,8.781588688128794,-0.33022100815609523,21.709999084472656
2021-03-15,14929.5,35182.140625,21.229999542236328,26032.05078125,12024.5,10335.099609375,9.497164769947775,-0.057568295833310135,21.229999542236328
2021-03-16,14910.4501953125,34804.1953125,20.190000534057617,26363.849609375,12013.0,10350.7998046875,4.406142280720471,-0.3058932041732021,20.190000534057617
2021-03-17,14721.2998046875,34228.8515625,20.15999984741211,26183.5,11787.5,10159.099609375,0.5014401244636701,-2.4976194575661914,20.15999984741211
2021-03-18,14557.849609375,33856.40625,20.079999923706055,25373.349609375,11514.4501953125,10143.9501953125,-1.569312829809677,-4.065623291596399,20.079999923706055
2021-03-19,14744.0,34161.203125,19.989999771118164,25562.75,11667.099609375,10186.5,-1.0180850560271293,-1.909062245459292,19.989999771118164
2021-03-22,14736.400390625,33603.05859375,20.489999771118164,26035.349609375,11850.75,10140.4501953125,-1.2586870990166976,-1.2934097550152401,20.489999771118164
2021-03-23,14814.75,34184.0,20.670000076293945,26105.69921875,11907.2001953125,10187.650390625,-1.991623391268671,-0.6418330369567626,20.670000076293945
2021-03-24,14549.400390625,33292.86328125,22.459999084472656,25802.94921875,11916.2998046875,9925.25,-3.7056608929607493,-1.1676918230261513,22.459999084472656
2021-03-25,14324.900390625,33006.06640625,22.700000762939453,25237.099609375,11816.7998046875,9651.349609375,-5.173929165425484,-1.6001622835833174,22.700000762939453
2021-03-26,14507.2998046875,33317.8125,20.649999618530273,25385.099609375,11883.2001953125,9771.5,-4.389289136659991,-1.6054001309854904,20.649999618530273
2021-03-30,14845.099609375,33874.70703125,20.489999771118164,26121.099609375,12206.599609375,9865.0,-2.0984891112825754,0.7376239506843962,20.489999771118164
2021-03-31,14690.7001953125,33303.51171875,20.649999618530273,25855.0,12272.599609375,9862.4501953125,-4.074516588911048,-0.8373398450024494,20.649999618530273
2021-04-01,14867.349609375,33857.60546875,19.989999771118164,25980.400390625,12377.099609375,10022.599609375,-2.913129178910012,2.1853080554087523,19.989999771118164
2021-04-05,14637.7998046875,32678.470703125,21.219999313354492,26491.400390625,12331.5,9768.0498046875,-3.755041924592628,2.1843042920373756,21.219999313354492
2021-04-06,14683.5,32500.97265625,20.84000015258789,26532.19921875,12548.599609375,9781.349609375,-2.8801615832262484,1.214562307836009,20.84000015258789
2021-04-07,14819.0498046875,32990.81640625,20.25,26831.0,12616.349609375,9937.0,-1.085989255677744,-0.17547746645666384,20.25
2021-04-08,14873.7998046875,32782.46875,20.309999465942383,27148.400390625,12611.7001953125,9959.349609375,1.3498477533513187,1.2463640734661663,20.309999465942383
2021-04-09,14834.849609375,32447.673828125,19.790000915527344,27367.05078125,12995.349609375,9922.9501953125,0.8638260404320253,-0.21859982346488227,19.790000915527344
2021-04-12,14310.7998046875,30791.642578125,23.0,26727.80078125,12961.849609375,9415.650390625,-4.480044021575891,-2.2339422888901894,23.0
2021-04-13,14504.7998046875,31771.23046875,20.459999084472656,25851.30078125,12807.5,9818.2998046875,-3.9248597934007146,-1.2170136228589867,20.459999084472656
2021-04-15,14581.4501953125,32112.4765625,20.889999389648438,26010.849609375,12987.0498046875,9691.4501953125,0.3599646454292893,-1.6033390298738515,20.889999389648438
2021-04-16,14617.849609375,31977.078125,20.399999618530273,26324.900390625,13234.25,9808.9501953125,-0.9734763437025284,-1.7208124263702773,20.399999618530273
2021-04-19,14359.4501953125,31208.037109375,22.489999771118164,26236.900390625,13256.25,9532.150390625,-3.7512278134454013,-3.204612291870268,22.489999771118164
2021-04-20,14296.400390625,31112.337890625,22.43000030517578,25877.599609375,13426.900390625,9630.7001953125,-6.226053701202461,-0.10061921247604966,22.43000030517578
2021-04-22,14406.150390625,31782.23046875,23.030000686645508,25826.69921875,13378.9501953125,9644.5498046875,-4.473249734761198,-0.6801156540652165,23.030000686645508
2021-04-23,14341.349609375,31721.931640625,22.690000534057617,25609.099609375,13319.75,9596.9501953125,-3.9948187226271137,-1.6466166445823438,22.690000534057617
2021-04-26,14485.0,32274.775390625,23.5,25680.30078125,13203.849609375,9641.4501953125,-3.1505341541241294,-0.9088177326013747,23.5
2021-04-27,14653.0498046875,32734.96875,23.079999923706055,25815.75,13296.75,9708.2001953125,-2.9496540985496034,2.0446438086525243,23.079999923706055
2021-04-28,14864.5498046875,33722.41015625,22.579999923706055,25962.099609375,13252.9501953125,9871.5,-2.044508026419989,3.9740731830305354,22.579999923706055
2021-04-29,14894.900390625,33714.109375,23.309999465942383,25874.30078125,13298.650390625,9773.7001953125,-0.9051310989635741,3.392648186694358,23.309999465942383
2021-04-30,14631.099609375,32781.41796875,23.030000686645508,25664.44921875,13469.25,9640.849609375,-1.9987299683512538,2.0203816787967455,23.030000686645508
2021-05-03,14634.150390625,32465.373046875,23.690000534057617,25676.05078125,13507.4501953125,9662.9501953125,-1.8530614506486298,1.0296885787021148,23.690000534057617
2021-05-04,14496.5,32269.974609375,23.010000228881836,25489.0,13234.75,9577.7001953125,-1.5270377457832884,-1.0683769370484208,23.010000228881836
2021-05-05,14617.849609375,32783.31640625,,25786.94921875,13779.7001953125,,0.41214878302742175,-1.6596546720486827,
2021-05-06,14724.7998046875,32827.41796875,22.040000915527344,26258.69921875,13747.75,9815.099609375,-0.1302237880663304,-1.1420055285805253,22.040000915527344
2021-05-07,14823.150390625,32904.1171875,20.81999969482422,26269.44921875,13747.099609375,9819.4501953125,0.5886783590325573,1.3126202840348489,20.81999969482422
2021-05-10,14942.349609375,33142.01171875,20.229999542236328,26273.44921875,14131.849609375,9973.0498046875,0.8613011314736907,2.1060274120692446,20.229999542236328
2021-05-11,14850.75,32871.81640625,,26106.69921875,14066.650390625,,2.0712166913021246,2.443693305280581,
2021-05-12,14696.5,32451.923828125,20.079999923706055,25855.44921875,14065.0498046875,10013.650390625,2.5940816287853163,0.5380435065808653,20.079999923706055
2021-05-14,14677.7998046875,32169.177734375,20.270000457763672,25588.19921875,13885.5,9810.4501953125,1.175270396941186,-0.3191893989963668,20.270000457763672
2021-05-17,14923.150390625,33458.859375,19.610000610351562,25703.55078125,13858.7001953125,10001.7001953125,0.5257679860949382,0.6746204238961662,19.610000610351562
2021-05-18,15108.099609375,33922.00390625,19.239999771118164,25958.25,13832.400390625,10324.0,2.8412492836501047,1.1092632974937677,19.239999771118164
2021-05-19,15030.150390625,33684.80859375,19.31999969482422,25982.80078125,14001.349609375,10249.099609375,1.0950222166521195,1.208022427318478,19.31999969482422
2021-05-20,14906.0498046875,33334.1640625,,25894.5,13970.2001953125,,1.832584155947381,1.4258483631306884,
2021-05-21,15175.2998046875,34606.49609375,19.079999923706055,26105.30078125,13993.7001953125,10312.400390625,3.3493363618176897,3.3894725818587546,19.079999923706055
2021-05-24,15197.7001953125,34943.1953125,19.1299991607666,26144.19921875,14034.650390625,10315.75,2.5551597141216575,1.8397576751620681,19.1299991607666
2021-05-25,15208.4501953125,34661.59765625,,26393.900390625,14090.099609375,,2.2499320618765806,0.6642171320821122,
2021-05-26,15301.4501953125,34683.796875,20.8700008392334,26857.349609375,14127.25,10437.7998046875,3.1453004123656703,1.8050371928195919,20.8700008392334
2021-05-27,15337.849609375,35094.64453125,19.90999984741211,27164.80078125,14100.0498046875,10486.0,7.176746364316333,2.8968090831932747,19.90999984741211
2021-05-28,15435.650390625,35141.0390625,17.399999618530273,27122.80078125,13934.099609375,10510.25,6.417534874467412,1.7156207079156438,17.399999618530273
2021-05-31,15582.7998046875,35526.234375,,27115.05078125,14051.75,,6.867284090144232,2.5339334532587854,
2021-06-01,15574.849609375,35336.7890625,17.389999389648438,27144.400390625,14058.0498046875,10457.849609375,6.5467905716189545,2.4091831143677744,17.389999389648438
2021-06-02,15576.2001953125,35373.33984375,17.209999084472656,26939.650390625,14151.849609375,10647.75,8.473513842453361,1.7955814415823612,17.209999084472656
2021-06-03,15690.349609375,35648.5859375,15.75,26987.900390625,14114.400390625,10647.650390625,9.750351002089275,2.2982361216042912,15.75
2021-06-04,15670.25,35291.23828125,15.9399995803833,26996.75,14101.5498046875,10735.75,8.774721734111779,1.5198556810893216,15.9399995803833
2021-06-07,15751.650390625,35443.23828125,15.569999694824219,27295.650390625,14069.0,10806.5498046875,9.833807972494313,1.0835702701301964,15.569999694824219
2021-06-08,15740.099609375,35084.89453125,15.229999542236328,27623.80078125,14189.849609375,10873.900390625,8.664822984984477,1.0610054295518312,15.229999542236328
2021-06-09,15635.349609375,34800.09375,14.75,27539.0,14118.900390625,10734.400390625,6.703722554558311,0.37974225626800084,14.75
2021-06-10,15737.75,35130.7890625,15.0,27798.0,14313.900390625,10722.7001953125,5.874380366616538,0.3020990086586517,15.0
2021-06-11,15799.349609375,35046.9921875,14.100000381469727,28217.5,14464.0498046875,10765.5,6.0722072322099585,0.823851625692007,14.100000381469727
2021-06-14,15811.849609375,34950.1953125,14.720000267028809,28314.099609375,14449.599609375,10753.099609375,8.070138482574652,0.382177214813173,14.720000267028809
2021-06-15,15869.25,35247.33984375,14.609999656677246,28377.849609375,14322.650390625,10754.400390625,8.4398449954856,0.8205182548405077,14.609999656677246
2021-06-16,15767.5498046875,35003.09375,14.869999885559082,28448.849609375,14215.7001953125,10669.4501953125,8.767977130255588,0.8455211978965371,14.869999885559082
2021-06-17,15691.400390625,34604.99609375,15.289999961853027,28611.349609375,14081.599609375,10523.0,7.344108811746763,-0.2945122992486171,15.289999961853027
2021-06-18,15683.349609375,34557.59765625,14.800000190734863,28445.599609375,14030.599609375,10443.75,6.509764597155021,-0.7342074380781383,14.800000190734863
2021-06-21,15746.5,34870.89453125,15.0600004196167,28367.0,14082.9501953125,10401.150390625,6.22910504880918,-0.41329516147341483,15.0600004196167
2021-06-22,15772.75,34744.59765625,14.739999771118164,28523.55078125,14095.0,10540.4501953125,5.557361541748418,-0.6080942703656445,14.739999771118164
2021-06-23,15686.9501953125,34573.59765625,15.369999885559082,28258.5,14018.0498046875,10588.5,5.63069336775921,-0.5111739640805801,15.369999885559082
2021-06-24,15790.4501953125,34826.59375,15.100000381469727,29048.0,13967.9501953125,10618.4501953125,7.443610351529273,0.6312362327245191,15.100000381469727
2021-06-25,15860.349609375,35364.23828125,13.369999885559082,29210.55078125,14069.599609375,10706.7998046875,8.056723898835582,1.128585438752161,13.369999885559082
2021-06-28,15814.7001953125,35359.0390625,13.399999618530273,29068.55078125,14247.599609375,10709.900390625,5.974273403071706,0.43311336050868565,13.399999618530273
2021-06-29,15748.4501953125,35009.89453125,13.0,28986.25,14330.2001953125,10612.25,4.238458856467586,-0.15406194029259357,13.0
2021-06-30,15721.5,34771.796875,13.050000190734863,29168.0,14308.900390625,10600.349609375,4.599751774980421,0.22024551781789636,13.050000190734863
2021-07-01,15680.0,34683.59765625,12.84000015258789,29003.099609375,14442.4501953125,10687.7001953125,5.1921884433065335,-0.6994746441446487,12.84000015258789
2021-07-02,15722.2001953125,34809.4921875,12.09000015258789,29007.94921875,14529.650390625,10685.5,3.6038852455229087,-0.871036373503653,12.09000015258789
2021-07-05,15834.349609375,35211.58984375,,28950.599609375,14528.5,,4.189116812942961,0.12424778098749645,
2021-07-06,15818.25,35578.734375,12.279999732971191,28649.400390625,14406.9501953125,10559.7001953125,4.00961174121115,0.4432169757775606,12.279999732971191
2021-07-07,15879.650390625,35770.88671875,12.210000038146973,28734.650390625,14453.2001953125,10552.5,3.7787280808823542,1.0059497543173368,12.210000038146973
2021-07-08,15727.900390625,35273.69140625,13.5600004196167,28749.0,14269.2998046875,10456.0,2.5430604105779464,0.30548718510841066,13.5600004196167
2021-07-09,15689.7998046875,35071.54296875,12.9399995803833,28662.19921875,14360.2001953125,10420.2998046875,1.6465092667352632,-0.2060805117763409,12.9399995803833
2021-07-12,15692.599609375,35198.48828125,12.989999771118164,28532.349609375,14372.2001953125,10438.2001953125,0.7046218013688987,-0.8952056983513534,12.989999771118164
2021-07-13,15812.349609375,35672.984375,12.619999885559082,28439.75,14460.0498046875,10497.7998046875,1.5248943389927883,-0.03730115926224853,12.619999885559082
2021-07-14,15853.9501953125,35667.8359375,12.59000015258789,29339.849609375,14507.0,10467.900390625,1.7831691716673426,-0.16184358395996412,12.59000015258789
2021-07-15,15924.2001953125,35907.23046875,12.270000457763672,29718.05078125,14467.4501953125,10426.0,1.49041029524144,1.2480992364658494,12.270000457763672
2021-07-16,15923.400390625,35751.38671875,11.710000038146973,29400.25,14635.0498046875,10428.4501953125,1.6154840581675378,1.4888691305526391,11.710000038146973
2021-07-19,15752.400390625,35078.79296875,12.680000305175781,29264.0,14669.900390625,10310.900390625,0.0047614058298783846,0.3810763209320278,12.680000305175781
2021-07-20,15632.099609375,34415.05078125,13.210000038146973,29252.5,14479.2001953125,10222.2001953125,-0.6861455942481665,-1.1399317903591721,13.210000038146973
2021-07-22,15824.0498046875,34676.8984375,11.890000343322754,29779.94921875,14575.400390625,10235.7998046875,1.2068818416401506,-0.18859899429884974,11.890000343322754
2021-07-23,15856.0498046875,35033.9921875,11.760000228881836,29894.30078125,14597.849609375,10201.349609375,0.7516945223268845,-0.42796743189061903,11.760000228881836
2021-07-26,15824.4501953125,34949.29296875,12.449999809265137,29940.400390625,14652.5498046875,10137.9501953125,0.15887100771923013,-0.6214137237342654,12.449999809265137
2021-07-27,15746.4501953125,34797.04296875,13.229999542236328,29892.55078125,14018.650390625,10094.349609375,-0.41361014478485947,-0.037773260994822255,13.229999542236328
2021-07-28,15709.400390625,34532.49609375,13.6899995803833,29954.150390625,13964.75,10000.400390625,-1.0072915189753728,0.4945003114209978,13.6899995803833
2021-07-29,15778.4501953125,34691.09765625,12.949999809265137,30371.400390625,13920.349609375,9956.650390625,0.06913179764784783,-0.28816649301427466,12.949999809265137
2021-07-30,15763.0498046875,34583.94921875,12.800000190734863,30480.05078125,14425.2998046875,10048.5,0.45661580406366475,-0.5865269165117426,12.800000190734863
2021-08-02,15885.150390625,34709.59765625,12.8100004196167,30803.05078125,14474.9501953125,10183.4501953125,1.2867199053534506,0.3835848611693393,12.8100004196167
2021-08-03,16130.75,35207.0390625,13.75,31165.849609375,14647.849609375,10342.599609375,2.4402248118629455,2.4405488216125093,13.75
2021-08-04,16258.7998046875,36027.6328125,13.210000038146973,30977.150390625,14594.349609375,10246.7998046875,3.081579335800666,3.4972653341394766,13.210000038146973
2021-08-05,16294.599609375,35834.33203125,12.869999885559082,31211.19921875,14579.849609375,10224.900390625,3.873598159596847,3.2712301124215637,12.869999885559082
2021-08-06,16238.2001953125,35808.83203125,12.609999656677246,31303.30078125,14517.5,10249.5,2.835574631893123,3.0143303263794996,12.609999656677246
2021-08-09,16258.25,36028.53125,12.609999656677246,31441.0,14533.4501953125,10239.0,2.508774399208713,2.348731993089559,12.609999656677246
2021-08-10,16280.099609375,36033.68359375,12.710000038146973,31713.400390625,14502.900390625,10158.75,2.942827927907521,0.9258689730793579,12.710000038146973
2021-08-11,16282.25,35805.98046875,12.710000038146973,31670.0,14291.150390625,10140.400390625,3.3895386407380323,0.1442307894444994,12.710000038146973
2021-08-12,16364.400390625,35936.6328125,12.369999885559082,32245.099609375,14133.0498046875,10180.5498046875,4.08930694033649,0.4283675752906557,12.369999885559082
2021-08-13,16529.099609375,36168.9296875,12.989999771118164,32678.80078125,14049.0498046875,10178.2998046875,5.415176080197703,1.7914510879504686,12.989999771118164
2021-08-16,16563.05078125,36094.08203125,13.460000038146973,32577.94921875,13965.400390625,10088.7998046875,5.348173763797992,1.874745321605964,13.460000038146973
2021-08-17,16614.599609375,35867.03125,13.40999984741211,33414.75,14041.25,10088.2998046875,4.927578456004533,2.05465573323258,13.40999984741211
2021-08-18,16568.849609375,35554.0859375,12.90999984741211,33448.8984375,14071.349609375,10067.9501953125,4.745149491094147,1.760196590612484,12.90999984741211
2021-08-20,16450.5,35033.4453125,14.020000457763672,33351.3515625,13711.150390625,9904.7001953125,3.5948499830450675,0.5261397137674928,14.020000457763672
2021-08-23,16496.44921875,35123.98828125,13.6899995803833,33919.80078125,13700.599609375,9759.150390625,4.886531635100599,-0.19753278397863783,13.6899995803833
2021-08-24,16624.599609375,35711.6875,13.1899995803833,33838.3984375,13876.0498046875,9832.7998046875,5.958009766372019,0.3716032084781995,13.1899995803833
2021-08-25,16634.650390625,35585.8359375,13.5,34083.94921875,13830.5,9808.650390625,6.003153108470349,0.12068169995915756,13.5
2021-08-26,16636.900390625,35617.13671875,13.539999961853027,34041.1015625,13758.599609375,9763.099609375,5.21459999063727,0.4107151845442303,13.539999961853027
2021-08-27,16705.19921875,35627.38671875,13.40999984741211,34309.80078125,13948.7001953125,9793.849609375,5.369318138070001,1.5482764581623565,13.40999984741211
2021-08-30,16931.05078125,36347.2265625,13.319999694824219,34109.25,14222.5,9957.900390625,6.322770208791262,2.634515808444582,13.319999694824219
2021-08-31,17132.19921875,36424.1796875,14.520000457763672,34570.25,14344.75,10034.4501953125,7.591336011601446,3.0533042677836963,14.520000457763672
2021-09-01,17076.25,36573.875,14.1899995803833,34110.5,14319.849609375,10043.900390625,8.404113509982182,2.654697267481354,14.1899995803833
2021-09-02,17234.150390625,36830.87109375,14.239999771118164,34680.30078125,14458.5,10022.4501953125,10.248468352192464,3.589911497796505,14.239999771118164
2021-09-03,17323.599609375,36760.72265625,14.539999961853027,34891.19921875,14485.650390625,10124.75,9.476397149883176,3.701843854282827,14.539999961853027
2021-09-06,17377.80078125,36591.92578125,15.109999656677246,35415.1015625,14481.5498046875,10167.25,9.597289333139125,2.6386430811178307,15.109999656677246
2021-09-07,17362.099609375,36468.375,14.899999618530273,34951.30078125,14387.349609375,10152.7001953125,9.71692156810593,1.3419199000055393,14.899999618530273
2021-09-08,17353.5,36767.7734375,14.40999984741211,34678.19921875,14349.4501953125,10100.400390625,10.205791049756074,1.6236000292804365,14.40999984741211
2021-09-09,17369.25,36682.7734375,13.9399995803833,34802.30078125,14329.849609375,10112.599609375,10.565964124038496,0.7839064085717329,13.9399995803833
2021-09-13,17355.30078125,36471.375,14.029999732971191,35129.6015625,14377.0498046875,10120.150390625,9.993697520469746,0.182994138572945,14.029999732971191
2021-09-14,17380.0,36612.625,13.579999923706055,35431.5,14410.9501953125,10209.599609375,10.25785121120193,0.012655334110944771,13.579999923706055
2021-09-15,17519.44921875,36851.8203125,13.729999542236328,36075.19921875,14487.900390625,10297.0,10.288217536105426,0.9062821485601669,13.729999542236328
2021-09-16,17629.5,37668.1640625,14.40999984741211,35852.44921875,14491.349609375,10351.4501953125,9.29126048075879,1.5904572564612307,14.40999984741211
2021-09-17,17585.150390625,37811.5078125,15.229999542236328,35646.5,14355.150390625,10351.4501953125,8.157739820101018,1.2430035299451525,15.229999542236328
2021-09-20,17396.900390625,37145.265625,17.489999771118164,35400.05078125,14097.25,10202.650390625,6.7648227491014845,0.2396939695792799,17.489999771118164
2021-09-21,17562.0,37235.41796875,16.520000457763672,36086.05078125,14278.9501953125,10155.9501953125,8.152380120733094,1.0471806674338335,16.520000457763672
2021-09-22,17546.650390625,36944.21875,16.489999771118164,36422.44921875,14334.25,10284.599609375,7.924594532775675,0.1552627113750038,16.489999771118164
2021-09-23,17822.94921875,37771.26171875,16.600000381469727,36816.8984375,14380.5,10372.9501953125,9.47690521799105,1.097304057120163,16.600000381469727
2021-09-24,17853.19921875,37829.859375,16.920000076293945,37103.25,14289.150390625,10429.0498046875,9.648231778470429,1.524290791780225,16.920000076293945
2021-09-27,17855.099609375,38170.8046875,18.049999237060547,36034.3984375,14156.7001953125,10765.150390625,9.109403236088065,2.6337980241406544,18.049999237060547
2021-09-28,17748.599609375,37944.55859375,18.540000915527344,35239.94921875,14171.599609375,10695.9501953125,7.377897337543549,1.0625191286584679,18.540000915527344
2021-09-29,17711.30078125,37742.5625,18.84000015258789,35282.6484375,14404.9501953125,10655.5,6.93259964704005,0.938357959835856,18.84000015258789
2021-09-30,17618.150390625,37424.66796875,18.399999618530273,35028.0,14466.5,10598.4501953125,6.040174333685022,-1.1490737341581458,18.399999618530273
2021-10-01,17532.05078125,37225.46484375,17.209999084472656,34780.6015625,14587.650390625,10596.9501953125,5.813325575301254,-1.7988285100337675,17.209999084472656
2021-10-04,17691.25,37579.2109375,16.739999771118164,35126.1484375,14812.400390625,10641.150390625,7.542323941521545,-0.9176628131997044,16.739999771118164
2021-10-05,17822.30078125,37740.5625,16.399999618530273,35544.30078125,14738.25,10692.0,8.037193610083238,0.4152506310191928,16.399999618530273
2021-10-06,17646.0,37521.11328125,17.329999923706055,35075.80078125,14461.9501953125,10567.5498046875,6.143909715870732,-0.3686955693233518,17.329999923706055
2021-10-07,17790.349609375,37752.76171875,16.15999984741211,35703.8515625,14562.2001953125,11031.7998046875,6.947541376651545,0.9773966899591757,16.15999984741211
2021-10-08,17895.19921875,37774.8125,15.649999618530273,36402.0,14514.7998046875,11079.349609375,7.563300846797527,2.071340324249893,15.649999618530273
2021-10-11,17945.94921875,38293.35546875,16.09000015258789,35179.94921875,14615.349609375,11375.5498046875,7.427328364976193,1.4396903483360424,16.09000015258789
2021-10-12,17991.94921875,38521.05078125,15.850000381469727,34869.75,14629.2001953125,11476.099609375,6.265992886128924,0.9518885332609806,15.850000381469727
2021-10-13,18161.75,38635.30078125,16.100000381469727,35285.6015625,14679.400390625,11870.0,6.009449038645487,2.9227586988552545,16.100000381469727
2021-10-14,18338.55078125,39340.44140625,15.770000457763672,35744.8515625,14728.650390625,11800.2998046875,7.392142778713118,3.081452494818393,15.770000457763672
2021-10-18,18477.05078125,39684.33984375,17.18000030517578,36306.3515625,14598.2001953125,11814.7998046875,7.211846029271696,3.2514394245488853,17.18000030517578
2021-10-19,18418.75,39540.0390625,17.3799991607666,37106.3515625,14384.349609375,11626.849609375,6.3217253649312966,2.6345821861348817,17.3799991607666
2021-10-20,18266.599609375,39517.73828125,18.309999465942383,36846.80078125,14177.349609375,11493.2998046875,5.114564491290419,1.526518262617027,18.309999465942383
2021-10-21,18178.099609375,40029.734375,18.040000915527344,35913.6015625,14169.9501953125,11557.400390625,4.699892399876493,0.0900222135807427,18.040000915527344
2021-10-22,18114.900390625,40323.1796875,17.549999237060547,35394.6484375,13949.650390625,11433.9501953125,4.387589769354894,-1.2195641481859476,17.549999237060547
2021-10-25,18125.400390625,41191.91796875,17.610000610351562,35005.3984375,13943.849609375,11228.2001953125,4.353385382932484,-1.9031738061890513,17.610000610351562
2021-10-26,18268.400390625,41237.8203125,16.75,35162.3515625,13970.650390625,11452.25,5.261214546978521,-0.8162856294536835,16.75
2021-10-27,18210.94921875,40873.875,16.829999923706055,35503.8984375,14094.25,11395.150390625,4.781065700517839,-0.304656541529702,16.829999923706055
2021-10-28,17857.25,39508.48828125,17.90999984741211,34913.6015625,13780.599609375,11260.900390625,1.9281472666873078,-1.7650338389032072,17.90999984741211
2021-10-29,17671.650390625,39115.1484375,17.43000030517578,34408.75,13879.349609375,11297.4501953125,0.23909010819933574,-2.446880691816533,17.43000030517578
2021-11-01,17929.650390625,39763.2890625,17.239999771118164,35290.0,14049.4501953125,11421.0,1.959039259531492,-1.0799761427684018,17.239999771118164
2021-11-02,17888.94921875,39937.984375,17.059999465942383,35177.3515625,13993.2001953125,11521.25,2.828370669927849,-2.0770902966946503,17.059999465942383
2021-11-03,17829.19921875,39401.59375,16.1299991607666,35177.1015625,13888.2998046875,11401.2001953125,1.5214623548001294,-2.0962663473189536,16.1299991607666
2021-11-04,17916.80078125,39573.23828125,15.75,35334.25,13948.2001953125,11569.7998046875,2.109521660172642,0.33348237410575354,15.75
2021-11-08,18068.55078125,39437.79296875,16.34000015258789,35782.3515625,13851.25,11645.75,1.378007418893512,2.245972401284946,16.34000015258789
2021-11-09,18044.25,39368.34375,16.0,35815.1015625,13878.7001953125,11766.25,1.070120704469324,0.6391625429290171,16.0
2021-11-10,18017.19921875,39022.796875,16.309999465942383,35722.94921875,13911.2998046875,11829.150390625,0.9078616917369997,0.7169230480322364,16.309999465942383
2021-11-11,17873.599609375,38559.75,16.350000381469727,35583.6484375,13717.7998046875,11690.150390625,0.7042809165291652,0.24903188348641692,16.350000381469727
2021-11-12,18102.75,38732.90234375,15.220000267028809,36332.30078125,13774.650390625,11706.5,2.210166399321767,1.037848335873659,15.220000267028809
2021-11-15,18109.44921875,38701.90234375,15.470000267028809,36465.30078125,13974.349609375,11687.650390625,2.788594814052847,0.22635150984240404,15.470000267028809
2021-11-16,17999.19921875,38306.65625,15.199999809265137,36643.8984375,13798.7998046875,11977.2998046875,2.6645396099331364,-0.24966835002839805,15.199999809265137
2021-11-17,17898.650390625,38041.109375,14.979999542236328,36660.8984375,13621.900390625,12061.7998046875,1.1723331625803635,-0.6579758967288907,14.979999542236328
2021-11-18,17764.80078125,37975.80859375,14.859999656677246,36007.0,13481.400390625,11747.4501953125,-0.32262950056646256,-0.6087124614111539,14.859999656677246
2021-11-22,17416.55078125,37128.37109375,17.520000457763672,35478.94921875,13245.349609375,11379.75,-1.3002902569987485,-3.7905799878471536,17.520000457763672
2021-11-23,17503.349609375,37272.3671875,18.020000457763672,35504.3984375,13489.9501953125,11455.7001953125,-1.6132341764029112,-3.346869372191963,18.020000457763672
2021-11-24,17415.05078125,37441.515625,17.100000381469727,34966.25,13408.099609375,11308.849609375,-2.683113116711866,-3.245413478681236,17.100000381469727
2021-11-25,17536.25,37364.31640625,16.65999984741211,35300.25,13566.5,11247.75,-2.282962097774932,-2.024735847205661,16.65999984741211
2021-11-26,17026.44921875,36025.08203125,20.799999237060547,34606.1484375,13797.099609375,10759.599609375,-5.366289045512762,-4.156261427256192,20.799999237060547
2021-11-29,17053.94921875,35976.03125,20.829999923706055,34870.75,13648.7998046875,10704.150390625,-6.099636770960948,-2.0819366994891064,20.829999923706055
2021-11-30,16983.19921875,35694.88671875,21.170000076293945,35043.75,13662.7998046875,10603.5498046875,-7.390723392852616,-2.9717191408117793,21.170000076293945
2021-12-01,17166.900390625,36364.4765625,19.450000762939453,35429.0,13442.099609375,10758.150390625,-7.090689992336352,-1.4249191331223265,19.450000762939453
2021-12-02,17401.650390625,36507.82421875,18.09000015258789,36157.8515625,13557.0,10873.150390625,-5.522088140481851,-0.767550698552999,18.09000015258789
2021-12-03,17196.69921875,36196.7265625,18.450000762939453,35848.05078125,13443.849609375,10788.75,-5.857140428456608,0.9999148842643857,18.450000762939453
2021-12-06,16912.25,35735.484375,20.079999923706055,34879.3984375,13192.25,10589.7998046875,-6.963597056769144,-0.830888006833097,20.079999923706055
2021-12-07,17176.69921875,36617.97265625,18.459999084472656,35272.30078125,13234.349609375,10759.0,-5.179168262832667,1.1393613035308947,18.459999084472656
2021-12-08,17469.75,37284.265625,17.270000457763672,35959.05078125,13433.849609375,11007.7001953125,-3.6173015574548217,1.7641484629361992,17.270000457763672
2021-12-09,17516.849609375,37082.01953125,16.600000381469727,35946.3515625,13449.400390625,11058.75,-4.113938632720582,0.6620016846911492,16.600000381469727
2021-12-10,17511.30078125,37105.21875,16.059999465942383,35939.6015625,13446.099609375,11080.0498046875,-3.8419108696412296,1.8294299301169437,16.059999465942383
2021-12-13,17368.25,36924.8203125,16.56999969482422,36050.55078125,13432.900390625,11047.150390625,-2.738383569698577,2.6962704548478156,16.56999969482422
2021-12-14,17324.900390625,36893.51953125,16.950000762939453,36102.55078125,13575.900390625,10972.150390625,-1.9621823221670054,0.8628035572354031,16.950000762939453
2021-12-15,17221.400390625,36789.125,17.219999313354492,35737.19921875,13512.0498046875,11026.0,-3.950160681160453,-1.4215979586141736,17.219999313354492
2021-12-16,17248.400390625,36548.22265625,15.899999618530273,36160.30078125,13393.650390625,10945.75,-3.580695659047539,-1.532519972120594,15.899999618530273
2021-12-17,16985.19921875,35618.234375,16.34000015258789,36647.8984375,13230.7001953125,10678.650390625,-4.73380766934508,-3.004354554079247,16.34000015258789
2021-12-20,16614.19921875,34439.453125,18.969999313354492,35916.44921875,13184.4501953125,10405.2998046875,-7.270279880899144,-4.34154725576843,18.969999313354492
2021-12-21,16770.849609375,34607.44921875,17.540000915527344,36627.1484375,13282.849609375,10483.900390625,-7.182098816810722,-3.198002694144275,17.540000915527344
2021-12-22,16955.44921875,35029.09375,16.579999923706055,36989.1484375,13547.7001953125,10652.5498046875,-6.034059499563571,-1.5443063040319172,16.579999923706055
2021-12-23,17072.599609375,35190.73828125,15.829999923706055,37362.8515625,13644.5,10731.0498046875,-5.242766080934381,-1.0192294779146738,15.829999923706055
2021-12-24,17003.75,34856.64453125,16.149999618530273,37727.80078125,13491.25,10620.75,-4.866672793312155,0.1092173309896971,16.149999618530273
2021-12-27,17086.25,35057.4921875,17.1200008392334,37988.5,13710.150390625,10641.650390625,-5.6151689660410735,2.841249072764618,17.1200008392334
2021-12-28,17233.25,35183.390625,16.479999542236328,38357.80078125,13836.150390625,10783.849609375,-4.838353768610526,2.7571673552335474,16.479999542236328
2021-12-29,17213.599609375,35044.9921875,16.239999771118164,38274.6484375,14072.900390625,10829.5498046875,-4.3646364475850135,1.5225216819353182,16.239999771118164
2021-12-30,17203.94921875,35063.1953125,16.56999969482422,38658.80078125,14135.5,10755.650390625,-3.881304772782601,0.7693591625195229,16.56999969482422
2021-12-31,17354.05078125,35481.28515625,16.219999313354492,38701.05078125,14223.0,10936.900390625,-2.312156522653097,2.06013838859076,16.219999313354492
2022-01-03,17625.69921875,36421.4765625,16.450000762939453,39123.80078125,14156.400390625,11114.5498046875,1.2008602629009824,3.1572124881117825,16.450000762939453
2022-01-04,17805.25,36839.71875,16.1200008392334,39370.69921875,14040.650390625,11139.400390625,1.7248149489244025,3.3191649862910344,16.1200008392334
2022-01-05,17925.25,37695.4609375,17.229999542236328,38609.1484375,13999.849609375,11256.849609375,2.929645311739826,4.134233436203627,17.229999542236328
2022-01-06,17745.900390625,37489.8125,17.979999542236328,38009.0,13912.25,11316.599609375,1.1955257858721202,3.150155612435457,17.979999542236328
2022-01-07,17812.69921875,37739.1640625,17.600000381469727,38139.8515625,13857.9501953125,11290.900390625,4.617815434671835,2.642889797208281,17.600000381469727
2022-01-10,18003.30078125,38347.453125,17.68000030517578,38212.19921875,13858.9501953125,11501.7001953125,5.566754951141961,2.1423352220734104,17.68000030517578
2022-01-11,18055.75,38441.75390625,17.760000228881836,38605.44921875,13854.25,11479.7001953125,6.315363598077961,1.4068884177419472,17.760000228881836
2022-01-12,18212.349609375,38727.1015625,17.18000030517578,38604.75,13833.7001953125,11645.900390625,6.089912534943864,1.6016491227458518,17.18000030517578
2022-01-13,18257.80078125,38469.50390625,16.700000762939453,38607.0,14051.150390625,11686.150390625,4.919937887536485,2.8846121039619588,16.700000762939453
2022-01-14,18255.75,38369.953125,16.559999465942383,38826.8515625,13964.150390625,11643.0498046875,6.158453827553667,2.4872748133738076,16.559999465942383
2022-01-17,18308.099609375,38215.703125,16.770000457763672,38804.94921875,13862.4501953125,11881.25,8.253482590282202,1.693016363101818,16.770000457763672
2022-01-18,18113.05078125,38209.85546875,17.780000686645508,38091.75,13697.599609375,11598.75,5.451289276101923,0.3173547554103262,17.780000686645508
2022-01-19,17938.400390625,38040.91015625,17.81999969482422,37281.69921875,13682.7001953125,11681.400390625,2.682639365903916,-1.5041948162964225,17.81999969482422
2022-01-20,17757.0,37850.41015625,17.790000915527344,36662.19921875,13454.900390625,11583.2001953125,1.3709679307657652,-2.7429414267916785,17.790000915527344
2022-01-21,17617.150390625,37573.86328125,18.889999389648438,36054.6015625,13243.0498046875,11561.75,0.6044645723197073,-3.498073808936908,18.889999389648438
2022-01-24,17149.099609375,36947.12109375,22.829999923706055,34821.6015625,12998.599609375,11261.2001953125,-1.2617874030198761,-6.330531429960717,22.829999923706055
2022-01-25,17277.94921875,37706.3125,21.360000610351562,34707.44921875,13092.099609375,11522.75,-0.27100399319124335,-4.6104964458249516,21.360000610351562
2022-01-27,17110.150390625,37981.66015625,21.06999969482422,33475.05078125,12847.900390625,11561.599609375,-0.6459985685052794,-4.617189838358504,21.06999969482422
2022-01-28,17101.94921875,37688.9609375,20.700000762939453,33851.94921875,12983.0498046875,11493.400390625,-0.8490710359124076,-3.6889721307090118,20.700000762939453
2022-01-31,17339.849609375,37974.91015625,21.950000762939453,34824.55078125,13179.900390625,11703.5,2.0879966496565983,-1.5740387923211863,21.950000762939453
2022-02-01,17576.849609375,38505.05078125,19.979999542236328,35371.6484375,13477.5,11616.099609375,5.79414257618025,2.49430004923501,19.979999542236328
2022-02-02,17780.0,39330.04296875,18.649999618530273,35788.75,13643.650390625,11632.400390625,6.017288414898658,2.9057313162211162,18.649999618530273
2022-02-03,17560.19921875,39009.546875,19.15999984741211,35056.80078125,13617.599609375,11683.400390625,3.5666999570335367,2.6303031700503965,19.15999984741211
2022-02-04,17516.30078125,38788.90234375,18.899999618530273,35080.1015625,13580.2998046875,11560.599609375,2.5989080867998116,2.42283237542138,18.899999618530273
2022-02-07,17213.599609375,37995.0078125,20.440000534057617,34621.25,13381.7001953125,11407.25,1.2341372307579146,-0.7280916665606041,20.440000534057617
2022-02-08,17266.75,38028.0078125,19.68000030517578,34521.55078125,13444.7001953125,11429.7998046875,1.0564050040237083,-1.764250228377684,19.68000030517578
2022-02-09,17463.80078125,38609.80078125,18.559999465942383,34983.30078125,13570.2998046875,11680.150390625,1.3378253158864428,-1.7783983056805397,18.559999465942383
2022-02-10,17605.849609375,39010.49609375,17.709999084472656,35341.8515625,13613.0498046875,11674.0498046875,2.2787215277527917,0.2599651066387487,17.709999084472656
2022-02-11,17374.75,38516.80078125,18.68000030517578,34379.05078125,13510.2998046875,11552.900390625,0.9927998454206666,-0.8081088753712273,18.68000030517578
2022-02-14,16842.80078125,36908.12109375,22.979999542236328,33880.6484375,13252.150390625,11107.150390625,-2.9459980637625782,-2.1541039442038223,22.979999542236328
2022-02-15,17352.44921875,38169.65625,20.610000610351562,34913.30078125,13356.900390625,11552.2998046875,-1.550293106722933,0.4963251263266022,20.610000610351562
2022-02-16,17322.19921875,37953.359375,20.59000015258789,34801.94921875,13425.099609375,11509.7001953125,-2.71296826076578,-0.8108290072343816,20.59000015258789
2022-02-17,17304.599609375,37531.2109375,22.010000228881836,34634.1015625,13324.400390625,11492.849609375,-3.462436454861162,-1.7110790259141306,22.010000228881836
2022-02-18,17276.30078125,37598.7109375,22.170000076293945,34483.1015625,13208.7998046875,11420.4501953125,-2.6462427886898565,-0.5666223614728239,22.170000076293945
2022-02-21,17206.650390625,37685.1640625,22.899999618530273,34472.05078125,13029.900390625,11361.599609375,-3.4023413334631547,2.1602678444077483,22.899999618530273
2022-02-22,17092.19921875,37371.21484375,26.65999984741211,34129.55078125,12954.5,11343.0498046875,-5.060747323895686,-1.4997882818685304,26.65999984741211
2022-02-23,17063.25,37391.6171875,24.540000915527344,34114.30078125,12976.2998046875,11318.7001953125,-5.496863879927449,-1.494898052377247,24.540000915527344
2022-02-24,16247.9501953125,35227.69140625,31.979999542236328,32547.900390625,12500.099609375,10609.7998046875,-10.786084476718505,-6.106176611506486,31.979999542236328
2022-02-25,16658.400390625,36430.328125,26.739999771118164,33476.94921875,12899.849609375,10895.2998046875,-8.760093341951226,-3.576578102272965,26.739999771118164
2022-02-28,16793.900390625,36204.87890625,28.56999969482422,33847.8515625,12927.599609375,10820.5498046875,-8.00761189967545,-2.398781811856221,28.56999969482422
2022-03-02,16605.94921875,35372.390625,29.229999542236328,33720.0,12689.5498046875,10500.4501953125,-9.297253275557793,-2.8448650391728836,29.229999542236328
2022-03-03,16498.05078125,34943.89453125,28.15999984741211,34130.30078125,12643.75,10261.099609375,-8.916223001327817,-3.3123772947709296,28.15999984741211
2022-03-04,16245.349609375,34407.40234375,27.959999084472656,34177.69921875,12600.150390625,9896.650390625,-9.438136870525115,-0.01600562474797229,27.959999084472656
2022-03-07,15863.150390625,32870.8671875,29.329999923706055,34135.8984375,12546.849609375,9480.4501953125,-10.665369202990371,-4.773867726504822,29.329999923706055
2022-03-08,16013.4501953125,33157.71484375,28.59000015258789,35055.55078125,12844.849609375,9560.0,-9.103062412215724,-4.647224153765839,28.59000015258789
2022-03-09,16345.349609375,33815.0546875,27.469999313354492,35440.55078125,13059.25,9832.349609375,-4.686834984389554,-1.5693147434219124,27.469999313354492
2022-03-10,16594.900390625,34475.19921875,25.579999923706055,35399.1015625,13077.0498046875,10019.349609375,-3.9532980417823937,0.5870366788121917,25.579999923706055
2022-03-11,16630.44921875,34545.84765625,25.350000381469727,35348.69921875,13399.0,9979.7001953125,-2.803605818320787,2.370522141011744,25.350000381469727
2022-03-14,16871.30078125,35311.73828125,25.68000030517578,36028.0,13351.900390625,10074.2998046875,-1.3486675381255697,6.355297439661234,25.68000030517578
2022-03-15,16663.0,35022.2421875,26.729999542236328,35097.8515625,13318.849609375,10131.2998046875,-3.9034341394117544,4.056276422414196,26.729999542236328
2022-03-16,16975.349609375,35747.8359375,24.1200008392334,35729.6484375,13374.5,10350.099609375,-3.4221149601187717,3.8543072803940426,24.1200008392334
2022-03-17,17287.05078125,36428.12890625,22.610000610351562,35643.6015625,13546.0498046875,10576.0,-2.7724927938695187,4.17086197767127,22.610000610351562
2022-03-21,17117.599609375,36018.08203125,24.6200008392334,35377.75,13549.5498046875,10448.400390625,-2.520470319621504,2.929267779945244,24.6200008392334
2022-03-22,17315.5,36348.12890625,24.06999969482422,36070.44921875,13513.150390625,10572.900390625,-1.1463652272113545,2.63286882564302,24.06999969482422
2022-03-23,17245.650390625,36146.9296875,24.75,36082.0,13569.650390625,10463.4501953125,0.1861945320985825,3.4966716115045315,24.75
2022-03-24,17222.75,35526.6875,23.93000030517578,36516.75,13724.5,10412.400390625,-0.25482502497574666,1.4574096929842684,23.93000030517578
2022-03-25,17153.0,35409.69140625,23.43000030517578,36152.30078125,13607.0498046875,10354.150390625,-1.7796857920166609,-0.7754404319526564,23.43000030517578
2022-03-28,17222.0,35710.0859375,22.610000610351562,36026.05078125,13562.25,10421.599609375,-2.1802390562884466,0.6099008798396088,22.610000610351562
2022-03-29,17325.30078125,35846.98046875,21.299999237060547,36146.75,13771.400390625,10416.25,-0.2846039151642499,0.05660120267967361,21.299999237060547
2022-03-30,17498.25,36333.87890625,20.610000610351562,36463.55078125,13745.599609375,10542.150390625,3.891569028588582,1.4647148913114805,20.610000610351562
2022-03-31,17464.75,36373.1796875,20.559999465942383,36317.19921875,13584.099609375,10552.099609375,0.6471753919824463,1.4051182302477816,20.559999465942383
2022-04-01,17670.44921875,37148.06640625,18.43000030517578,36343.3984375,13579.900390625,10676.849609375,2.0104260180950018,3.016668913601128,18.43000030517578
2022-04-04,18053.400390625,38634.75,17.90999984741211,36442.8984375,13789.25,10803.849609375,4.327177733972687,4.827548430060391,17.90999984741211
2022-04-05,17957.400390625,38067.45703125,18.489999771118164,36466.55078125,13809.25,10936.5,3.9423926336950466,3.648419253183066,18.489999771118164
2022-04-06,17807.650390625,37632.36328125,19.020000457763672,35871.5,13758.4501953125,10906.7998046875,3.4928355394926447,1.768179050047869,19.020000457763672
2022-04-07,17639.55078125,37556.9140625,19.0,35423.25,13815.0,10820.7001953125,3.2023471964892636,1.0008776607165926,19.0
2022-04-08,17784.349609375,37751.61328125,17.690000534057617,35394.44921875,13838.599609375,10894.2998046875,4.226039056891273,0.6445811830530168,17.690000534057617
2022-04-11,17674.94921875,37613.36328125,18.270000457763672,34895.8984375,13837.849609375,10882.099609375,8.782640310217026,-2.096287478737391,18.270000457763672
2022-04-12,17530.30078125,37746.9609375,18.15999984741211,34379.5,13744.650390625,10788.7998046875,5.233998284227148,-2.3784044465477105,18.15999984741211
2022-04-13,17475.650390625,37462.96484375,17.790000915527344,34354.80078125,13772.75,10698.2998046875,4.0595096085039195,-1.8643672394578426,17.790000915527344
2022-04-18,17173.650390625,36728.57421875,19.34000015258789,32780.05078125,13717.2998046875,10745.75,3.4186613748884653,-2.6412259382491143,19.34000015258789
2022-04-19,16958.650390625,36341.1796875,19.770000457763672,31804.19921875,13522.4501953125,10615.150390625,2.7918425969355676,-4.64284180690383,19.770000457763672
2022-04-20,17136.55078125,36314.4765625,18.670000076293945,32173.400390625,13660.650390625,10848.7001953125,5.485884842765709,-3.046110236791255,18.670000076293945
2022-04-21,17392.599609375,36815.671875,17.850000381469727,32611.599609375,13821.2998046875,11090.5498046875,9.641522529181179,-0.7855037605645765,17.850000381469727
2022-04-22,17171.94921875,36044.33203125,18.350000381469727,32426.69921875,13569.849609375,11028.150390625,7.234537275275121,-1.7378533278390784,18.350000381469727
2022-04-25,16953.94921875,36081.93359375,21.260000228881836,31744.0,13296.75,10916.5,3.723380801998455,-1.2792922114854166,21.260000228881836
2022-04-26,17200.80078125,36404.37890625,19.190000534057617,31840.05078125,13444.099609375,11221.75,3.6511239981126486,1.4278871552117378,19.190000534057617
2022-04-27,17038.400390625,36028.43359375,20.610000610351562,31594.349609375,13358.150390625,11158.849609375,2.453037596934271,-0.5727546451902765,20.610000610351562
2022-04-28,17245.05078125,36421.77734375,19.3799991607666,31914.349609375,13480.0,11192.0498046875,2.2153004373875573,-0.8483425792511601,19.3799991607666
2022-04-29,17102.55078125,36087.73046875,19.420000076293945,31622.400390625,13462.849609375,11078.099609375,2.6378850222048777,-0.40413838065759267,19.420000076293945
2022-05-02,17069.099609375,36163.328125,20.280000686645508,31138.80078125,13460.25,10938.2998046875,0.5522713944473123,0.6791950898239696,20.280000686645508
2022-05-04,16677.599609375,35264.140625,21.8799991607666,30794.599609375,13108.7998046875,10661.0,-3.525477998456661,-3.041725664570938,21.8799991607666
2022-05-05,16682.650390625,35232.44140625,20.290000915527344,31432.44921875,13008.5,10705.7001953125,-2.5409474965858325,-2.087930743755406,20.290000915527344
2022-05-06,16411.25,34590.796875,21.25,30719.44921875,12820.900390625,10518.4501953125,-5.222199763217928,-4.835014937483195,21.25
2022-05-09,16301.849609375,34275.0,22.030000686645508,30733.30078125,12785.0,10483.5,-5.472688822238125,-4.68176462164247,22.030000686645508
2022-05-10,16240.0498046875,34482.24609375,22.299999237060547,30427.19921875,12596.2998046875,10472.4501953125,-5.705826278105997,-4.857021305518394,22.299999237060547
2022-05-11,16167.099609375,34692.74609375,22.799999237060547,30050.25,12557.650390625,10377.400390625,-5.747684898414274,-3.0609920609500185,22.799999237060547
2022-05-12,15808.0,33531.7578125,24.270000457763672,29756.849609375,12424.4501953125,10164.349609375,-8.210428521658342,-5.242874304412204,24.270000457763672
2022-05-13,15782.150390625,33120.96484375,23.489999771118164,29624.849609375,12629.5,10412.349609375,-8.906918327761716,-3.8333436476502447,23.489999771118164
2022-05-16,15842.2998046875,33597.2109375,24.530000686645508,29403.5,12608.25,10649.099609375,-9.463518896532507,-2.8190040743795053,24.530000686645508
2022-05-17,16259.2998046875,34301.5,22.739999771118164,30218.75,12745.9501953125,10911.150390625,-6.902189812694138,0.11853411923923307,22.739999771118164
2022-05-18,16240.2998046875,34163.30078125,22.299999237060547,30077.69921875,12881.5498046875,10909.4501953125,-8.093452500035925,0.4527725880407951,22.299999237060547
2022-05-19,15809.400390625,33315.26171875,24.559999465942383,28352.150390625,12600.849609375,10618.0,-12.429791349253483,0.00885874636260553,24.559999465942383
2022-05-20,16266.150390625,34276.0,23.100000381469727,28789.400390625,13065.5,10914.599609375,-9.418122685970454,3.066755720991665,23.100000381469727
2022-05-23,16214.7001953125,34247.203125,23.399999618530273,29079.30078125,12889.2001953125,11115.2001953125,-8.945313729604232,2.350671273843785,23.399999618530273
2022-05-24,16125.150390625,34289.75,25.639999389648438,28531.5,12691.599609375,11116.2998046875,-8.585254859407954,-0.8250626759697566,25.639999389648438
2022-05-25,16025.7998046875,34339.1015625,25.280000686645508,27566.099609375,12543.849609375,11011.5,-9.888187329383602,-1.3207884249654578,25.280000686645508
2022-05-26,16170.150390625,35094.4921875,22.719999313354492,27932.55078125,12557.5,11097.150390625,-8.513737773733876,2.281870223325644,22.719999313354492
2022-05-27,16352.4501953125,35612.88671875,21.479999542236328,28641.599609375,12669.9501953125,11270.25,-6.718941110224996,0.5305484248887771,21.479999542236328
2022-05-30,16661.400390625,35826.53125,19.979999542236328,29753.30078125,12671.150390625,11491.400390625,-4.65934017790155,2.7549087552148244,19.979999542236328
2022-05-31,16584.55078125,35486.984375,20.479999542236328,29679.05078125,12604.4501953125,11586.599609375,-3.4302527184120746,2.848968099498106,20.479999542236328
2022-06-01,16522.75,35620.38671875,20.850000381469727,29260.75,12443.75,11563.0,-2.5703719375332668,3.100938495232808,20.850000381469727
2022-06-02,16628.0,35613.234375,20.31999969482422,29792.400390625,12500.349609375,11491.400390625,-2.9676379321702973,2.8314492958608994,20.31999969482422
2022-06-03,16584.30078125,35274.640625,19.979999542236328,29903.80078125,12418.7998046875,11282.150390625,-4.647372136878891,1.4178339219401037,19.979999542236328
2022-06-06,16569.55078125,35309.7890625,20.200000762939453,29819.80078125,12412.400390625,11303.150390625,-3.508037613122239,-0.5512718452326593,20.200000762939453
2022-06-07,16416.349609375,34995.59375,20.43000030517578,29351.69921875,12279.650390625,11362.2001953125,-3.170940306819181,-1.0142039666528824,20.43000030517578
2022-06-08,16356.25,34945.7421875,19.84000015258789,29472.150390625,12317.7998046875,11382.349609375,-4.909950367953886,-1.0077015024738567,19.84000015258789
2022-06-09,16478.099609375,35085.04296875,19.139999389648438,29761.55078125,12465.900390625,11419.25,-3.288458824798446,-0.9014938093877767,19.139999389648438
2022-06-10,16201.7998046875,34483.3984375,19.579999923706055,29114.30078125,12419.2001953125,11394.0,-6.049567437034131,-2.306403999829465,19.579999923706055
2022-06-13,15774.400390625,33405.46484375,22.3700008392334,27914.599609375,12191.849609375,11165.650390625,-7.765802935554433,-4.798865105774541,22.3700008392334
2022-06-14,15732.099609375,33310.96484375,21.889999389648438,27953.349609375,12218.5,11104.150390625,-7.832867758681705,-4.168100803660035,21.889999389648438
2022-06-15,15692.150390625,33338.61328125,22.149999618530273,27812.44921875,12261.349609375,11206.75,-5.908819265549747,-4.060219239587315,22.149999618530273
2022-06-16,15360.599609375,32616.720703125,22.8700008392334,27136.44921875,12066.650390625,10956.599609375,-7.924704709947894,-6.781728636742878,22.8700008392334
2022-06-17,15293.5,32742.669921875,22.760000228881836,26732.44921875,11803.9501953125,10830.900390625,-6.810876685200695,-5.606166078071839,22.760000228881836
2022-06-20,15350.150390625,32684.419921875,22.40999984741211,26966.19921875,11847.900390625,10754.7001953125,-5.837983060539886,-2.6894841610089926,22.40999984741211
2022-06-21,15638.7998046875,33191.36328125,21.139999389648438,27810.650390625,12098.349609375,10974.2001953125,-3.702266971043744,-0.5930537372894618,21.139999389648438
2022-06-22,15413.2998046875,32844.91796875,21.299999237060547,27488.400390625,11939.0498046875,10881.400390625,-4.662554341227576,-1.7770068409750595,21.299999237060547
2022-06-23,15556.650390625,33134.61328125,20.8799991607666,28027.80078125,12127.2001953125,11359.5,-1.590015241491649,1.2763224498758774,20.8799991607666
2022-06-24,15699.25,33627.05859375,20.549999237060547,27777.80078125,12178.400390625,11583.25,-0.5252794364083879,2.6530879131657192,20.549999237060547
2022-06-27,15832.0498046875,33810.85546875,21.010000228881836,28345.94921875,12221.5498046875,11686.0498046875,-0.06470020215730843,3.1393791057370724,21.010000228881836
2022-06-28,15850.2001953125,33642.05859375,21.450000762939453,28509.099609375,12214.5498046875,11832.5498046875,-2.5160961067773546,1.3517686348388125,21.450000762939453
2022-06-29,15799.099609375,33269.51171875,21.899999618530273,28140.099609375,12210.9501953125,11850.5,-2.7166998184673607,2.503031859343774,21.899999618530273
2022-06-30,15780.25,33424.71484375,21.84000015258789,27843.349609375,12159.349609375,11701.150390625,-0.1843864403756057,1.4373248981011333,21.84000015258789
2022-07-01,15752.0498046875,33539.05859375,21.25,28064.25,12260.900390625,11711.9501953125,-3.1605547323219296,0.3363205547239456,21.25
2022-07-04,15835.349609375,33940.50390625,20.969999313354492,27890.650390625,12218.2001953125,11692.099609375,-2.339547332778724,0.020842561312073293,20.969999313354492
2022-07-05,15810.849609375,33815.50390625,20.790000915527344,27695.150390625,12233.75,11649.7998046875,-1.9491339530869234,-0.2482655452461624,20.790000915527344
2022-07-06,15989.7998046875,34323.8515625,20.270000457763672,28007.599609375,12331.150390625,11952.2001953125,-0.22463777433104903,1.2070320463030804,20.270000457763672
2022-07-07,16132.900390625,34919.89453125,19.200000762939453,28196.349609375,12389.7001953125,12114.099609375,-0.2303627307114975,2.234757945057897,19.200000762939453
2022-07-08,16220.599609375,35123.640625,18.399999618530273,28250.30078125,12449.4501953125,12124.599609375,-0.8063047700050174,2.974532270384711,18.399999618530273
2022-07-11,16216.0,35469.234375,18.3700008392334,27380.55078125,12564.849609375,12252.5,-2.6732470271563558,2.4038016211504587,18.3700008392334
2022-07-12,16058.2998046875,35131.83984375,18.549999237060547,27063.75,12450.650390625,12107.349609375,-3.1731397702822517,1.5650657708221827,18.549999237060547
2022-07-13,15966.650390625,34827.39453125,18.520000457763672,26949.75,12622.2998046875,12099.349609375,-3.3656601314853707,-0.14477613444362492,18.520000457763672
2022-07-14,15938.650390625,34650.796875,18.34000015258789,26523.30078125,12721.0,12115.2998046875,-4.145715716712772,-1.2040612369545234,18.34000015258789
2022-07-15,16049.2001953125,34682.24609375,17.600000381469727,26484.75,12732.0,12361.650390625,-3.226548969387233,-1.0566774237090293,17.600000381469727
2022-07-18,16278.5,35358.2890625,17.15999984741211,27322.94921875,12713.4501953125,12408.7001953125,-1.7565399635296797,0.38542180562406436,17.15999984741211
2022-07-19,16340.5498046875,35719.9375,17.200000762939453,27346.150390625,12682.2001953125,12538.900390625,-0.4617336161275021,1.7576580549181875,17.200000762939453
2022-07-20,16520.849609375,35971.68359375,16.81999969482422,28146.349609375,12711.5,12511.2998046875,1.0063407527703516,3.470979856084311,16.81999969482422
2022-07-21,16605.25,36200.578125,16.860000610351562,28342.900390625,12651.75,12581.349609375,0.7716326132211293,4.1822839013213375,16.860000610351562
2022-07-22,16719.44921875,36738.5234375,16.649999618530273,28168.150390625,12617.5498046875,12634.2001953125,3.195011790682245,4.176214485960861,16.649999618530273
2022-07-25,16631.0,36725.97265625,17.68000030517578,28216.0,12488.7998046875,12423.7001953125,5.430314865622998,2.165432933009792,17.68000030517578
2022-07-26,16483.849609375,36408.078125,18.170000076293945,27418.849609375,12341.900390625,12276.5,4.778446734166497,0.8769582810878918,18.170000076293945
2022-07-27,16641.80078125,36783.32421875,18.1299991607666,27878.80078125,12628.9501953125,12326.349609375,6.0517543293005405,0.7321122989120576,18.1299991607666
2022-07-28,16929.599609375,37377.71484375,17.010000228881836,28663.05078125,12660.650390625,12383.7001953125,10.214445008008655,1.9532955503530403,17.010000228881836
2022-07-29,17158.25,37490.9609375,16.549999237060547,29152.30078125,12776.5498046875,12543.2001953125,12.193088567038291,2.6244930410620704,16.549999237060547
2022-08-01,17340.05078125,37902.7578125,17.489999771118164,29220.0,12766.849609375,12953.650390625,12.963393452094895,4.263428424328053,17.489999771118164
2022-08-02,17345.44921875,38023.55859375,18.530000686645508,29024.650390625,12780.400390625,13023.650390625,10.912918097148072,5.22693199581834,18.530000686645508
2022-08-03,17388.150390625,37988.80859375,18.450000762939453,29416.94921875,12682.0,12919.400390625,12.812639804339021,4.484788750841773,18.450000762939453
2022-08-04,17382.0,37755.11328125,19.260000228881836,29782.900390625,12982.349609375,12945.7001953125,11.733564511258932,2.672245068185064,19.260000228881836
2022-08-05,17397.5,37920.16015625,18.920000076293945,29973.55078125,12939.75,12804.349609375,10.817395735465073,1.3943729692713402,18.920000076293945
2022-08-08,17525.099609375,38236.953125,19.299999237060547,29967.69921875,12940.25,12927.9501953125,10.693813028469812,1.0671758143009358,19.299999237060547
2022-08-10,17534.75,38287.40625,19.59000015258789,29701.150390625,12950.7001953125,12951.650390625,10.62794024005882,1.0913570404701423,19.59000015258789
2022-08-11,17659.0,38879.3984375,18.360000610351562,30233.69921875,13014.2001953125,12923.5498046875,11.772192318613882,1.557667740906088,18.360000610351562
2022-08-12,17698.150390625,39041.84765625,17.610000610351562,29885.900390625,12864.0,12923.75,12.153802320147022,1.8188378243297665,17.610000610351562
2022-08-16,17825.25,39239.19140625,17.68000030517578,29909.0,12933.849609375,13250.0,13.161462927164912,2.4586865929012713,17.68000030517578
2022-08-17,17944.25,39461.2421875,17.68000030517578,30256.900390625,12979.25,13194.25,13.317674965486503,2.3917147403874184,17.68000030517578
2022-08-18,17956.5,39655.6875,17.350000381469727,30018.900390625,12935.75,13131.900390625,13.57074694678484,2.4052239125165853,17.350000381469727
2022-08-19,17758.44921875,38985.49609375,18.290000915527344,30036.099609375,12799.9501953125,12946.4501953125,11.061110430813592,0.5631644982728279,18.290000915527344
2022-08-22,17490.69921875,38297.3046875,19.040000915527344,29478.900390625,12588.25,12695.75,8.41633429357831,-1.1721630074117306,19.040000915527344
2022-08-23,17577.5,38697.19921875,19.049999237060547,28957.849609375,12683.5498046875,12925.75,8.365291193309243,-1.3898823298410967,19.049999237060547
2022-08-24,17604.94921875,39038.046875,18.43000030517578,28859.849609375,12644.0,12913.349609375,8.565301052972373,-1.8908607562311053,18.43000030517578
2022-08-25,17522.44921875,38950.296875,19.56999969482422,28608.650390625,12593.25,12877.900390625,9.117711288682685,-2.4172348801269727,19.56999969482422
2022-08-26,17558.900390625,38986.6953125,18.219999313354492,28691.599609375,12580.4501953125,12929.150390625,9.972348370168538,-1.1236838626331735,18.219999313354492
2022-08-29,17312.900390625,38276.25390625,19.81999969482422,27678.94921875,12545.75,12886.400390625,8.622122741385452,-1.016533563932076,19.81999969482422
2022-08-30,17759.30078125,39536.2890625,18.700000762939453,28407.900390625,12699.400390625,13217.349609375,10.655363289922516,1.0342812188877781,18.700000762939453
2022-09-01,17542.80078125,39300.79296875,19.8700008392334,27846.80078125,12555.0,13266.150390625,7.766690919003594,-0.35301685183964926,19.8700008392334
2022-09-02,17539.44921875,39420.54296875,19.549999237060547,27745.80078125,12506.150390625,13220.650390625,7.336958844056651,0.09701840072566803,19.549999237060547
2022-09-05,17665.80078125,39805.2890625,19.65999984741211,27836.599609375,12565.5498046875,13246.099609375,6.930340744856611,0.6088102799539641,19.65999984741211
2022-09-06,17655.599609375,39666.0390625,19.520000457763672,27742.80078125,12598.0,13225.2998046875,6.3254067802351654,1.9794442930866296,19.520000457763672
2022-09-07,17624.400390625,39455.44140625,19.3700008392334,27832.400390625,12696.2998046875,13072.650390625,5.412565689425608,-0.7596041774765472,19.3700008392334
2022-09-08,17798.75,40208.48046875,18.309999465942383,28102.400390625,12689.9501953125,13151.400390625,7.02152606578077,1.4589986054197368,18.309999465942383
2022-09-09,17833.349609375,40415.23046875,17.719999313354492,28724.05078125,12689.2998046875,13219.599609375,8.186801214398898,1.6756534766828146,17.719999313354492
2022-09-12,17936.349609375,40573.52734375,17.940000534057617,29131.19921875,12715.25,13256.099609375,7.778898721005856,1.5314835227404622,17.940000534057617
2022-09-13,18070.05078125,40872.625,17.469999313354492,29116.849609375,12745.599609375,13264.150390625,6.736433218677296,2.347420541044265,17.469999313354492
2022-09-14,18003.75,41404.91796875,18.280000686645508,28137.650390625,12682.2001953125,13222.25,4.927658706453153,2.1524114350964796,18.280000686645508
2022-09-15,17877.400390625,41208.71875,18.389999389648438,27734.349609375,12518.849609375,13315.5,3.0988929395526554,0.44188715850832505,18.389999389648438
2022-09-16,17530.849609375,40776.328125,19.81999969482422,26706.44921875,12346.849609375,12954.4501953125,1.0688705048041536,-1.6962601341083738,19.81999969482422
2022-09-19,17622.25,40903.921875,19.940000534057617,26810.150390625,12369.599609375,13074.0,1.3463169118965945,-1.7511902712401772,19.940000534057617
2022-09-20,17816.25,41467.8203125,18.799999237060547,27020.599609375,12750.7001953125,13291.349609375,2.4982740766309908,-1.4045382844930954,18.799999237060547
2022-09-21,17718.349609375,41202.96875,19.329999923706055,26843.25,12573.5498046875,13223.4501953125,1.8442282475930494,-1.5852274699715285,19.329999923706055
2022-09-22,17629.80078125,40630.12890625,18.81999969482422,26782.650390625,12612.849609375,13320.75,0.59743553080287,-1.384986653343867,18.81999969482422
2022-09-23,17327.349609375,39545.7890625,20.59000015258789,26592.349609375,12610.650390625,13093.5,-1.1827963935898689,-1.1608108251135452,20.59000015258789
2022-09-26,17016.30078125,38615.80078125,21.889999389648438,26743.650390625,12475.5,12594.349609375,-3.639499511580502,-3.438546262537412,21.889999389648438
2022-09-27,17007.400390625,38358.703125,21.56999969482422,27004.150390625,12598.0,12529.7998046875,-3.902950222221535,-4.539954307865013,21.56999969482422
2022-09-28,16858.599609375,37759.4140625,22.100000381469727,27067.650390625,12705.400390625,12537.349609375,-5.4229275360794365,-4.85231423329121,22.100000381469727
2022-09-29,16818.099609375,37647.3125,21.299999237060547,26819.05078125,12874.2998046875,12497.349609375,-6.275828695125174,-4.604142621613039,21.299999237060547
2022-09-30,17094.349609375,38631.5,19.969999313354492,26981.150390625,12971.900390625,12699.2998046875,-4.801327600729543,-1.3446949778974537,19.969999313354492
2022-10-03,16887.349609375,38029.20703125,21.3700008392334,26729.099609375,13118.9501953125,12441.0498046875,-4.9052684648570715,-0.7578096645840304,21.3700008392334
2022-10-04,17274.30078125,39109.59765625,19.56999969482422,27496.94921875,13233.4501953125,12690.5498046875,-1.2372200493163898,1.5693191463412859,19.56999969482422
2022-10-06,17331.80078125,39282.39453125,19.31999969482422,27928.75,13188.0,12784.5498046875,-1.397805255297968,2.8068830320393534,19.31999969482422
2022-10-07,17314.650390625,39177.59375,18.809999465942383,27733.599609375,13134.7001953125,12761.9501953125,-1.648961462585874,2.9524785367141204,18.809999465942383
2022-10-10,17241.0,39092.6484375,19.6200008392334,28027.599609375,13028.400390625,12693.599609375,-1.606220769918587,0.8578880973896474,19.6200008392334
2022-10-11,16983.55078125,38712.0,20.489999771118164,27469.5,12826.7998046875,12488.349609375,-3.276683599630126,0.5696641219625986,20.489999771118164
2022-10-12,17123.599609375,39118.09765625,20.18000030517578,27694.650390625,12839.349609375,12598.2998046875,-1.093408827977238,-0.8724009948846922,20.18000030517578
2022-10-13,17014.349609375,38623.55078125,20.290000915527344,27506.19921875,12867.150390625,12562.75,-4.194710034200833,-1.831611013083112,20.290000915527344
2022-10-14,17185.69921875,39305.14453125,18.260000228881836,27954.05078125,12950.4501953125,12478.25,-2.035601765948769,-0.7447518082422278,18.260000228881836
2022-10-17,17311.80078125,39919.984375,18.420000076293945,28019.150390625,12982.400390625,12562.5498046875,-1.2979223843394116,0.41065356562843824,18.420000076293945
2022-10-18,17486.94921875,40318.28125,17.450000762939453,28315.19921875,13008.25,12732.650390625,-1.0124169558723195,2.964035283220956,17.450000762939453
2022-10-19,17512.25,40372.73046875,17.489999771118164,28060.349609375,13021.75,12721.0498046875,-0.8119215010906955,2.2696769341197243,17.489999771118164
2022-10-20,17563.94921875,40099.0859375,17.229999542236328,28432.19921875,13089.2001953125,12729.599609375,-0.34299704123356145,3.2302122737161154,17.229999542236328
2022-10-21,17576.30078125,40783.578125,17.280000686645508,28336.94921875,12979.400390625,12695.650390625,-1.2498024791066764,2.272829039588009,17.280000686645508
2022-10-24,17730.75,41304.41796875,17.420000076293945,28534.30078125,13061.099609375,12794.650390625,-0.5753243872988589,2.4200210252173893,17.420000076293945
2022-10-25,17656.349609375,41122.2734375,16.8799991607666,28722.849609375,13112.2001953125,12952.7998046875,-1.561075726655381,0.9687246672127614,16.8799991607666
2022-10-27,17736.94921875,41298.8203125,16.600000381469727,28572.19921875,13228.0498046875,12979.400390625,-1.8433902955360626,1.2830973675570068,16.600000381469727
2022-10-28,17786.80078125,40990.375,15.920000076293945,28318.349609375,13048.2998046875,13190.900390625,-1.2050223911685087,1.2688009952915413,15.920000076293945
2022-10-31,18012.19921875,41307.41796875,15.800000190734863,28727.599609375,13212.25,13381.650390625,0.7540180629152848,2.480035150314497,15.800000190734863
2022-11-01,18145.400390625,41289.0703125,16.1299991607666,29270.650390625,13492.0498046875,13416.900390625,3.505539063670682,2.3385947612199143,16.1299991607666
2022-11-02,18082.849609375,41146.171875,16.65999984741211,29138.650390625,13556.900390625,13318.25,2.6137389344436768,2.4155615936237496,16.65999984741211
2022-11-03,18052.69921875,41297.87109375,15.9399995803833,28795.75,13559.9501953125,13262.650390625,1.3271548095137975,1.7801821277484198,15.9399995803833
2022-11-04,18117.150390625,41257.96875,15.65999984741211,28693.05078125,13422.150390625,13271.7001953125,2.2507783740703946,1.8572739046093023,15.65999984741211
2022-11-07,18202.80078125,41686.21484375,15.59000015258789,28741.30078125,13230.0,13443.900390625,3.25017853071492,1.0581804042095522,15.59000015258789
2022-11-09,18157.0,41782.71484375,15.920000076293945,28626.80078125,13079.5,13341.400390625,4.788097483622744,0.0639258937542797,15.920000076293945
2022-11-10,18028.19921875,41603.265625,15.569999694824219,28505.75,12983.099609375,13080.75,5.946641696737021,-0.3022222260625762,15.569999694824219
2022-11-11,18349.69921875,42136.5625,14.40999984741211,29591.94921875,13015.650390625,13040.900390625,7.892439745611668,1.6451833401817773,14.40999984741211
2022-11-14,18329.150390625,42076.26171875,14.90999984741211,29849.30078125,13019.849609375,13071.400390625,8.7228525222951,1.1701619483696746,14.90999984741211
2022-11-15,18403.400390625,42372.20703125,14.640000343322754,29865.30078125,13036.900390625,13155.5498046875,9.426158829302555,1.1020260661295023,14.640000343322754
2022-11-16,18409.650390625,42534.8046875,15.100000381469727,29951.5,12998.5,13105.9501953125,7.6943598984816175,1.391476513878942,15.100000381469727
2022-11-17,18343.900390625,42457.55859375,14.880000114440918,29681.400390625,12948.25,12927.400390625,8.625099941327651,1.7511520038377304,14.880000114440918
2022-11-18,18307.650390625,42436.95703125,14.390000343322754,29669.25,12861.400390625,12774.900390625,5.982005422162295,-0.2291526832332691,14.390000343322754
2022-11-21,18159.94921875,42346.05859375,14.800000190734863,29209.55078125,12794.599609375,12696.099609375,4.778201918844527,-0.9231261038784577,14.800000190734863
2022-11-22,18244.19921875,42456.55859375,13.84000015258789,29446.900390625,12836.349609375,12745.5,5.368568276887098,-0.86506389306239,13.84000015258789
2022-11-23,18267.25,42728.60546875,14.039999961853027,29405.650390625,12876.9501953125,12774.75,5.952380952380953,-0.77350947792858,14.039999961853027
2022-11-24,18484.099609375,43074.8984375,13.479999542236328,30178.650390625,12888.150390625,12845.599609375,8.835306865167558,0.7642824904438017,13.479999542236328
2022-11-25,18512.75,42983.44921875,13.329999923706055,30334.599609375,12968.4501953125,12958.0,8.112490494489567,1.1202945489937166,13.329999923706055
2022-11-28,18562.75,43019.94921875,13.569999694824219,30309.650390625,12993.9501953125,13036.400390625,9.100555861223292,2.218072178495478,13.569999694824219
2022-11-29,18618.05078125,43052.94921875,13.619999885559082,30345.650390625,13087.349609375,13007.650390625,8.334555052245252,2.0491530377271028,13.619999885559082
2022-11-30,18758.349609375,43230.49609375,13.8100004196167,30391.69921875,13144.2001953125,13231.849609375,8.35585417371325,2.6884156584871866,13.8100004196167
2022-12-01,18812.5,43260.14453125,13.359999656677246,31120.5,13120.650390625,13191.75,7.580228916252052,1.7766642550359313,13.359999656677246
2022-12-02,18696.099609375,43103.25,13.449999809265137,31052.099609375,13086.9501953125,13046.349609375,6.760122824736969,0.9903963991033216,13.449999809265137
2022-12-05,18701.05078125,43332.4453125,13.729999542236328,30891.5,13052.900390625,13007.5498046875,6.474065418534192,0.7450446795329357,13.729999542236328
2022-12-06,18642.75,43138.05078125,14.039999961853027,30443.0,12955.349609375,12973.7998046875,6.067540787010572,0.13266275315391152,14.039999961853027
2022-12-07,18560.5,43098.19921875,14.079999923706055,30187.05078125,12869.7998046875,12870.650390625,4.679723079959963,-1.0547282330004126,14.079999923706055
2022-12-08,18609.349609375,43596.34375,13.399999618530273,30115.0,12728.7001953125,12908.150390625,5.397491673442989,-1.0798691860465115,13.399999618530273
2022-12-09,18496.599609375,43632.94140625,13.479999542236328,29168.44921875,12774.7001953125,12869.400390625,4.282869512993592,-1.0670674855624007,13.479999542236328
2022-12-12,18497.150390625,43708.2421875,13.319999694824219,29050.5,12758.0498046875,12874.349609375,3.993689579768711,-1.0903151539989109,13.319999694824219
2022-12-13,18608.0,43946.0390625,12.880000114440918,29376.55078125,12797.75,12931.0,3.3077625558893153,-0.1863995386946704,12.880000114440918
2022-12-14,18660.30078125,44048.58984375,12.890000343322754,29713.900390625,12883.599609375,13004.099609375,2.837635872124533,0.5377052409687222,12.890000343322754
2022-12-15,18414.900390625,43497.6953125,13.729999542236328,29087.94921875,12816.099609375,12912.900390625,1.8362746382508677,-1.0449006699946195,13.729999542236328
2022-12-16,18269.0,43218.99609375,14.069999694824219,28702.19921875,12636.2001953125,12775.25,1.1981631036390716,-1.2304943296693405,14.069999694824219
2022-12-19,18420.44921875,43413.24609375,13.550000190734863,28556.44921875,12646.4501953125,12978.7998046875,1.6740978663065453,-0.4146648010921461,13.550000190734863
2022-12-20,18385.30078125,43358.99609375,13.779999732971191,28612.5,12618.4501953125,12879.400390625,1.0025929646386489,-1.196792878063202,13.779999732971191
2022-12-21,18199.099609375,42617.453125,15.5600004196167,28764.25,12920.400390625,12695.4501953125,0.23186434639532738,-2.471563439847757,15.5600004196167
2022-12-22,18127.349609375,42408.30859375,15.1899995803833,28763.900390625,12892.75,12554.7001953125,0.5499739015635052,-1.5615114670747388,15.1899995803833
2022-12-23,17806.80078125,41667.56640625,16.15999984741211,28237.05078125,12784.4501953125,12236.0,-2.9586230871035624,-2.5299645232360835,16.15999984741211
2022-12-26,18014.599609375,42629.65234375,,28385.69921875,12677.099609375,,-1.7161230856116871,-2.203255765130252,
2022-12-27,18132.30078125,42859.0,15.289999961853027,28636.25,12694.75,12522.75,-1.4730952086066784,-1.3760993252719511,15.289999961853027
2022-12-28,18122.5,42827.203125,15.399999618530273,28583.44921875,12624.150390625,12605.4501953125,-1.5597818781568518,-0.4208977972489425,15.399999618530273
2022-12-29,18191.0,43251.84765625,14.8100004196167,28687.19921875,12634.2998046875,12634.599609375,-0.8335217013233587,0.3511290508353193,14.8100004196167
2022-12-30,18105.30078125,42985.94921875,14.869999885559082,28621.69921875,12597.599609375,12611.7001953125,-1.1052735061983676,1.6763258244249624,14.869999885559082
2023-01-02,18197.44921875,43203.1015625,14.6899995803833,28737.30078125,12551.400390625,12667.75,0.2064983747932514,1.0150079010351254,14.6899995803833
2023-01-03,18232.55078125,43425.25,14.390000343322754,28962.30078125,12641.75,12614.75,-0.06384734873990938,0.5528807469577401,14.390000343322754
2023-01-04,18042.94921875,42958.80078125,15.199999809265137,28677.80078125,12622.75,12512.0498046875,-1.2278847732964726,-0.43896140847012877,15.199999809265137
2023-01-05,17992.150390625,42608.69921875,14.979999542236328,28527.75,12753.2001953125,12656.650390625,-2.6614724500861664,-1.0931208255456015,14.979999542236328
2023-01-06,17859.44921875,42188.80078125,15.029999732971191,27956.44921875,12654.9501953125,12627.7998046875,-3.528923478413526,-1.3578982501887271,15.029999732971191
2023-01-09,18101.19921875,42582.75,14.649999618530273,28748.150390625,12770.599609375,12783.0,-2.4864353678738293,-0.52892028351329,14.649999618530273
2023-01-10,17914.150390625,42014.75,15.510000228881836,28502.69921875,12766.599609375,12819.099609375,-3.7807415980081527,-1.7463293778533506,15.510000228881836
2023-01-11,17895.69921875,42232.69921875,15.4399995803833,28596.349609375,12682.25,12753.0498046875,-4.598754200603372,-0.8161082659756125,15.4399995803833
2023-01-12,17858.19921875,42082.25,15.279999732971191,28720.30078125,12671.4501953125,12769.400390625,-5.072695182724251,-0.744497844708969,15.279999732971191
2023-01-13,17956.599609375,42371.25,14.460000038146973,28933.75,12668.7998046875,12832.400390625,-3.955370454001994,0.5439719301254087,14.460000038146973
2023-01-16,17894.849609375,42167.55078125,15.020000457763672,29264.650390625,12659.400390625,12748.7998046875,-4.310993971971411,-1.1399775610516083,15.020000457763672
2023-01-17,18053.30078125,42235.05078125,14.59000015258789,29498.0,12648.0,12821.849609375,-3.16181474701962,0.7767624341136647,14.59000015258789
2023-01-18,18165.349609375,42458.0,14.369999885559082,29617.80078125,12734.5,12817.599609375,-2.1289856987958267,1.5067887950557246,14.369999885559082
2023-01-19,18107.849609375,42328.8515625,13.960000038146973,29632.349609375,12699.0498046875,12763.0,-2.6948819304644323,1.3979594894589553,13.960000038146973
2023-01-20,18027.650390625,42506.80078125,13.789999961853027,29529.650390625,12606.4501953125,12691.7001953125,-2.535326647349345,0.3956806009802971,13.789999961853027
2023-01-23,18118.55078125,42821.25,13.619999885559082,30086.0,12718.4501953125,12797.0498046875,-2.0467996495659557,1.2500869063342357,13.619999885559082
2023-01-24,18118.30078125,42733.44921875,13.65999984741211,30316.900390625,12593.849609375,12960.849609375,-2.6316596020528826,0.3600449623456514,13.65999984741211
2023-01-25,17891.94921875,41647.6484375,14.65999984741211,30043.900390625,12440.099609375,12957.150390625,-4.117573299097332,-1.5050653937532799,14.65999984741211
2023-01-27,17604.349609375,40345.30078125,17.31999969482422,29766.44921875,12508.0498046875,13089.7001953125,-4.401602854515851,-2.7805620814263965,17.31999969482422
2023-01-30,17648.94921875,40387.44921875,17.709999084472656,30094.849609375,12484.0,13076.849609375,-3.3940050426952806,-2.1006684935044984,17.709999084472656
2023-01-31,17662.150390625,40655.05078125,16.8799991607666,29740.349609375,12360.25,13323.900390625,-4.116614199360214,-2.5189674170701726,16.8799991607666
2023-02-01,17616.30078125,40513.0,16.780000686645508,30018.25,12355.7998046875,13206.849609375,-4.182689253494587,-2.770679248903418,16.780000686645508
2023-02-02,17610.400390625,40669.30078125,15.729999542236328,30566.75,12306.2998046875,13213.25,-3.2347711226699327,-1.5736062330757639,15.729999542236328
2023-02-03,17854.05078125,41499.69921875,14.399999618530273,30597.650390625,12184.599609375,13377.9501953125,-1.507660160002966,1.4184061178950103,14.399999618530273
2023-02-06,17764.599609375,41374.6484375,14.6899995803833,30411.099609375,12193.099609375,13360.150390625,-0.23699468755463693,0.6552820181619401,14.6899995803833
2023-02-07,17721.5,41490.94921875,14.130000114440918,30310.69921875,12191.400390625,13226.0498046875,-1.6270115113880657,0.33602708652340496,14.130000114440918
2023-02-08,17871.69921875,41537.6484375,13.600000381469727,30774.05078125,12357.2998046875,13257.349609375,-1.437222808312777,1.4497847230891647,13.600000381469727
2023-02-09,17893.44921875,41554.30078125,13.039999961853027,30990.849609375,12302.5,13187.849609375,-1.2639027796937485,1.6072821846554008,13.039999961853027
2023-02-10,17856.5,41559.3984375,12.75,30870.19921875,12327.0,13235.0498046875,-1.8388213951954224,0.013718000357498816,12.75
2023-02-13,17770.900390625,41282.19921875,13.680000305175781,30289.650390625,12268.099609375,13154.349609375,-1.8469750636305848,0.03546818610353775,13.680000305175781
2023-02-14,17929.849609375,41648.3515625,13.449999809265137,30588.75,12248.7998046875,13106.5498046875,-1.4705336234667188,1.1756883411393027,13.449999809265137
2023-02-15,18015.849609375,41731.05078125,12.859999656677246,30934.349609375,12237.099609375,13235.2001953125,-1.188540070311228,0.8065846949447675,12.859999656677246
2023-02-16,18035.849609375,41631.3515625,12.890000343322754,31434.849609375,12298.599609375,13206.0498046875,-0.03934838639141347,0.7958241526501375,12.890000343322754
2023-02-17,17944.19921875,41131.75,13.09000015258789,31054.849609375,12154.0498046875,13140.0,-0.26651162220157065,0.4911333057990186,13.09000015258789
2023-02-20,17844.599609375,40701.69921875,13.380000114440918,31222.349609375,12055.400390625,13177.400390625,-0.0831470735357831,0.41471854059167423,13.380000114440918
2023-02-21,17826.69921875,40673.6015625,14.010000228881836,30947.25,12019.5,13148.75,-1.5164741113708136,-0.5752998093808137,14.010000228881836
2023-02-22,17554.30078125,39995.8984375,15.59000015258789,30608.19921875,11991.849609375,12989.9501953125,-2.0087450508583404,-2.561904312771468,15.59000015258789
2023-02-23,17511.25,40001.55078125,15.079999923706055,30598.400390625,11968.2001953125,12982.25,-2.148277158945533,-2.9086492776160378,15.079999923706055
2023-02-24,17465.80078125,39909.3984375,14.1899995803833,30514.900390625,11996.2001953125,12869.099609375,-2.1973012658969893,-2.666033918081556,14.1899995803833
2023-02-27,17392.69921875,40307.1015625,13.880000114440918,29919.19921875,11902.5,12675.2998046875,-3.140351753071291,-2.5324210154179405,13.880000114440918
2023-02-28,17303.94921875,40269.05078125,14.020000457763672,29663.94921875,11747.099609375,12731.7998046875,-3.302069609545255,-2.9323992825894263,14.020000457763672
2023-03-01,17450.900390625,40698.1484375,13.0,30097.75,11764.599609375,12849.2998046875,-3.3367880916859716,-0.5890316675868035,13.0
2023-03-02,17321.900390625,40389.80078125,12.970000267028809,29717.44921875,11761.099609375,12738.7998046875,-4.643176359868695,-1.081302644728388,12.970000267028809
2023-03-03,17594.349609375,41251.3515625,12.180000305175781,29817.05078125,11781.7998046875,12787.0498046875,-2.8357867503723044,0.7360030595505274,12.180000305175781
2023-03-06,17711.44921875,41350.3984375,12.270000457763672,30179.75,11807.900390625,12909.5,-1.7539788326460748,1.8326655109195178,12.270000457763672
2023-03-08,17754.400390625,41577.1015625,12.449999809265137,30065.75,11750.150390625,13019.5,-2.009820735783352,2.603169751486001,12.449999809265137
2023-03-09,17589.599609375,41256.75,12.729999542236328,29742.349609375,11700.400390625,12781.2001953125,-2.918050529452154,0.7947969196163251,12.729999542236328
2023-03-10,17412.900390625,40485.44921875,13.40999984741211,29545.5,11683.9501953125,12741.599609375,-2.6774546600153437,0.5253465148041814,13.40999984741211
2023-03-13,17154.30078125,39564.69921875,16.219999313354492,29267.0,11597.349609375,12456.0,-2.556463817813137,-2.5010803916873603,16.219999313354492
2023-03-14,17043.30078125,39411.3984375,16.219999313354492,28784.69921875,11597.9501953125,12345.5498046875,-3.4316402069793916,-3.772409751725303,16.219999313354492
2023-03-15,16972.150390625,39051.5,16.299999237060547,28716.5,11633.9501953125,12282.0,-3.9066590689107117,-4.405949977409874,16.299999237060547
2023-03-16,16985.599609375,39132.6015625,16.219999313354492,28517.25,11743.2001953125,12304.900390625,-3.5802134608549085,-3.433847349646757,16.219999313354492
2023-03-17,17100.05078125,39598.1015625,14.770000457763672,28854.44921875,11676.150390625,12245.9501953125,-2.8980011700738384,-1.7966542181762968,14.770000457763672
2023-03-20,16988.400390625,39361.94921875,16.010000228881836,28442.94921875,11663.2998046875,12131.7001953125,-4.848481732414978,-0.9671066908558124,16.010000228881836
2023-03-21,17107.5,39894.69921875,15.079999923706055,28164.849609375,11633.75,12141.9501953125,-3.6989272138068685,0.37668301213475974,15.079999923706055
2023-03-22,17151.900390625,39999.05078125,14.8100004196167,28217.599609375,11754.7001953125,12201.349609375,-3.21417266808679,1.0590879521035212,14.8100004196167
2023-03-23,17076.900390625,39616.8984375,14.489999771118164,27999.25,11780.849609375,12205.7001953125,-4.44724823530569,0.5375187414614846,14.489999771118164
2023-03-24,16945.05078125,39395.3515625,15.239999771118164,27935.650390625,11755.349609375,12113.400390625,-5.300255003413213,-0.906430056745533,15.239999771118164
2023-03-27,16985.69921875,39431.30078125,15.449999809265137,27948.75,11882.75,12035.099609375,-4.8766599347576545,-0.01590009543506188,15.449999809265137
2023-03-28,16951.69921875,39567.8984375,15.100000381469727,27702.80078125,11873.2001953125,11917.9501953125,-4.609789902976258,-0.9107162428759308,15.100000381469727
2023-03-29,17080.69921875,39910.1484375,13.630000114440918,28011.30078125,11942.5,12121.2998046875,-4.735959358973119,-0.41512118338745685,13.630000114440918
2023-03-31,17359.75,40608.6484375,12.9399995803833,28698.599609375,12017.0498046875,12243.7998046875,-3.6417911094993927,1.6563287417796335,12.9399995803833
2023-04-03,17398.05078125,40813.05078125,12.59000015258789,28633.0,12067.9501953125,12425.849609375,-3.5362838010884357,2.6733469604071747,12.59000015258789
2023-04-05,17557.05078125,40999.1484375,12.40999984741211,28977.19921875,12181.849609375,12357.650390625,-2.1575130368340245,3.363721181812185,12.40999984741211
2023-04-06,17599.150390625,41041.0,11.800000190734863,28764.55078125,12274.349609375,12469.349609375,-1.3754817935004215,3.8193880360905874,11.800000190734863
2023-04-10,17624.05078125,40834.6484375,12.270000457763672,29041.599609375,12298.75,12616.75,-1.1367692639748794,3.1810850102877986,12.270000457763672
2023-04-11,17722.30078125,41366.5,11.979999542236328,28675.75,12300.0,12742.0498046875,0.9570304285742015,2.0884562349688274,11.979999542236328
2023-04-12,17812.400390625,41557.94921875,12.270000457763672,28980.349609375,12574.2001953125,12862.2001953125,1.7197538189735129,2.381586389100243,12.270000457763672
2023-04-13,17828.0,42132.55078125,11.90999984741211,28342.80078125,12478.900390625,12918.650390625,2.073762453186978,1.5432501855001668,11.90999984741211
2023-04-17,17706.849609375,42262.55078125,12.270000457763672,27008.19921875,12403.599609375,12996.150390625,1.8062198780873118,0.6119569204168673,12.270000457763672
2023-04-18,17660.150390625,42265.19921875,12.079999923706055,27166.94921875,12607.349609375,13005.099609375,2.058496400862242,0.20483151020767032,12.079999923706055
2023-04-19,17618.75,42154.0,12.149999618530273,26687.44921875,12625.2998046875,13002.5498046875,0.9618392496536954,-0.5842964890854119,12.149999618530273
2023-04-20,17624.44921875,42269.5,11.9399995803833,26637.150390625,12485.25,13032.349609375,1.746626070478663,-1.055170374308012,11.9399995803833
2023-04-21,17624.05078125,42118.0,11.630000114440918,26822.099609375,12545.75,12898.75,0.16881085424820252,-1.143982604610727,11.630000114440918
2023-04-24,17743.400390625,42635.75,11.670000076293945,27013.650390625,12454.349609375,12893.349609375,0.1803984048983187,0.20642170717171116,11.670000076293945
2023-04-25,17769.25,42678.5,11.520000457763672,26985.80078125,12456.599609375,12904.5498046875,0.08363903622925495,0.6177728216454792,11.520000457763672
2023-04-26,17813.599609375,42829.8984375,11.649999618530273,27065.0,12457.849609375,12972.75,1.2734798117895352,1.1059218694572603,11.649999618530273
2023-04-27,17915.05078125,43000.8515625,11.430000305175781,27355.25,12519.349609375,13071.7998046875,2.883783742858559,1.6488547181993107,11.430000305175781
2023-04-28,18065.0,43233.8984375,10.949999809265137,27708.19921875,12613.9501953125,13189.25,5.308868197912275,2.501974286292463,10.949999809265137
2023-05-02,18147.650390625,43352.1015625,11.899999618530273,28025.0,12590.2998046875,13283.150390625,6.479669774941366,2.2783118855481233,11.899999618530273
2023-05-03,18089.849609375,43312.69921875,11.84000015258789,27743.75,12586.7998046875,13278.599609375,6.585489717127357,1.804238273281089,11.84000015258789
2023-05-04,18255.80078125,43685.44921875,11.729999542236328,27883.19921875,12654.650390625,13292.5498046875,7.4781061669081605,2.4823796513439023,11.729999542236328
2023-05-05,18069.0,42661.19921875,12.300000190734863,27719.94921875,12608.349609375,13345.7998046875,5.66635287312971,0.8593289554675643,12.300000190734863
2023-05-08,18264.400390625,43284.0,12.640000343322754,27920.94921875,12663.099609375,13584.25,7.511007338302189,1.1037940250484324,12.640000343322754
2023-05-09,18265.94921875,43198.1484375,12.680000305175781,28125.5,12716.7001953125,13648.5,6.771586840567001,0.6518685646826894,12.680000305175781
2023-05-10,18315.099609375,43331.05078125,13.079999923706055,28091.75,12716.900390625,13750.849609375,6.7817512477263975,1.2451734252299396,13.079999923706055
2023-05-11,18297.0,43475.30078125,13.220000267028809,28102.0,12557.0498046875,13803.75,7.144736933904117,0.2256774120383387,13.220000267028809
2023-05-12,18314.80078125,43793.55078125,12.850000381469727,28028.400390625,12486.7001953125,13910.5,8.083481234034728,1.3603452390835047,12.850000381469727
2023-05-15,18398.849609375,44072.1015625,13.170000076293945,28165.400390625,12487.400390625,14007.849609375,8.319648031121773,0.7361271975783623,13.170000076293945
2023-05-16,18286.5,43903.69921875,13.289999961853027,28216.0,12454.5,13877.7001953125,7.874141488857944,0.11250869584649159,13.289999961853027
2023-05-17,18181.75,43698.69921875,13.109999656677246,27942.94921875,12398.5498046875,13889.900390625,6.4461692530791925,-0.7280856354542675,13.109999656677246
2023-05-18,18129.94921875,43752.30078125,12.800000190734863,27892.55078125,12241.349609375,13767.7001953125,4.43669533691442,-0.9129954705689447,12.800000190734863
2023-05-19,18203.400390625,43969.3984375,12.300000190734863,28303.650390625,12124.25,13863.5498046875,4.628964586325557,-0.608253357246713,12.300000190734863
2023-05-22,18314.400390625,43885.1015625,12.569999694824219,29007.30078125,12244.2001953125,13890.5,4.313649364070926,-0.4589918421147865,12.569999694824219
2023-05-23,18348.0,43954.44921875,12.609999656677246,28873.69921875,12314.2001953125,13982.599609375,4.255032730295372,0.33631367402182644,12.609999656677246
2023-05-24,18285.400390625,43677.8515625,13.109999656677246,28890.80078125,12440.4501953125,13989.599609375,3.752540307467811,0.5700792862348258,13.109999656677246
2023-05-25,18321.150390625,43681.3984375,12.520000457763672,28928.75,12455.5,14029.5,3.37907372618671,1.054615043693885,12.520000457763672
2023-05-26,18499.349609375,44018.0,11.899999618530273,29355.900390625,12601.5498046875,14130.4501953125,3.8565785839372646,1.6257908544516697,11.899999618530273
2023-05-29,18598.650390625,44311.8984375,12.300000190734863,29240.19921875,12624.2001953125,14219.599609375,4.322696828724482,1.5520573643541535,12.300000190734863
2023-05-30,18633.849609375,44436.3515625,12.010000228881836,29297.650390625,12604.7001953125,14177.849609375,5.235262175091804,1.5579333408273444,12.010000228881836
2023-05-31,18534.400390625,44128.1484375,11.970000267028809,29319.75,12678.400390625,14199.0,4.950410843976161,1.3617421258528273,11.970000267028809
2023-06-01,18487.75,43790.19921875,11.600000381469727,29446.25,12812.7998046875,14257.0,4.932245477119546,0.9093294133988961,11.600000381469727
2023-06-02,18534.099609375,43937.8515625,11.130000114440918,29328.150390625,12900.599609375,14388.599609375,5.1612982586557,0.1878444417440006,11.130000114440918
2023-06-05,18593.849609375,44101.6484375,11.140000343322754,29238.75,12934.5,14570.25,5.502701054156955,-0.025812524829327277,11.140000343322754
2023-06-06,18599.0,44164.55078125,11.380000114440918,28689.05078125,13012.900390625,14729.5,4.822072379243991,-0.1870231331987715,11.380000114440918
2023-06-07,18726.400390625,44275.30078125,11.4399995803833,28913.69921875,13045.650390625,14819.4501953125,5.3865548102761895,1.0359115803774133,11.4399995803833
2023-06-08,18634.55078125,43995.25,11.260000228881836,28591.099609375,12911.349609375,14692.0,4.60856418622404,0.7940435220619158,11.260000228881836
2023-06-09,18563.400390625,43989.0,11.119999885559082,28355.349609375,12861.0498046875,14626.0,3.619021889982954,0.15809120414556066,11.119999885559082
2023-06-12,18601.5,43944.19921875,11.25,28784.0,12856.0498046875,14673.849609375,2.969831165236636,0.04114473756495762,11.25
2023-06-13,18716.150390625,44079.8515625,11.109999656677246,28899.30078125,12993.75,14658.2998046875,3.13263694066801,0.6298746740416084,11.109999656677246
2023-06-14,18755.900390625,43988.0,11.15999984741211,28855.05078125,12976.7998046875,14682.7001953125,3.6819033636676712,0.1575316098376689,11.15999984741211
2023-06-15,18688.099609375,43443.6015625,11.079999923706055,28699.0,13160.599609375,14707.849609375,2.36800802827013,0.28736312859700686,11.079999923706055
2023-06-16,18826.0,43938.1484375,10.84000015258789,28588.80078125,13241.9501953125,14768.4501953125,4.189495821572864,1.4146094134112497,10.84000015258789
2023-06-19,18755.44921875,43633.75,11.229999542236328,28708.30078125,13264.650390625,14676.7001953125,2.6885570707103623,0.8276172284493288,11.229999542236328
2023-06-20,18816.69921875,43766.5,11.130000114440918,28930.80078125,13238.849609375,14785.650390625,3.0151731695096107,0.5372302852159505,11.130000114440918
2023-06-21,18856.849609375,43859.19921875,11.289999961853027,29025.69921875,13247.7001953125,14777.7001953125,2.9579418706666027,0.5382264601941467,11.289999961853027
2023-06-22,18771.25,43724.8515625,11.550000190734863,28811.150390625,13166.849609375,14702.099609375,2.5919549652948515,0.4449376467540178,11.550000190734863
2023-06-23,18665.5,43622.8984375,11.239999771118164,28554.30078125,13186.2998046875,14550.2001953125,1.9148404775935823,-0.852544353553597,11.239999771118164
2023-06-26,18691.19921875,43641.05078125,11.399999618530273,28590.099609375,13388.599609375,14717.849609375,1.5889559161679,-0.3425671081008774,11.399999618530273
2023-06-27,18817.400390625,44121.5,10.779999732971191,28800.150390625,13426.900390625,14729.900390625,2.903236762775818,0.003726327698871934,10.779999732971191
2023-06-28,18972.099609375,44327.80078125,10.890000343322754,28843.0,13622.75,14840.5498046875,4.346939152584328,0.6111837469536807,10.890000343322754
2023-06-30,19189.05078125,44747.3515625,10.800000190734863,29563.0,13767.5,15147.650390625,5.841723822395917,2.2257483185722737,10.800000190734863
2023-07-03,19322.55078125,45158.1015625,11.539999961853027,29424.80078125,13614.0,15106.849609375,6.148029305565217,3.5201349079853284,11.539999961853027
2023-07-04,19389.0,45301.44921875,11.699999809265137,29729.849609375,13675.4501953125,15035.0498046875,5.867511829243832,3.733311988617638,11.699999809265137
2023-07-05,19398.5,45151.80078125,11.880000114440918,29841.849609375,13772.0,15281.900390625,5.725419664268583,3.0880971723623807,11.880000114440918
2023-07-06,19497.30078125,45339.8984375,11.84000015258789,29805.19921875,13871.599609375,15453.7001953125,6.627694033138853,2.7682817542001192,11.84000015258789
2023-07-07,19331.80078125,44925.0,11.529999732971191,29560.44921875,13769.0,15498.849609375,5.51630421167304,0.7439138164118342,11.529999732971191
2023-07-10,19355.900390625,44860.8515625,11.460000038146973,29194.75,13751.7998046875,15403.2001953125,4.630167002281649,0.17259423847579836,11.460000038146973
2023-07-11,19439.400390625,44745.05078125,11.010000228881836,29324.80078125,13895.400390625,15617.4501953125,4.5204892954157305,0.25994321844859947,11.010000228881836
2023-07-12,19384.30078125,44639.44921875,10.9399995803833,29118.05078125,13936.7001953125,15614.900390625,4.027354452283638,-0.07319750882800458,10.9399995803833
2023-07-13,19413.75,44665.05078125,10.9399995803833,29628.19921875,13876.5498046875,15519.7001953125,4.744418976832887,-0.4285248619149806,10.9399995803833
2023-07-14,19564.5,44819.30078125,10.680000305175781,30945.5,13945.650390625,15576.099609375,5.824126786656025,1.2037120668846102,10.680000305175781
2023-07-17,19711.44921875,45449.75,11.319999694824219,31041.599609375,14053.7001953125,15526.7998046875,6.35234316308233,1.8369015181397108,11.319999694824219
2023-07-18,19749.25,45410.8515625,11.710000038146973,31371.150390625,14017.150390625,15513.7998046875,6.213884778558443,1.5939257546463859,11.710000038146973
2023-07-19,19833.150390625,45669.30078125,11.600000381469727,31353.55078125,14092.599609375,15513.150390625,6.635573905183079,2.3155315966266965,11.600000381469727
2023-07-20,19979.150390625,46186.8984375,11.789999961853027,31145.94921875,14299.0498046875,15577.0,6.689753363530371,2.9123708228703915,11.789999961853027
2023-07-21,19745.0,46075.19921875,11.489999771118164,29871.05078125,14274.0,15590.349609375,5.959087674210695,0.9225893838329613,11.489999771118164
2023-07-24,19672.349609375,45923.05078125,11.649999618530273,29843.44921875,14332.0498046875,15617.5498046875,5.973847438586999,-0.19835989196475,11.649999618530273
2023-07-25,19680.599609375,45845.0,10.239999771118164,29761.150390625,14383.25,15765.599609375,5.801142968980999,-0.3476101149410771,10.239999771118164
2023-07-26,19778.30078125,46062.3515625,10.460000038146973,29800.400390625,14478.349609375,15763.25,5.675047317193149,-0.2765552032567009,10.460000038146973
2023-07-27,19659.900390625,45679.30078125,10.510000228881836,29745.0,14919.9501953125,15572.0,4.819816597297866,-1.5979157960080426,10.510000228881836
2023-07-28,19646.05078125,45468.1015625,10.140000343322754,29490.25,14962.5498046875,15537.900390625,5.125995643743453,-0.5011355722967847,10.140000343322754
2023-07-31,19753.80078125,45651.1015625,10.40999984741211,29928.44921875,14992.150390625,15708.0498046875,4.9282948116965875,0.41403885907040916,10.40999984741211
2023-08-01,19733.55078125,45592.5,10.279999732971191,30288.650390625,15001.2998046875,15688.7001953125,5.215026049720972,0.26905263521430633,10.279999732971191
2023-08-02,19526.55078125,44995.69921875,11.279999732971191,30043.599609375,14943.400390625,15428.900390625,3.7724552762828045,-1.272859598933096,11.279999732971191
2023-08-03,19381.650390625,44513.44921875,11.1899995803833,29971.150390625,15099.2001953125,15379.7998046875,2.783077725714511,-1.4153174455181161,11.1899995803833
2023-08-04,19517.0,44879.5,10.569999694824219,30436.099609375,15241.0,15328.400390625,3.972830791769333,-0.656878996633592,10.569999694824219
2023-08-07,19597.30078125,44837.5,11.100000381469727,30779.25,15479.25,15390.900390625,4.992101905922697,-0.7922525985406659,11.100000381469727
2023-08-08,19570.849609375,44964.44921875,11.329999923706055,30824.94921875,15578.5,15343.650390625,4.7062276760850175,-0.8244900964786916,11.329999923706055
2023-08-09,19632.55078125,44880.69921875,11.140000343322754,30940.05078125,15696.849609375,15486.2001953125,4.33189693423921,0.5428506098567265,11.140000343322754
2023-08-10,19543.099609375,44541.80078125,11.399999618530273,30867.0,15580.7001953125,15444.7998046875,3.0096827012116467,0.833000366305714,11.399999618530273
2023-08-11,19428.30078125,44199.1015625,11.520000457763672,30819.150390625,15355.5,15378.099609375,1.2468047676114091,-0.4544715824665646,11.520000457763672
2023-08-14,19434.55078125,44090.94921875,12.0,31028.900390625,15305.400390625,15327.4501953125,0.5796336170516447,-0.8304715114425987,12.0
2023-08-16,19465.0,43946.3984375,12.130000114440918,31212.099609375,15398.7998046875,15425.0,0.3919748310897919,-0.5408534196915782,12.130000114440918
2023-08-17,19365.25,43891.3515625,12.239999771118164,31060.19921875,15358.4501953125,15399.25,-0.17140500554166938,-1.3615183489314342,12.239999771118164
2023-08-18,19310.150390625,43851.05078125,12.140000343322754,30604.05078125,15271.5,15391.75,-0.9598784607404598,-1.1919768276586584,12.140000343322754
2023-08-21,19393.599609375,44002.0,11.960000038146973,30937.599609375,15333.349609375,15427.599609375,0.3196744515644889,-0.17861146101099123,11.960000038146973
2023-08-22,19396.44921875,43993.25,11.75,30902.400390625,15302.599609375,15507.900390625,0.2094907873396501,-0.19605064675206618,11.75
2023-08-23,19444.0,44479.05078125,11.729999542236328,30924.099609375,15282.5,15498.099609375,0.023661271863195665,-0.10788594913948568,11.729999542236328
2023-08-24,19386.69921875,44496.19921875,11.699999809265137,31112.150390625,15193.150390625,15459.2998046875,0.012373092674655695,0.1107613831476506,11.699999809265137
2023-08-25,19265.80078125,44231.44921875,12.079999923706055,30914.55078125,15025.2001953125,15363.599609375,-0.7620847015646137,-0.22966993253730195,12.079999923706055
2023-08-28,19306.05078125,44494.6484375,12.399999618530273,30773.599609375,15161.7998046875,15475.25,-1.3210111106851663,-0.45143155416428327,12.399999618530273
2023-08-29,19342.650390625,44495.25,12.229999542236328,30866.05078125,15121.099609375,15578.900390625,-1.8709878915152967,-0.2773643130155712,12.229999542236328
2023-08-30,19347.44921875,44232.6015625,11.800000190734863,31103.900390625,15125.5,15678.099609375,-2.034511595377042,-0.4965582249022882,11.800000190734863
2023-08-31,19253.80078125,43989.1484375,12.0600004196167,31164.900390625,15095.900390625,15670.25,-2.921117411830121,-0.6855134853047451,12.0600004196167
2023-09-01,19435.30078125,44436.1015625,11.369999885559082,31514.349609375,15011.7998046875,15928.2998046875,-2.7220857681225286,0.8797973254502045,11.369999885559082
2023-09-04,19528.80078125,44578.30078125,10.960000038146973,32163.94921875,15052.599609375,15943.599609375,-1.0949567928589476,1.153783352814619,10.960000038146973
2023-09-05,19574.900390625,44532.1484375,10.819999694824219,32365.30078125,15218.25,15942.75,-0.4953613609202989,1.2007144590307384,10.819999694824219
2023-09-06,19611.05078125,44409.1015625,10.680000305175781,32312.30078125,15355.2998046875,15921.25,-0.35338774989289723,1.3624615809537222,10.680000305175781
2023-09-07,19727.05078125,44878.3515625,10.869999885559082,32448.349609375,15306.150390625,15995.849609375,-0.2591223612525173,2.4579562517384357,10.869999885559082
2023-09-08,19819.94921875,45156.3984375,10.779999732971191,32415.650390625,15250.5498046875,16102.900390625,0.8140876858222512,1.9791226378708116,10.779999732971191
2023-09-11,19996.349609375,45570.69921875,11.350000381469727,32642.80078125,15309.9501953125,16374.9501953125,1.7830495911133504,2.394150226438385,11.350000381469727
2023-09-12,19993.19921875,45511.3515625,11.6899995803833,32977.8984375,15328.650390625,16070.0498046875,1.2119107616354707,2.136914210431118,11.6899995803833
2023-09-13,20070.0,45909.44921875,11.829999923706055,32886.69921875,15448.9501953125,15995.9501953125,1.704960361566954,2.340258173156129,11.829999923706055
2023-09-14,20103.099609375,46000.8515625,11.319999694824219,33045.3984375,15489.2998046875,16169.650390625,2.9526404052815147,1.9062597460458797,11.319999694824219
2023-09-15,20192.349609375,46231.5,10.899999618530273,33355.05078125,15583.5498046875,16425.80078125,4.182818296743918,1.878916976602052,10.899999618530273
2023-09-18,20133.30078125,45979.8515625,10.84000015258789,33129.5,15503.4501953125,16563.900390625,3.1577639045447636,0.6848808635091741,10.84000015258789
2023-09-20,19901.400390625,45384.6015625,11.130000114440918,32949.19921875,15460.2001953125,16479.69921875,1.5517423178295742,-0.45915026965224204,11.130000114440918
2023-09-21,19742.349609375,44623.8515625,10.819999694824219,32919.94921875,15306.7001953125,16200.400390625,0.8763032950692473,-1.6325380698804182,10.819999694824219
2023-09-22,19674.25,44612.05078125,10.65999984741211,32906.30078125,15069.099609375,16234.349609375,0.21239837459035016,-2.133251178713791,10.65999984741211
2023-09-25,19674.55078125,44766.1015625,10.899999618530273,32648.599609375,15017.400390625,16221.5498046875,0.6726219202809691,-2.564331730293501,10.899999618530273
2023-09-26,19664.69921875,44624.19921875,11.1899995803833,32471.0,14981.650390625,16278.25,1.216773613717903,-2.3274949676230228,11.1899995803833
2023-09-27,19716.44921875,44588.30078125,11.59000015258789,32594.650390625,15159.7998046875,16283.400390625,1.4505014325927768,-0.9293374749755112,11.59000015258789
2023-09-28,19523.55078125,44300.94921875,12.819999694824219,31879.599609375,15023.150390625,16092.2001953125,0.3008003146673488,-1.1082714694764628,12.819999694824219
2023-09-29,19638.30078125,44584.55078125,11.449999809265137,31784.400390625,15422.75,16184.400390625,1.410003905190993,-0.18272218127756146,11.449999809265137
2023-10-03,19528.75,44399.05078125,11.789999961853027,31717.25,15281.2998046875,15990.599609375,1.1320450900327073,-0.7410628220744453,11.789999961853027
2023-10-04,19436.099609375,43964.05078125,11.65999984741211,31811.5,15067.150390625,15782.599609375,0.21914446444204483,-1.1624871900254297,11.65999984741211
2023-10-05,19545.75,44213.3515625,10.9399995803833,32125.400390625,15021.400390625,15916.099609375,0.7697325400448873,-0.8657705901104595,10.9399995803833
2023-10-06,19653.5,44360.6015625,10.300000190734863,32341.69921875,15128.4501953125,15990.650390625,1.0774531989302671,0.6656023804583855,10.300000190734863
2023-10-09,19512.349609375,43886.5,11.399999618530273,32308.55078125,15103.849609375,15832.849609375,0.6481267863457374,-0.6413547346991177,11.399999618530273
2023-10-10,19689.849609375,44360.1484375,11.270000457763672,32569.44921875,15106.7001953125,16028.7001953125,2.2010443943637936,0.8249355917557377,11.270000457763672
2023-10-11,19811.349609375,44516.8984375,10.989999771118164,32548.05078125,15176.599609375,16175.7998046875,2.617308085689629,1.9306857216300655,10.989999771118164
2023-10-12,19794.0,44599.19921875,10.619999885559082,32003.650390625,15186.2001953125,16301.7001953125,2.3334424200406323,1.2700970799278677,10.619999885559082
2023-10-13,19751.05078125,44287.94921875,10.619999885559082,31807.94921875,15235.0498046875,16444.94921875,2.0860711814602473,0.49635322588852393,10.619999885559082
2023-10-16,19731.75,44225.8984375,11.069999694824219,31750.400390625,15164.75,16519.349609375,2.4823629587745755,1.124418099394786,11.069999694824219
2023-10-17,19811.5,44409.5,10.699999809265137,31794.900390625,15211.9501953125,16522.75,1.935649069619405,0.6178330106039853,10.699999809265137
2023-10-18,19671.099609375,43888.69921875,10.970000267028809,31606.650390625,15331.2998046875,16535.400390625,0.728661374136319,-0.7079275403510721,10.970000267028809
2023-10-19,19624.69921875,43754.5,10.899999618530273,31540.05078125,15273.400390625,16618.0,0.25440143822570427,-0.8553136367080882,10.899999618530273
2023-10-20,19542.650390625,43723.05078125,10.819999694824219,31469.349609375,15107.150390625,16497.849609375,-0.3487849345145566,-1.055135713705102,10.819999694824219
2023-10-23,19281.75,43151.19921875,10.90999984741211,30848.400390625,14911.650390625,16277.849609375,-2.2573104626123164,-2.280588391805083,10.90999984741211
2023-10-25,19122.150390625,42832.0,11.3100004196167,30530.5,14800.150390625,16210.4501953125,-3.5206892834259707,-3.4795427371728582,11.3100004196167
2023-10-26,18857.25,42280.1484375,11.729999542236328,30225.650390625,14648.5498046875,15953.0498046875,-5.696537776279675,-4.13728579253968,11.729999542236328
2023-10-27,19047.25,42782.0,10.90999984741211,30599.69921875,14738.5,16169.150390625,-4.7313549392479,-2.942461498713256,10.90999984741211
2023-10-30,19140.900390625,43039.1484375,11.489999771118164,30641.0,14775.599609375,16023.4501953125,-4.629295512580967,-2.0557600528571474,11.489999771118164
2023-10-31,19079.599609375,42845.94921875,11.829999923706055,30582.25,14683.650390625,15916.2001953125,-5.091254681555146,-1.0484027156508091,11.829999923706055
2023-11-01,18989.150390625,42700.94921875,12.050000190734863,30344.849609375,14735.25,15835.650390625,-5.958688523258204,-0.6955284697750641,12.050000190734863
2023-11-02,19133.25,43017.19921875,11.079999923706055,30582.75,14834.4501953125,15948.650390625,-4.967147672980376,1.463628047567922,11.079999923706055
2023-11-03,19230.599609375,43318.25,10.880000114440918,30779.94921875,14882.349609375,16045.400390625,-3.370621001957208,0.9626040996731922,10.880000114440918
2023-11-06,19411.75,43619.3984375,11.109999656677246,30972.94921875,15072.2998046875,16172.75,-1.6745707371021767,1.415030661293537,11.109999656677246
2023-11-07,19406.69921875,43737.8984375,11.1899995803833,30981.599609375,15271.75,16143.75,-1.3599033317661435,1.7143945159848961,11.1899995803833
2023-11-08,19443.5,43658.6484375,11.039999961853027,30917.19921875,15497.25,16220.7998046875,-1.1743636935802049,2.3926800305890117,11.039999961853027
2023-11-09,19395.30078125,43683.6015625,10.979999542236328,30717.69921875,15491.849609375,16355.2998046875,-1.3699596139417847,1.3696093515215724,10.979999542236328
2023-11-10,19425.349609375,43820.1015625,11.109999656677246,30639.05078125,15516.5,16286.7001953125,-1.4764301936180724,1.0127089324092564,11.109999656677246
2023-11-13,19443.55078125,43891.25,11.1899995803833,30635.849609375,15497.150390625,16365.2998046875,-0.4097615279943345,0.16382233054721418,11.1899995803833
2023-11-15,19675.44921875,44201.69921875,11.140000343322754,31429.349609375,15516.25,16648.5,0.18916319651987035,1.3848310677188502,11.140000343322754
2023-11-16,19765.19921875,44161.55078125,11.649999618530273,32273.349609375,15651.099609375,16788.900390625,1.2107749791973266,1.6545334880551321,11.649999618530273
2023-11-17,19731.80078125,43583.94921875,11.829999923706055,32191.349609375,15804.5,16905.5,1.52140181321343,1.7349563370798737,11.829999923706055
2023-11-20,19694.0,43584.94921875,12.149999618530273,32383.19921875,15806.75,16777.30078125,0.758476906744443,1.3829887030467836,12.149999618530273
2023-11-21,19783.400390625,43689.1484375,12.229999542236328,32325.69921875,15968.900390625,16860.099609375,0.6609529632126687,1.747878323247054,12.229999542236328
2023-11-22,19811.849609375,43449.6015625,11.869999885559082,32564.400390625,16069.7998046875,16972.19921875,1.5349253472585422,0.6932517225325396,11.869999885559082
2023-11-23,19802.0,43577.5,11.319999694824219,32370.650390625,15817.4501953125,17033.55078125,0.5695848005441428,0.18618978155853227,11.319999694824219
2023-11-24,19794.69921875,43769.1015625,11.329999923706055,32055.150390625,15954.5,17040.349609375,-0.08404470646018458,0.3187668383504594,11.329999923706055
2023-11-28,19889.69921875,43880.94921875,12.180000305175781,32118.5,15900.2998046875,17202.75,0.4834758954733731,0.9936996991469549,12.180000305175781
2023-11-29,20096.599609375,44566.44921875,12.710000038146973,32608.400390625,15990.099609375,17482.44921875,1.7495212378930036,1.5831414851130488,12.710000038146973
2023-11-30,20133.150390625,44481.75,12.6899995803833,32582.19921875,16238.900390625,17551.849609375,2.0342868251675528,1.621760651251658,12.6899995803833
2023-12-01,20267.900390625,44814.19921875,12.380000114440918,32598.69921875,16257.0498046875,17489.05078125,2.3037144619286742,2.35279461986162,12.380000114440918
2023-12-04,20686.80078125,46431.3984375,12.989999771118164,32665.55078125,16228.400390625,17687.25,5.16341837540657,4.506769982415193,12.989999771118164
2023-12-05,20855.099609375,47012.25,13.460000038146973,32479.150390625,16229.650390625,17792.099609375,6.269652221978728,4.853770688070114,13.460000038146973
2023-12-06,20937.69921875,46834.55078125,13.739999771118164,33022.6015625,16169.5498046875,17788.400390625,7.138483267316875,4.185283210711077,13.739999771118164
2023-12-07,20901.150390625,46841.3984375,12.670000076293945,32961.6015625,16294.2001953125,17867.349609375,8.398617296796186,3.814604198047511,12.670000076293945
2023-12-08,20969.400390625,47262.0,12.470000267028809,33392.8984375,16163.150390625,17769.099609375,9.660262900691595,3.4611379890365113,12.470000267028809
2023-12-11,20997.099609375,47314.25,12.760000228881836,33514.25,16039.900390625,17852.30078125,11.347622847313366,1.4999846105070436,12.760000228881836
2023-12-12,20906.400390625,47097.55078125,12.710000038146973,33493.8984375,15963.5,17726.5,9.760728664899144,0.24598674765829998,12.710000038146973
2023-12-13,20926.349609375,47092.25,12.069999694824219,33066.6484375,16142.400390625,17917.900390625,9.327927016560267,-0.05420657378073512,12.069999694824219
2023-12-14,21182.69921875,47732.30078125,12.319999694824219,34223.3515625,16155.7001953125,18045.05078125,11.022765951239432,1.347049434423897,12.319999694824219
2023-12-15,21456.650390625,48143.55078125,13.130000114440918,35782.44921875,16179.7998046875,18038.25,12.994262245762256,2.3236239039903017,13.130000114440918
2023-12-18,21418.650390625,47867.69921875,13.899999618530273,35685.55078125,16332.150390625,18068.25,11.94465336848156,2.007661958520135,13.899999618530273
2023-12-19,21453.099609375,47870.8984375,13.869999885559082,35345.0,16391.25,17932.69921875,11.55710193725068,2.6149849258371383,13.869999885559082
2023-12-20,21150.150390625,47445.30078125,14.449999809265137,34741.05078125,16121.25,17523.55078125,8.95540273610056,1.0694688057287127,14.449999809265137
2023-12-21,21255.05078125,47840.1484375,13.760000228881836,34846.05078125,16238.150390625,17537.849609375,9.52429643838759,0.34155969337448244,13.760000228881836
2023-12-22,21349.400390625,47491.8515625,13.710000038146973,35637.80078125,16394.349609375,17778.900390625,9.802249546763697,-0.49984502728748215,13.710000038146973
2023-12-26,21441.349609375,47724.8515625,14.680000305175781,35493.44921875,16562.599609375,17953.55078125,10.549198752839018,0.10597875373108412,14.680000305175781
2023-12-27,21654.75,48282.19921875,15.5600004196167,35741.0,16655.94921875,18224.849609375,11.47675813025808,0.9399592333821927,15.5600004196167
2023-12-28,21778.69921875,48508.55078125,15.140000343322754,35691.6484375,16860.849609375,18408.599609375,12.00988679368098,2.97184093973919,15.140000343322754
2023-12-29,21731.400390625,48292.25,14.5,35515.0,16831.80078125,18618.19921875,10.449322650868641,2.241112544389723,14.5
2024-01-01,21741.900390625,48234.30078125,,35695.8984375,16858.75,,10.000917015801324,1.838459126806935,
2024-01-02,21665.80078125,47761.6484375,14.579999923706055,35283.1015625,17274.30078125,18339.349609375,9.801436885769533,1.0468145707435372,14.579999923706055
2024-01-03,21517.349609375,47704.94921875,14.100000381469727,34395.44921875,17379.80078125,18317.5,9.258401591220666,-0.6345046265830767,14.100000381469727
2024-01-04,21658.599609375,48195.8515625,13.329999923706055,34409.3984375,17413.19921875,18326.75,9.478649684705488,-0.5514544655247478,13.329999923706055
2024-01-05,21710.80078125,48159.0,12.630000114440918,34851.75,17358.599609375,18406.94921875,9.584926240185144,-0.09479190942469629,12.630000114440918
2024-01-08,21513.0,47450.25,13.460000038146973,34514.6484375,17195.94921875,18350.19921875,8.640541359458641,-1.0528076502627215,13.460000038146973
2024-01-09,21544.849609375,47242.6484375,13.260000228881836,34662.44921875,17346.30078125,18519.80078125,8.84151040278105,-0.5582584880946317,13.260000228881836
2024-01-10,21618.69921875,47360.8515625,12.970000267028809,34834.3515625,17401.900390625,18559.099609375,8.692941914225006,0.47101344363917885,12.970000267028809
2024-01-11,21647.19921875,47438.3515625,12.770000457763672,34735.25,17380.55078125,18755.099609375,7.715731215800559,-0.05263678552913653,12.770000457763672
2024-01-12,21894.55078125,47709.80078125,13.100000381469727,36521.69921875,17347.44921875,18715.19921875,8.748756932969592,0.8463529367313427,13.100000381469727
2024-01-15,22097.44921875,48158.30078125,13.789999961853027,37201.94921875,17520.44921875,18765.25,9.02682958206793,2.716725787895702,13.789999961853027
2024-01-16,22032.30078125,48125.1015625,13.569999694824219,36727.1015625,17320.150390625,18712.69921875,6.504147326731768,2.262495123952468,13.569999694824219
2024-01-17,21571.94921875,46064.44921875,15.079999923706055,36960.3984375,17154.0,18447.25,3.4372869120833816,-0.21624797832171527,15.079999923706055
2024-01-18,21462.25,45713.55078125,14.069999694824219,36730.5,17331.25,18496.25,2.5052933265000688,-0.854379436716246,14.069999694824219
2024-01-19,21622.400390625,45701.1484375,13.880000114440918,37069.25,17388.0,18694.599609375,3.450766998564392,-1.2430051355886373,13.880000114440918
2024-01-23,21238.80078125,45015.05078125,14.850000381469727,36521.3515625,17520.30078125,18361.0,1.2847310157015457,-3.8857355389753545,14.850000381469727
2024-01-24,21453.94921875,45082.3984375,14.380000114440918,37090.1484375,17763.69921875,18593.69921875,2.175774834973021,-2.625016643709721,14.380000114440918
2024-01-25,21352.599609375,44866.1484375,13.869999885559082,36496.19921875,17532.55078125,18614.900390625,2.134270895099122,-1.0168279516639345,13.869999885559082
2024-01-29,21737.599609375,45442.3515625,15.680000305175781,36531.8984375,17623.599609375,18927.25,3.8766914208322234,1.2829484763946075,15.680000305175781
2024-01-30,21522.099609375,45367.75,16.100000381469727,36381.94921875,17470.150390625,18878.349609375,1.6022527965868338,-0.46387440542211555,16.100000381469727
2024-01-31,21725.69921875,45996.80078125,16.049999237060547,36638.3984375,17938.650390625,19227.150390625,1.2539181243431896,2.2924949601196065,16.049999237060547
2024-02-01,21697.44921875,46188.6484375,14.460000038146973,36534.55078125,17839.19921875,19328.69921875,1.3016638445484396,1.1349891692070901,14.460000038146973
2024-02-02,21853.80078125,45970.94921875,14.699999809265137,37323.25,17972.099609375,19380.5,1.867800826785393,2.3472606663543782,14.699999809265137
2024-02-05,21771.69921875,45825.55078125,15.619999885559082,37162.1484375,18292.94921875,19615.30078125,2.938744248364822,0.15686924953890458,15.619999885559082
2024-02-06,21929.400390625,45690.80078125,15.789999961853027,38246.30078125,18488.05078125,19903.849609375,3.1726558375003933,1.8924769824621546,15.789999961853027
2024-02-07,21930.5,45818.5,15.510000228881836,37767.75,18564.849609375,19903.80078125,2.721854472457097,0.9426660066859993,15.510000228881836
2024-02-08,21717.94921875,45012.0,15.829999923706055,37851.6015625,18520.30078125,19649.5,1.2900289133574772,0.09448115210834995,15.829999923706055
2024-02-09,21782.5,45634.55078125,15.449999809265137,37699.25,18617.099609375,19576.0,0.5899398515337273,-0.32626261199916184,15.449999809265137
2024-02-12,21616.05078125,44882.25,16.059999465942383,37998.0,18669.55078125,19419.599609375,-0.7468234712565858,-0.7149117573972075,16.059999465942383
2024-02-13,21743.25,45502.3984375,15.8100004196167,38204.0,18753.94921875,19433.05078125,0.05452759215698322,-0.8488622001018409,15.8100004196167
2024-02-14,21840.05078125,45908.30078125,15.4399995803833,37775.3984375,18584.349609375,19716.0,0.4514342760365331,-0.4124357344793772,15.4399995803833
2024-02-15,21910.75,46218.8984375,15.229999542236328,37999.55078125,18567.69921875,19981.69921875,1.1305800382046538,0.8877485590745637,15.229999542236328
2024-02-16,22040.69921875,46384.8515625,15.220000267028809,38477.05078125,18870.80078125,20423.44921875,2.432221527631717,1.1853516297486433,15.220000267028809
2024-02-19,22122.25,46535.5,,38363.19921875,19037.69921875,,2.1407219256424526,2.3417747481842666,
2024-02-20,22196.94921875,47094.19921875,16.06999969482422,38029.69921875,18993.0,20354.25,2.23920085858762,2.086620991572108,16.06999969482422
2024-02-21,22055.05078125,47019.69921875,15.930000305175781,37405.8984375,18916.44921875,20252.55078125,2.519642919397569,0.9844299454861094,15.930000305175781
2024-02-22,22217.44921875,46919.80078125,15.199999809265137,38130.1484375,18969.44921875,20584.849609375,3.121857991908783,1.3997659539267238,15.199999809265137
2024-02-23,22212.69921875,46811.75,14.970000267028809,38045.6484375,19048.400390625,20621.349609375,2.747621371617126,0.780374516674498,14.970000267028809
2024-02-26,22122.05078125,46576.5,15.600000381469727,37598.6484375,18956.44921875,20642.400390625,2.1935935346716784,-0.0009005356597979741,15.600000381469727
2024-02-27,22198.349609375,46588.05078125,15.729999542236328,37870.25,19064.19921875,20788.55078125,1.3875545160084712,0.006308932868193118,15.729999542236328
2024-02-28,21951.150390625,45963.1484375,16.329999923706055,37741.75,18942.55078125,20372.349609375,-0.6620620628052576,-0.4710956762490448,16.329999923706055
2024-02-29,21982.80078125,46120.8984375,15.569999694824219,37720.3984375,19003.150390625,20412.400390625,-0.22467013541375147,-1.0561448129786766,15.569999694824219
2024-03-01,22338.75,47286.8984375,15.239999771118164,37516.05078125,18822.30078125,20871.94921875,3.5546198142516916,0.5674716971974192,15.239999771118164
2024-03-04,22405.599609375,47456.1015625,14.920000076293945,37314.80078125,18960.19921875,20840.19921875,4.395390088993456,1.2817474786981586,14.920000076293945
2024-03-05,22356.30078125,47581.0,14.380000114440918,36720.75,19018.5,21121.19921875,3.394167055306241,0.711544662799124,14.380000114440918
2024-03-06,22474.05078125,47965.3984375,14.300000190734863,37001.80078125,19140.0,21181.30078125,5.8160063401060835,2.3821092804699795,14.300000190734863
2024-03-07,22493.55078125,47835.80078125,13.609999656677246,37099.8984375,19194.099609375,21126.80078125,4.845735169315235,2.3234073086612295,13.609999656677246
2024-03-11,22332.650390625,47327.8515625,14.0,36988.30078125,19202.05078125,21001.150390625,4.589842919265452,-0.027305061272453468,14.0
2024-03-12,22335.69921875,47282.3984375,13.640000343322754,37224.25,18958.69921875,20931.849609375,2.7514519547827687,-0.31197732639902664,13.640000343322754
2024-03-13,21997.69921875,46981.30078125,14.430000305175781,36946.44921875,18635.69921875,20338.25,2.209819757398712,-1.6040290654917078,14.430000305175781
2024-03-14,22146.650390625,46789.94921875,13.619999885559082,37679.6015625,18897.099609375,20514.25,1.9375724925424054,-1.456792964524889,13.619999885559082
2024-03-15,22023.349609375,46594.1015625,13.6899995803833,37500.69921875,18718.44921875,20192.30078125,1.5020216770152528,-2.0903821564132397,13.6899995803833
2024-03-18,22055.69921875,46575.8984375,13.899999618530273,36886.05078125,18814.349609375,20446.599609375,0.923859604656152,-1.2401177962793941,13.899999618530273
2024-03-19,21817.44921875,46384.80078125,14.109999656677246,35814.6484375,18405.650390625,20354.099609375,0.21013518302053225,-2.320276589169634,14.109999656677246
2024-03-20,21839.099609375,46310.8984375,13.470000267028809,35748.8984375,18361.400390625,20406.44921875,-0.41177952721682676,-0.7209827164097904,13.470000267028809
2024-03-21,22011.94921875,46684.8984375,12.510000228881836,36026.80078125,18582.599609375,20700.25,0.3713969984724397,-0.6082236794238693,12.510000228881836
2024-03-22,22096.75,46863.75,12.220000267028809,35188.3984375,18815.599609375,21046.400390625,1.7441830139420578,0.3332844091697762,12.220000267028809
2024-03-26,22004.69921875,46600.19921875,12.819999694824219,34969.1015625,18809.44921875,21038.30078125,1.0200813439687817,-0.23123275074700134,12.819999694824219
2024-03-27,22123.650390625,46785.94921875,12.699999809265137,34744.3515625,18768.400390625,21146.19921875,2.3482532240130416,1.4034691627096807,12.699999809265137
2024-03-28,22326.900390625,47124.6015625,12.829999923706055,34898.1484375,18996.150390625,21419.099609375,2.684283125222775,2.2336121450748703,12.829999923706055
2024-04-01,22462.0,47578.25,12.079999923706055,35042.80078125,19207.900390625,21385.25,2.8477462116706764,2.0445748660306906,12.079999923706055
2024-04-02,22453.30078125,47545.44921875,11.649999618530273,34793.94921875,19185.150390625,21614.25,2.4761853485161467,1.613589243893343,11.649999618530273
2024-04-03,22434.650390625,47624.25,11.369999885559082,35047.3984375,19153.05078125,21555.349609375,1.7873805543331622,1.953906152503282,11.369999885559082
2024-04-04,22514.650390625,48060.80078125,11.220000267028809,35426.69921875,19125.19921875,21651.849609375,1.7737815575947335,1.7673394448761037,11.220000267028809
2024-04-05,22513.69921875,48493.05078125,11.34000015258789,35247.8984375,19160.75,21600.900390625,1.4269979035336888,0.8366536548146897,11.34000015258789
2024-04-08,22666.30078125,48581.69921875,11.609999656677246,35064.1484375,19218.849609375,22067.94921875,2.7714740086640433,0.9095395835188258,11.609999656677246
2024-04-09,22642.75,48730.55078125,11.359999656677246,35079.3515625,19182.30078125,21999.349609375,1.914264671261523,0.8437477437981178,11.359999656677246
2024-04-10,22753.80078125,48986.6015625,11.109999656677246,35293.1484375,19117.0,21985.150390625,2.436000943294858,1.4225779544947414,11.109999656677246
2024-04-12,22519.400390625,48564.55078125,11.529999732971191,35018.1015625,18788.650390625,21851.30078125,1.7961698637442014,0.021097374010214942,11.529999732971191
2024-04-15,22272.5,47773.25,12.470000267028809,34463.6015625,18617.650390625,21680.30078125,0.3340356014290613,-1.071344235376137,12.470000267028809
2024-04-16,22147.900390625,47484.80078125,12.619999885559082,33574.94921875,18695.599609375,21703.05078125,0.8963083779154779,-2.287097465210697,12.619999885559082
2024-04-18,21995.849609375,47069.44921875,13.039999961853027,33498.6484375,18525.75,21520.75,0.05935926115534507,-2.8569868528557696,13.039999961853027
2024-04-19,22147.0,47574.1484375,13.460000038146973,33368.30078125,18404.599609375,21609.69921875,-0.8583739018521608,-2.666810644444184,13.460000038146973
2024-04-22,22336.400390625,47924.8984375,12.699999809265137,33538.80078125,18643.0,21812.69921875,-0.30884787712195383,-0.8126326492963964,12.699999809265137
2024-04-23,22368.0,47970.44921875,10.199999809265137,33714.55078125,18463.75,21914.30078125,0.052330744985384925,0.4287798855090452,10.199999809265137
2024-04-24,22402.400390625,48189.0,10.279999732971191,33442.55078125,18586.19921875,21896.900390625,-0.3188138681468944,1.1490931217467804,10.279999732971191
2024-04-25,22570.349609375,48494.94921875,10.729999542236328,33554.44921875,18878.150390625,22174.05078125,0.34142598859498996,2.611856373827637,10.729999542236328
2024-04-26,22419.94921875,48201.05078125,10.930000305175781,33666.25,18994.650390625,22111.55078125,0.390902228790746,1.2324433049623051,10.930000305175781
2024-04-29,22643.400390625,49424.05078125,12.239999771118164,33579.3984375,19096.900390625,22078.75,1.377620502772059,1.3744381128163008,12.239999771118164
2024-04-30,22604.849609375,49396.75,12.869999885559082,33200.94921875,18970.599609375,22479.900390625,2.7600631529114183,1.0588770090083965,12.869999885559082
2024-05-02,22648.19921875,49231.05078125,13.449999809265137,33203.3515625,19124.44921875,22733.5,2.2646712675669978,1.0971986208578866,13.449999809265137
2024-05-03,22475.849609375,48923.55078125,14.619999885559082,32908.3984375,19133.400390625,22541.349609375,2.05463750077044,-0.41869090038706425,14.619999885559082
2024-05-06,22442.69921875,48895.30078125,16.600000381469727,33217.1484375,19203.30078125,22526.599609375,1.75464852037428,0.1014721299233523,16.600000381469727
2024-05-07,22302.5,48285.3515625,17.010000228881836,33473.0,18846.30078125,22114.0,2.223224064310614,-1.505517655228772,17.010000228881836
2024-05-08,22302.5,48021.1015625,17.079999923706055,33335.1484375,18850.849609375,22458.650390625,2.1218841386028364,-1.337543113976769,17.079999923706055
2024-05-09,21957.5,47487.8984375,18.200000762939453,33205.8515625,18437.05078125,22633.30078125,-0.24736209505525908,-3.0496871388263957,18.200000762939453
2024-05-10,22055.19921875,47421.1015625,18.469999313354492,32935.1484375,18609.44921875,22846.900390625,-0.188040237817777,-1.8715661384811066,18.469999313354492
2024-05-13,22104.05078125,47754.1015625,20.600000381469727,33074.6015625,18939.0,22462.650390625,0.45150157024342885,-1.5089470040977604,20.600000381469727
2024-05-14,22217.849609375,47859.44921875,20.200000762939453,33122.8515625,18860.849609375,22874.80078125,0.42578515338462797,-0.37955561315995423,20.200000762939453
2024-05-15,22200.55078125,47687.44921875,20.270000457763672,33117.3984375,18886.55078125,22759.849609375,-0.5659075248441336,-0.45712013787692074,20.270000457763672
2024-05-16,22403.849609375,47977.05078125,20.0,33668.44921875,18996.150390625,22886.849609375,-0.25888340586323055,2.032788839234878,20.0
2024-05-17,22466.099609375,48115.6484375,19.799999237060547,33381.8515625,18981.599609375,23285.650390625,0.05700198937204082,1.8630545412424926,19.799999237060547
2024-05-21,22529.05078125,48048.19921875,21.809999465942383,33379.75,19205.19921875,23353.75,0.4207794147951027,1.9227245006173677,21.809999465942383
2024-05-22,22597.80078125,47781.94921875,21.469999313354492,33613.1015625,19317.400390625,23324.099609375,0.36931681897056645,1.7101167689724361,21.469999313354492
2024-05-23,22967.650390625,48768.6015625,21.3799991607666,34042.8515625,19216.349609375,23849.25,2.016333111072832,3.4553179195124795,21.3799991607666
2024-05-24,22957.099609375,48971.6484375,21.709999084472656,33824.30078125,19119.5,23891.44921875,1.2829567159258426,2.469441679203599,21.709999084472656
2024-05-27,22932.44921875,49281.80078125,23.190000534057617,33995.25,19111.94921875,23877.150390625,1.2794347804484962,2.0757924939511785,23.190000534057617
2024-05-28,22888.150390625,49142.1484375,24.200000762939453,33880.8515625,19215.75,23814.25,0.5904490887769009,1.593940254570625,24.200000762939453
2024-05-29,22704.69921875,48501.3515625,24.18000030517578,33542.69921875,19321.349609375,23757.94921875,0.822840861260854,0.4730479684053934,24.18000030517578
2024-05-30,22488.650390625,48682.3515625,24.18000030517578,32806.75,18971.0,23471.0,0.9704810444494338,-2.0855420204215602,24.18000030517578
2024-05-31,22530.69921875,48983.94921875,24.600000381469727,32386.099609375,18796.30078125,23419.599609375,1.7283752471951574,-1.8573791893592317,24.600000381469727
2024-06-03,23263.900390625,50979.94921875,20.940000534057617,32511.400390625,18864.150390625,23992.69921875,5.764954769965036,1.4453369926313853,20.940000534057617
2024-06-04,21884.5,46928.6015625,26.75,32315.55078125,18603.150390625,23193.30078125,-1.185262112249963,-4.38502182787166,26.75
2024-06-05,22620.349609375,49054.6015625,18.889999389648438,33087.94921875,19281.25,24283.75,1.2712398317733298,-0.37150727504613457,18.889999389648438
2024-06-06,22821.400390625,49291.8984375,16.799999237060547,34023.80078125,19232.099609375,24396.69921875,2.0270046075867354,1.4796352569859783,16.799999237060547
2024-06-07,23290.150390625,49803.19921875,16.8799991607666,35169.8984375,19578.0,25020.19921875,3.962744993931566,3.370739471960049,16.8799991607666
2024-06-10,23259.19921875,49780.8984375,16.399999618530273,34526.25,19774.69921875,25022.650390625,3.05201125058725,-0.020208012397160413,16.399999618530273
2024-06-11,23264.849609375,49705.75,14.770000457763672,34531.44921875,19689.69921875,25230.80078125,3.7685205366941865,6.307430415933646,14.770000457763672
2024-06-12,23322.94921875,49895.1015625,14.390000343322754,34547.44921875,19739.099609375,25217.599609375,3.0010900147592334,3.1060510624637105,14.390000343322754
2024-06-13,23398.900390625,49846.69921875,13.489999771118164,34902.05078125,19838.5,25393.19921875,3.5127452514467583,2.53051955671062,13.489999771118164
2024-06-14,23465.599609375,50002.0,12.819999694824219,34598.55078125,19895.650390625,25722.099609375,3.609118688554669,0.7533193895588708,12.819999694824219
2024-06-18,23557.900390625,50440.8984375,12.970000267028809,34802.94921875,19826.650390625,25715.30078125,4.814281996257264,1.2842280985933874,12.970000267028809
2024-06-19,23516.0,51398.05078125,13.710000038146973,34927.1015625,19644.5,25381.69921875,4.78240505203269,1.0795272475081719,13.710000038146973
2024-06-20,23567.0,51783.25,13.350000381469727,34936.44921875,19544.55078125,25267.849609375,5.669767963232819,1.0463976016112042,13.350000381469727
2024-06-21,23501.099609375,51661.44921875,13.180000305175781,35200.30078125,19528.400390625,25092.30078125,5.374283642528854,0.43676932267699975,13.180000305175781
2024-06-24,23537.849609375,51703.94921875,14.0600004196167,35143.80078125,19521.150390625,25309.80078125,7.197311212000446,0.30789752319448915,14.0600004196167
2024-06-25,23721.30078125,52606.0,14.3100004196167,35426.8984375,19532.30078125,25250.25,7.554234926536418,0.6936118580840311,14.3100004196167
2024-06-26,23868.80078125,52870.5,14.050000190734863,35406.6015625,19545.349609375,25018.900390625,7.983830735210606,1.5002584676390596,14.050000190734863
2024-06-27,24044.5,52811.30078125,14.149999618530273,36123.69921875,19514.80078125,25191.400390625,8.221544491210487,2.0261382441549625,14.149999618530273
2024-06-28,24010.599609375,52342.25,13.800000190734863,36157.5,19731.55078125,25200.599609375,8.153170819769562,2.167983662333617,13.800000190734863
2024-07-01,24141.94921875,52574.75,13.829999923706055,36869.19921875,19758.25,25323.849609375,7.758039978306597,2.5665029703239695,13.829999923706055
2024-07-02,24123.849609375,52168.1015625,13.640000343322754,37299.1484375,19786.400390625,25130.849609375,7.378895441682398,1.6969930605289063,13.640000343322754
2024-07-03,24286.5,53089.25,13.210000038146973,37314.3515625,19915.30078125,25182.80078125,7.800813428911324,1.7499799113415149,13.210000038146973
2024-07-04,24302.150390625,53103.69921875,12.859999656677246,37725.8984375,20192.599609375,25366.44921875,7.542103879370177,1.0715564500197505,12.859999656677246
2024-07-05,24323.849609375,52660.3515625,12.699999809265137,37720.75,20453.849609375,25398.30078125,5.904823504730716,1.3046321420381757,12.699999809265137
2024-07-08,24320.55078125,52425.80078125,13.600000381469727,37742.25,20325.80078125,25260.5,5.9391264361557505,0.7397976065714129,13.600000381469727
2024-07-09,24433.19921875,52568.80078125,14.279999732971191,37668.6484375,20645.80078125,25823.55078125,6.544220312817517,1.2823393213941214,14.279999732971191
2024-07-10,24324.44921875,52189.30078125,14.430000305175781,37280.75,20725.94921875,25302.80078125,6.27529443669379,0.1562564336153871,14.430000305175781
2024-07-11,24315.94921875,52270.6484375,14.0,37332.6015625,20601.69921875,25257.25,7.096548535949765,0.05678027624387294,14.0
2024-07-12,24502.150390625,52278.8984375,13.729999542236328,39023.0,20612.650390625,25145.44921875,8.953405228974432,0.7330286287466459,13.729999542236328
2024-07-15,24586.69921875,52455.8984375,14.1899995803833,38911.3515625,20844.55078125,25419.80078125,9.125327092773938,1.0943355678654676,14.1899995803833
2024-07-16,24613.0,52396.80078125,14.220000267028809,39141.5,20765.44921875,25482.900390625,5.799111871707741,0.7358871821911084,14.220000267028809
2024-07-18,24800.849609375,52620.69921875,14.510000228881836,40010.3984375,20768.349609375,25576.69921875,13.326096595192949,1.958524883094892,14.510000228881836
2024-07-19,24530.900390625,52265.6015625,14.829999923706055,39923.30078125,20425.400390625,24963.349609375,8.446159384106844,0.883992518413601,14.829999923706055
2024-07-22,24509.25,52280.3984375,15.4399995803833,39773.1484375,20641.55078125,25250.75,7.39590726460575,0.028975454243052035,15.4399995803833
2024-07-23,24479.05078125,51778.30078125,12.75,40044.69921875,20755.349609375,25321.69921875,5.104734708383707,-0.43783200234501773,12.75
2024-07-24,24413.5,51317.0,11.760000228881836,40115.05078125,20908.5,25309.05078125,4.962770946643258,-0.8105472717669482,11.760000228881836
2024-07-25,24406.099609375,50888.75,12.619999885559082,40055.5,21105.5,25627.349609375,4.905469062392354,-1.591679342512442,12.619999885559082
2024-07-26,24834.849609375,51295.94921875,12.25,40977.3515625,21603.099609375,26250.69921875,6.482458013541192,1.2390463208034497,12.25
2024-07-29,24836.099609375,51406.25,12.949999809265137,40820.1015625,21674.94921875,26426.55078125,6.142165634953622,1.3335765450799286,12.949999809265137
2024-07-30,24857.30078125,51499.30078125,12.880000114440918,40776.3515625,21540.80078125,26580.94921875,5.93081444771173,1.5451988043985843,12.880000114440918
2024-07-31,24951.150390625,51553.3984375,13.25,40851.1015625,21777.150390625,26685.25,5.91415184247257,2.2022667402257,13.25
2024-08-01,25010.900390625,51564.0,12.930000305175781,40709.3984375,21790.349609375,26487.44921875,6.356950121725635,2.478072248044416,12.930000305175781
2024-08-02,24717.69921875,51350.1484375,14.319999694824219,39730.30078125,21902.849609375,25714.44921875,4.882671611787659,-0.47171773724281607,14.319999694824219
2024-08-05,24055.599609375,50092.1015625,20.3700008392334,38435.94921875,21583.05078125,24706.5,2.3594640643061604,-3.1426029540700506,20.3700008392334
2024-08-06,23992.55078125,49748.30078125,18.739999771118164,38624.19921875,21562.55078125,24520.05078125,1.931787225345749,-3.4788572082302904,18.739999771118164
2024-08-07,24297.5,50119.0,16.170000076293945,39194.80078125,22036.94921875,24937.599609375,2.429037193463879,-2.619720455336594,16.170000076293945
2024-08-08,24117.0,50156.69921875,16.600000381469727,38448.30078125,22114.25,24917.349609375,1.0398478793495647,-3.5740432238099973,16.600000381469727
2024-08-09,24367.5,50484.5,15.34000015258789,39043.30078125,22209.55078125,25346.650390625,1.3433425523508458,-1.4167953726225035,15.34000015258789
2024-08-12,24347.0,50577.94921875,15.869999885559082,39109.55078125,22205.599609375,25278.94921875,1.401049520202946,1.2113619920387952,15.869999885559082
2024-08-13,24139.0,49831.8515625,16.170000076293945,39114.8515625,22191.599609375,25081.849609375,-0.012216158369304786,0.6103945348922668,16.170000076293945
2024-08-14,24143.75,49727.30078125,15.4399995803833,39731.25,22012.69921875,25093.5,0.08249259942851861,-0.6327811503241021,15.4399995803833
2024-08-16,24541.150390625,50516.8984375,14.399999618530273,40878.25,22106.5,25597.349609375,1.0485265090688145,1.75871953653024,14.399999618530273
2024-08-19,24572.650390625,50368.3515625,14.319999694824219,41236.8515625,22237.849609375,25368.75,1.1130702248651536,0.8419016748743235,14.319999694824219
2024-08-20,24698.849609375,50803.1484375,13.819999694824219,41572.80078125,22374.25,25500.0,1.5416967545115234,1.4451456416601616,13.819999694824219
2024-08-21,24770.19921875,50685.55078125,13.329999923706055,41570.8515625,22577.900390625,25586.75,1.8488415066926,2.614852391358391,13.329999923706055
2024-08-22,24811.5,50985.69921875,13.0,41506.19921875,22546.099609375,25563.650390625,1.548306375530606,2.765726119596179,13.0
2024-08-23,24823.150390625,50933.44921875,13.550000190734863,41089.8515625,22527.849609375,25850.69921875,2.0502054019401417,1.149090387008611,13.550000190734863
2024-08-26,25010.599609375,51148.1015625,13.800000190734863,41662.1015625,22554.94921875,25941.44921875,2.856768552918987,1.7822628482806468,13.800000190734863
2024-08-27,25017.75,51278.75,13.630000114440918,41709.25,22729.0,25911.900390625,2.1043035046110825,1.291154833802266,13.630000114440918
2024-08-28,25052.349609375,51143.8515625,13.949999809265137,42394.3984375,22989.099609375,25879.400390625,1.8939117710843112,1.1390719474368316,13.949999809265137
2024-08-29,25151.94921875,51152.75,13.789999961853027,42591.6484375,22878.05078125,26020.400390625,2.1896933277129937,1.3721428319529272,13.789999961853027
2024-08-30,25235.900390625,51351.0,13.390000343322754,42787.80078125,23217.599609375,26172.80078125,1.754176925799933,1.6627623549180237,13.390000343322754
2024-09-02,25278.69921875,51439.55078125,14.0600004196167,42975.6015625,22987.44921875,26071.400390625,3.0483953553159804,1.071943950014309,14.0600004196167
2024-09-03,25279.849609375,51689.1015625,13.84000015258789,42851.30078125,23014.30078125,26034.650390625,3.1441174633046742,1.0476546027320621,13.84000015258789
2024-09-04,25198.69921875,51400.25,14.380000114440918,42450.5,23184.400390625,25934.25,2.9398543429274726,0.5841751837928788,14.380000114440918
2024-09-05,25145.099609375,51473.05078125,14.210000038146973,42644.6484375,23156.69921875,25835.30078125,2.996701043992056,-0.02723291668342842,14.210000038146973
2024-09-06,24852.150390625,50576.8515625,15.220000267028809,42228.8984375,23043.400390625,25527.150390625,1.8276200965706924,-1.5206511123437516,15.220000267028809
2024-09-09,24936.400390625,51117.80078125,14.239999771118164,41919.05078125,23009.400390625,25495.25,0.40890435354867805,-1.3540998496912593,14.239999771118164
2024-09-10,25041.099609375,51272.30078125,13.359999656677246,42644.19921875,23256.849609375,25556.44921875,0.8254114101016841,-0.9444280867535682,13.359999656677246
2024-09-11,24918.44921875,51010.0,13.630000114440918,42473.30078125,23220.400390625,25240.599609375,0.2459978983161637,-1.1121605824457426,13.630000114440918
2024-09-12,25388.900390625,51772.3984375,13.180000305175781,43152.1015625,23429.599609375,25779.80078125,1.7544281251435923,0.9695757226553248,13.180000305175781
2024-09-13,25356.5,51938.05078125,12.550000190734863,43394.3515625,23457.650390625,25820.849609375,1.3817959528739765,2.0294002790408605,12.550000190734863
2024-09-16,25383.75,52153.1484375,12.460000038146973,43352.6484375,23448.75,25829.650390625,2.694630982258883,1.7939622494318908,12.460000038146973
2024-09-17,25418.55078125,52188.6484375,12.59000015258789,43415.0,23383.650390625,25896.400390625,5.665837451600364,1.5073266660130535,12.59000015258789
2024-09-18,25377.55078125,52750.3984375,13.369999885559082,42089.30078125,23025.19921875,25804.44921875,5.772625064452774,1.842416269446434,13.369999885559082
2024-09-19,25415.80078125,53037.6015625,12.470000267028809,41945.6015625,22930.150390625,25907.650390625,4.60253433995268,0.10595335052372423,12.470000267028809
2024-09-20,25790.94921875,53793.19921875,12.789999961853027,42204.3984375,23005.25,26394.55078125,6.9409512739975865,1.713364300080844,12.789999961853027
2024-09-23,25939.05078125,54105.80078125,13.789999961853027,41987.44921875,23134.25,26805.400390625,6.449372242741358,2.1876231102575527,13.789999961853027
2024-09-24,25940.400390625,53968.6015625,13.390000343322754,42243.94921875,23188.400390625,26920.44921875,6.544545079989317,2.053026601972685,13.390000343322754
2024-09-25,26004.150390625,54101.6484375,12.739999771118164,41960.94921875,23249.0,26888.349609375,7.726709435457146,2.4691098631864694,12.739999771118164
2024-09-26,26216.05078125,54375.3515625,12.0,42160.8984375,23250.900390625,27496.25,8.583176935024595,3.1486318565668414,12.0
2024-09-27,26178.94921875,53834.30078125,11.960000038146973,42312.6015625,23519.099609375,27610.75,6.673684004441194,1.5044037220542705,11.960000038146973
2024-09-30,25810.849609375,52978.1015625,12.789999961853027,41946.1015625,23281.19921875,27027.19921875,5.038932305089894,-0.4942400281187975,12.789999961853027
2024-10-01,25796.900390625,52922.6015625,11.989999771118164,42434.80078125,23296.55078125,27083.44921875,4.445756780644605,-0.5531911529471301,11.989999771118164
2024-10-03,25250.099609375,51845.19921875,13.170000076293945,41762.6015625,23178.75,26302.099609375,1.9374102985079578,-2.8997324270276903,13.170000076293945
2024-10-04,25014.599609375,51462.05078125,14.130000114440918,41912.5,23094.69921875,25926.30078125,0.8185704587590381,-4.582883905360335,14.130000114440918
2024-10-07,24795.75,50478.8984375,15.079999923706055,42190.6015625,22977.80078125,25807.150390625,-0.11038240591471071,-5.283631543772271,15.079999923706055
2024-10-08,25013.150390625,51021.0,14.59000015258789,42387.55078125,23307.94921875,26236.099609375,0.010198800867788904,-3.0905577724968047,14.59000015258789
2024-10-09,24981.94921875,51007.0,14.119999885559082,42622.75,23783.80078125,26450.25,-0.14310152291873157,-3.1591050069378346,14.119999885559082
2024-10-10,24998.44921875,51530.8984375,13.5,42088.80078125,23305.150390625,26528.5,-0.21515103958484882,-0.9966312787596521,13.5
2024-10-11,24964.25,51172.30078125,13.220000267028809,42335.69921875,23582.25,26436.599609375,-0.746261123213765,-0.20128089260372795,13.220000267028809
2024-10-14,25127.94921875,51816.8984375,13.0,42872.75,23680.0,26463.55078125,-0.4277682595193011,1.3397425718117084,13.0
2024-10-15,25057.349609375,51906.0,13.0,42731.30078125,23555.69921875,26242.599609375,-0.8756368650916113,0.17670392597393114,13.0
2024-10-16,24971.30078125,51801.05078125,13.050000190734863,42230.69921875,23467.349609375,25909.0,-1.2205326886540302,-0.04262452623996493,13.050000190734863
2024-10-17,24749.849609375,51288.80078125,13.390000343322754,42734.3515625,23254.0,24991.19921875,-1.781241188199978,-0.9944601251046348,13.390000343322754
2024-10-18,24854.05078125,52094.19921875,13.039999961853027,42106.5,23356.19921875,25146.900390625,-1.157477332149781,-0.44142811720760955,13.039999961853027
2024-10-21,24781.099609375,51962.69921875,13.760000228881836,41562.69921875,23122.69921875,25251.849609375,-0.28589389704000157,-1.3803339315736407,13.760000228881836
2024-10-22,24472.099609375,51257.1484375,14.399999618530273,41238.80078125,22828.19921875,24627.25,-1.8619398709388557,-2.335642073577615,14.399999618530273
2024-10-23,24435.5,51239.0,14.619999885559082,42222.1015625,22471.599609375,24451.30078125,-2.4184225885522714,-2.1456662828406303,14.619999885559082
2024-10-24,24399.400390625,51531.1484375,13.970000267028809,42139.8515625,22570.80078125,24324.849609375,-2.082990091271164,-1.4159650433481996,13.970000267028809
2024-10-25,24180.80078125,50787.44921875,14.630000114440918,42038.8515625,22574.55078125,23799.30078125,-4.758377049764229,-2.7088139713140946,14.630000114440918
2024-10-28,24339.150390625,51259.30078125,14.289999961853027,42205.3984375,22857.25,23964.44921875,-4.012184683907483,-1.78341246238648,14.289999961853027
2024-10-29,24466.849609375,52320.69921875,14.520000457763672,42031.44921875,22601.400390625,23588.599609375,-3.612154983503224,-0.02145300192382127,14.520000457763672
2024-10-30,24340.849609375,51807.5,15.510000228881836,41668.6015625,22374.94921875,23594.0,-4.239821464054383,-0.38734787757566114,15.510000228881836
2024-10-31,24205.349609375,51475.3515625,15.550000190734863,40407.55078125,22735.55078125,23514.69921875,-4.619047685015653,-0.7953096311520857,15.550000190734863
2024-11-01,24304.349609375,51673.8984375,15.899999618530273,40433.6484375,22807.150390625,23805.599609375,-4.373071623597835,0.510937703191372,15.899999618530273
2024-11-04,23995.349609375,51215.25,16.690000534057617,40421.80078125,22638.30078125,23573.19921875,-6.96213076201786,-1.4125422446234048,16.690000534057617
2024-11-05,24213.30078125,52207.25,16.1200008392334,40424.6015625,22661.25,23839.599609375,-6.6530961928932815,-1.0362953636166017,16.1200008392334
2024-11-06,24484.05078125,52317.3984375,14.869999885559082,42039.5,22920.349609375,24137.900390625,-5.6142140732003964,0.5883162427487543,14.869999885559082
2024-11-07,24199.349609375,51916.5,14.9399995803833,41752.3984375,22526.94921875,23812.5,-6.9404335621004005,-0.024787908858281416,14.9399995803833
2024-11-08,24148.19921875,51561.19921875,14.470000267028809,42050.1484375,22542.25,23805.19921875,-7.887730992567921,-0.6424791987223899,14.470000267028809
2024-11-11,24141.30078125,51876.75,14.270000457763672,42590.30078125,22344.25,23729.44921875,-7.78353791236428,0.6082477407121312,14.270000457763672
2024-11-12,23883.44921875,51157.80078125,14.59000015258789,42609.55078125,22151.599609375,23269.099609375,-7.467403901051483,-1.362274253642548,14.59000015258789
2024-11-13,23559.05078125,50088.3515625,15.4399995803833,42369.5,21809.30078125,22765.19921875,-8.674877894199529,-3.7779696189340073,15.4399995803833
2024-11-14,23532.69921875,50179.55078125,14.779999732971191,42390.8515625,21752.0,22914.5,-6.80155887380085,-2.7548277180422076,14.779999732971191
2024-11-18,23453.80078125,50363.80078125,15.170000076293945,41406.55078125,21544.150390625,23043.849609375,-6.239551511910035,-2.875570270104577,15.170000076293945
2024-11-19,23518.5,50626.5,15.65999984741211,41748.3515625,21768.849609375,23359.5,-5.151084359214786,-2.579814513283041,15.65999984741211
2024-11-21,23349.900390625,50372.8984375,15.989999771118164,41952.80078125,21740.099609375,23145.900390625,-6.6495022579138645,-2.233968901385197,15.989999771118164
2024-11-22,23907.25,51135.3984375,16.100000381469727,43332.1015625,21962.05078125,23554.099609375,-4.301902983388473,1.4779849238540699,16.100000381469727
2024-11-25,24221.900390625,52207.5,15.300000190734863,43618.1484375,22177.05078125,23716.44921875,-3.106388005630978,2.9286957924736123,15.300000190734863
2024-11-26,24194.5,52191.5,15.3100004196167,44085.94921875,21961.75,23413.0,-3.0834092752636266,3.1581201940716896,15.3100004196167
2024-11-27,24274.900390625,52301.80078125,14.630000114440918,44018.69921875,21828.599609375,23517.349609375,-3.3948207261119023,3.2161931697387125,14.630000114440918
2024-11-28,23914.150390625,51906.8515625,15.210000038146973,42968.75,21728.599609375,23134.69921875,-4.562330959066319,2.41649853130228,15.210000038146973
2024-11-29,24131.099609375,52055.6015625,14.430000305175781,43146.25,22240.19921875,23368.55078125,-3.364667220323081,0.9363252125401234,14.430000305175781
2024-12-02,24276.05078125,52109.0,14.699999809265137,43547.0,22450.19921875,23599.599609375,-1.9143503318320376,0.22355962889666348,14.699999809265137
2024-12-03,24457.150390625,52695.75,14.369999885559082,43754.94921875,22445.69921875,23752.400390625,-1.5969243569922353,1.0855789151460016,14.369999885559082
2024-12-04,24467.44921875,53266.8984375,14.449999809265137,43949.25,22422.900390625,23584.0,-1.2656839105975037,0.7932013109283931,14.449999809265137
2024-12-05,24708.400390625,53603.55078125,14.529999732971191,44806.3984375,22463.400390625,23736.25,0.9655925932872345,3.3212553531124733,14.529999732971191
2024-12-06,24677.80078125,53509.5,14.140000343322754,44716.05078125,22434.75,23960.25,0.9915933017536016,2.265546041103761,14.140000343322754
2024-12-09,24619.0,53407.75,14.109999656677246,44832.0,22309.099609375,23775.05078125,0.900020516321276,1.4127059703421097,14.109999656677246
2024-12-10,24610.05078125,53577.69921875,13.779999732971191,45199.75,22291.44921875,23767.05078125,1.775168671555516,0.6251766382546764,13.779999732971191
2024-12-11,24641.80078125,53391.3515625,13.270000457763672,45350.3515625,22302.599609375,23851.849609375,1.2434714678519532,0.712585774435337,13.270000457763672
2024-12-12,24548.69921875,53216.44921875,13.1899995803833,45701.6484375,22229.30078125,23660.30078125,0.33453268680589954,-0.6463436294953162,13.1899995803833
2024-12-13,24768.30078125,53583.80078125,13.050000190734863,45995.80078125,22157.349609375,23773.099609375,1.756106211306463,0.3667263578396307,13.050000190734863
2024-12-16,24668.25,53581.3515625,14.020000457763672,45653.6015625,22255.55078125,23790.5,1.9123887822124708,0.20004874284089702,14.020000457763672
2024-12-17,24336.0,52834.80078125,14.489999771118164,45413.75,22074.55078125,23417.80078125,0.1302252112633795,-1.1135725955461862,14.489999771118164
2024-12-18,24198.849609375,52139.55078125,14.369999885559082,45526.8515625,22314.55078125,23241.25,0.8480809961630698,-1.7975600720384177,14.369999885559082
2024-12-19,23951.69921875,51575.69921875,14.510000228881836,44954.19921875,22697.900390625,23070.900390625,-1.0804043813083752,-2.4319007483053046,14.510000228881836
2024-12-20,23587.5,50759.19921875,15.069999694824219,43771.05078125,22501.849609375,22580.0,-3.661774717182753,-4.767387119845889,15.069999694824219
2024-12-23,23753.44921875,51317.6015625,13.520000457763672,43828.3515625,22572.05078125,22557.75,-1.8426131190412476,-3.7084137758049307,13.520000457763672
2024-12-24,23727.650390625,51233.0,13.180000305175781,43668.8984375,22558.900390625,22685.55078125,-1.7415328750413073,-2.4997929379314554,13.180000305175781
2024-12-26,23750.19921875,51170.69921875,14.039999961853027,43664.25,22712.55078125,22876.099609375,-1.6200517364157951,-1.8540153679503235,14.039999961853027
2024-12-27,23813.400390625,51311.30078125,13.239999771118164,43721.3984375,23008.349609375,23099.05078125,-0.29329443784864573,-0.5774071679087278,13.239999771118164
2024-12-30,23644.900390625,50952.75,13.970000267028809,43971.44921875,23241.150390625,22768.25,0.3644018181043318,0.24335088765234936,13.970000267028809
2024-12-31,23644.80078125,50860.19921875,14.449999809265137,43337.80078125,23412.25,22834.0,0.4763650844212597,-0.45740067684248986,14.449999809265137
2025-01-01,23742.900390625,51060.6015625,,43373.1015625,23459.75,,1.232634369462704,0.06427100765959981,
2025-01-02,24188.650390625,51605.55078125,13.739999771118164,44351.75,23553.400390625,24016.19921875,2.8494605975083465,1.8460947120344962,13.739999771118164
2025-01-03,24004.75,50988.80078125,13.539999961853027,43726.55078125,23263.5,24005.0,2.804507078916374,0.8035375302820391,13.539999961853027
2025-01-06,23616.05078125,49922.0,15.649999618530273,43674.8515625,23073.05078125,23482.19921875,-1.2180372847148901,-0.12201197255387042,15.649999618530273
2025-01-07,23707.900390625,50202.1484375,14.65999984741211,43375.8515625,23228.55078125,23482.099609375,-2.122046543461731,0.2668646268529251,14.65999984741211
2025-01-08,23688.94921875,49835.05078125,14.470000267028809,43634.25,23011.099609375,23370.150390625,-2.0895277077434993,-0.22723075524632153,14.470000267028809
2025-01-09,23526.5,49503.5,14.65999984741211,43126.44921875,22868.099609375,23305.19921875,-3.0830214690151014,-2.737442477905405,14.65999984741211
2025-01-10,23431.5,48734.1484375,14.920000076293945,44609.5,22380.849609375,23017.75,-2.018262755486444,-2.388069028004869,14.920000076293945
2025-01-13,23085.94921875,48041.25,16.0,43999.1015625,21903.349609375,22382.25,-4.3311345423270975,-2.2446664237395497,16.0
2025-01-14,23176.05078125,48729.1484375,15.470000267028809,43061.19921875,22203.900390625,22833.05078125,-4.531214775879455,-2.243343360702299,15.470000267028809
2025-01-15,23213.19921875,48751.69921875,15.260000228881836,43401.25,21972.69921875,22712.75,-5.086247383717424,-2.0083204012419476,15.260000228881836
2025-01-16,23311.80078125,49278.69921875,15.470000267028809,43188.8515625,21909.75,22861.25,-4.7232076673296985,-0.9125846120332404,15.470000267028809
2025-01-17,23203.19921875,48540.6015625,15.75,42032.19921875,22061.69921875,22791.099609375,-6.091860047913555,-0.9743327625205356,15.75
2025-01-20,23344.75,49350.80078125,16.420000076293945,42192.80078125,22182.400390625,22671.80078125,-5.401821633404391,1.121031579848597,16.420000076293945
2025-01-21,23024.650390625,48570.8984375,17.059999465942383,41697.94921875,21882.900390625,22303.19921875,-6.476094111763276,-0.6532622492676166,17.059999465942383
2025-01-22,23155.349609375,48724.3984375,16.770000457763672,42590.69921875,22034.94921875,22274.349609375,-5.911004348610749,-0.24920998105367742,16.770000457763672
2025-01-23,23205.349609375,48589.0,16.700000762939453,43351.75,22343.30078125,22518.94921875,-5.829327104080795,-0.4566407068844702,16.700000762939453
2025-01-24,23092.19921875,48367.80078125,16.75,43524.1015625,21872.400390625,22171.05078125,-5.933104589458427,-0.4783823082047389,16.75
2025-01-27,22829.150390625,48064.6484375,18.1299991607666,42060.69921875,21292.30078125,21970.44921875,-7.829161991172873,-2.2086319595412296,18.1299991607666
2025-01-28,22957.25,48866.8515625,18.200000762939453,41820.6484375,20796.599609375,22264.150390625,-6.93604126762134,-0.29273143991990214,18.200000762939453
2025-01-29,23163.099609375,49165.94921875,18.639999389648438,42914.5,21163.900390625,22586.349609375,-4.819610415125741,0.03346958750674034,18.639999389648438
2025-01-30,23249.5,49311.94921875,17.389999389648438,42426.6484375,21419.650390625,22495.69921875,-3.923118762667166,0.1902595365646409,17.389999389648438
2025-01-31,23508.400390625,49587.19921875,16.25,42662.75,21438.599609375,22867.599609375,-1.8508032523136153,1.8023453198734662,16.25
2025-02-01,23482.150390625,,,,,,-0.44663321409644796,2.860378020323351,
2025-02-03,23361.05078125,49210.55078125,14.350000381469727,42314.25,21361.599609375,23327.0,-1.651964032197295,1.7589248766729515,14.350000381469727
2025-02-04,23739.25,50157.94921875,14.020000457763672,42860.19921875,21733.94921875,23535.05078125,0.04888646445828648,2.4873630919059364,14.020000457763672
2025-02-05,23696.30078125,50343.05078125,14.079999923706055,42888.30078125,21868.5,23517.099609375,-0.22693888587447253,1.9217651186046902,14.079999923706055
2025-02-06,23603.349609375,50382.1015625,14.180000305175781,43020.94921875,22009.05078125,23298.849609375,-0.8820696658369487,0.40389485108422996,14.180000305175781
2025-02-07,23559.94921875,50158.8515625,13.6899995803833,42921.6484375,22077.0,23459.94921875,-0.35927904314065895,0.3313104925691146,13.6899995803833
2025-02-10,23381.599609375,49981.0,14.449999809265137,42596.55078125,21665.650390625,23112.650390625,-1.1131460751562572,0.08796191711331058,14.449999809265137
2025-02-11,23071.80078125,49403.3984375,14.869999885559082,41968.30078125,21249.5,22573.900390625,-2.826527502259102,-2.811585112208681,14.869999885559082
2025-02-12,23045.25,49479.44921875,14.899999618530273,41733.0,21142.05078125,22407.44921875,-4.727011933944681,-2.7474785505978705,14.899999618530273
2025-02-13,23031.400390625,49359.8515625,14.960000038146973,41315.55078125,21427.099609375,22344.30078125,-4.054820855768126,-2.423169711992179,14.960000038146973
2025-02-14,22929.25,49099.44921875,15.020000457763672,41311.1484375,20811.55078125,22069.30078125,-2.908194886654325,-2.676997360622757,15.020000457763672
2025-02-17,22959.5,49258.8984375,15.720000267028809,41073.19921875,21076.0,21951.849609375,-3.1567552515993635,-1.8052640385038399,15.720000267028809
2025-02-18,22945.30078125,49087.30078125,15.670000076293945,41464.3515625,20969.19921875,21818.900390625,-3.1392208689079215,-0.5482883681225403,15.670000076293945
2025-02-19,22932.900390625,49570.1015625,15.420000076293945,40924.25,20820.0,21809.150390625,-2.5231105747773763,-0.4875174249574177,15.420000076293945
2025-02-20,22913.150390625,49334.55078125,14.680000305175781,40865.94921875,20785.75,22074.900390625,-2.212191320978174,-0.5134294832029984,14.680000305175781
2025-02-21,22795.900390625,48981.19921875,14.529999732971191,40544.55078125,20385.650390625,21505.900390625,-1.256386841089585,-0.5815698698169336,14.529999732971191
2025-02-24,22553.349609375,48651.94921875,14.4399995803833,39446.6015625,20389.69921875,21552.5,-2.686830373959914,-1.768986217578783,14.4399995803833
2025-02-25,22547.55078125,48608.3515625,13.720000267028809,39131.30078125,20249.150390625,21662.650390625,-2.8675428631239064,-1.733470412055027,13.720000267028809
2025-02-27,22545.05078125,48743.80078125,13.3100004196167,38946.6484375,20201.25,21335.349609375,-3.2891066940513136,-1.6912366197410988,13.3100004196167
2025-02-28,22124.69921875,48344.69921875,13.90999984741211,37318.30078125,19813.5,20498.599609375,-4.648065940529822,-3.4410421894564003,13.90999984741211
2025-03-03,22119.30078125,48114.30078125,13.760000228881836,37614.44921875,19879.80078125,20538.150390625,-5.249356787928761,-2.968075828464567,13.760000228881836
2025-03-04,22082.650390625,48245.19921875,13.829999923706055,37276.94921875,19820.650390625,20269.19921875,-4.091267333134219,-2.0870479414478615,13.829999923706055
2025-03-05,22337.30078125,48489.94921875,13.670000076293945,38072.30078125,20126.80078125,20796.75,-3.5328718500272305,-0.9324737841364117,13.670000076293945
2025-03-06,22544.69921875,48627.69921875,13.729999542236328,38145.30078125,20423.349609375,20959.69921875,-2.8469745198671625,-0.0015593777251243779,13.729999542236328
2025-03-07,22552.5,48497.5,13.470000267028809,37820.44921875,20378.30078125,21009.69921875,-2.337149500736091,1.933589139541625,13.470000267028809
2025-03-10,22460.30078125,48216.80078125,13.989999771118164,37644.3984375,20256.55078125,20752.80078125,-1.6156957357750468,1.5416400517011652,13.989999771118164
2025-03-11,22497.900390625,47853.94921875,14.069999694824219,37400.1015625,20332.099609375,20682.650390625,-2.0008912625641084,1.8804355122892913,14.069999694824219
2025-03-12,22470.5,48056.6484375,13.6899995803833,36310.6484375,20424.0,20783.69921875,-2.9900989982129977,0.596308479947627,13.6899995803833
2025-03-13,22397.19921875,48060.3984375,13.279999732971191,36122.5,20386.849609375,20554.05078125,-3.6658886481429676,-0.6542557901030976,13.279999732971191
2025-03-17,22508.75,48354.1484375,13.420000076293945,36137.19921875,20703.94921875,20741.150390625,-4.252311403644693,-0.19399179691830248,13.420000076293945
2025-03-18,22834.30078125,49314.5,13.210000038146973,36619.3515625,21041.30078125,21234.94921875,-2.7589023943635382,1.6651602471513538,13.210000038146973
2025-03-19,22907.599609375,49702.6015625,13.300000190734863,36223.5,21145.650390625,21319.5,-1.9410564024754717,1.821055350217149,13.300000190734863
2025-03-20,23190.650390625,50062.8515625,12.600000381469727,36676.6484375,21340.599609375,21623.05078125,-2.3109390961171927,3.2048703438953385,12.600000381469727
2025-03-21,23350.400390625,50593.55078125,12.579999923706055,36702.80078125,21625.900390625,21756.0,-1.459723160244053,4.255894509689506,12.579999923706055
2025-03-24,23658.349609375,51704.94921875,13.699999809265137,37217.05078125,21771.150390625,21938.69921875,0.2330177746388884,5.10734540734159,13.699999809265137
2025-03-25,23668.650390625,51607.94921875,13.640000343322754,37706.8984375,21542.5,21737.599609375,0.4613811806881696,3.6539310634819744,13.640000343322754
2025-03-26,23486.849609375,51209.0,13.470000267028809,37336.69921875,21360.599609375,21742.80078125,0.4501402887670647,2.5286368274174853,13.470000267028809
2025-03-27,23591.94921875,51575.8515625,13.300000190734863,37548.30078125,21275.150390625,21516.75,2.2544769800661335,1.730433693602773,13.300000190734863
2025-03-28,23519.349609375,51564.8515625,12.720000267028809,36886.1484375,21137.44921875,21295.5,2.057255223419152,0.7235388512559782,12.720000267028809
2025-04-01,23165.69921875,50827.5,13.779999732971191,35980.6484375,20771.80078125,21235.25,0.5831118640083455,-2.08235315970553,13.779999732971191
2025-04-02,23332.349609375,51348.05078125,13.720000267028809,36283.5,20952.849609375,21408.849609375,1.7580148036896004,-1.4208701201789076,13.720000267028809
2025-04-03,23250.099609375,51597.3515625,13.600000381469727,34757.25,21423.55078125,21164.0,1.2657053044491384,-1.0080108824194967,13.600000381469727
2025-04-04,22904.44921875,51502.69921875,13.760000228881836,33511.44921875,20560.0,20593.150390625,-0.17803890604642936,-2.914129704270474,13.760000228881836
2025-04-07,22161.599609375,49860.1015625,22.790000915527344,32668.80078125,19995.5,19815.55078125,-3.363293644118859,-5.772906234867947,22.790000915527344
2025-04-08,22535.849609375,50511.0,20.440000534057617,33244.3984375,20377.900390625,20138.150390625,-1.6466560678813247,-2.718888833993016,20.440000534057617
2025-04-09,22399.150390625,50240.1484375,21.43000030517578,32517.349609375,19976.30078125,20140.400390625,-1.7404445238020316,-3.999593844483784,21.43000030517578
2025-04-11,22828.55078125,51002.3515625,20.110000610351562,32740.849609375,20461.900390625,20548.650390625,1.2202230561823235,-1.8131054714063288,20.110000610351562
2025-04-15,23328.55078125,52379.5,16.1299991607666,33275.30078125,20912.19921875,21246.19921875,3.463790846185666,1.851612140722514,16.1299991607666
2025-04-16,23437.19921875,53117.75,15.869999885559082,33295.5,20874.30078125,21155.80078125,3.9571808737817182,5.755900439765127,15.869999885559082
2025-04-17,23851.650390625,54290.19921875,15.470000267028809,33372.3515625,21126.75,21373.099609375,7.805535138807507,5.838700577335332,15.470000267028809
2025-04-21,24125.55078125,55304.5,15.520000457763672,34135.05078125,21351.05078125,21826.0,9.07013300212749,7.707436936302603,15.520000457763672
2025-04-22,24167.25,55647.19921875,15.229999542236328,33941.05078125,21438.05078125,21903.69921875,9.439988282656508,5.864144559932072,15.229999542236328
2025-04-23,24328.94921875,55370.05078125,15.960000038146973,35414.6484375,21738.94921875,22424.44921875,8.916244881171131,4.288300833089287,15.960000038146973
2025-04-24,24246.69921875,55201.3984375,16.25,35307.1015625,21974.599609375,22367.55078125,7.549446472918464,3.4539109918577227,16.25
2025-04-25,24039.349609375,54664.05078125,17.15999984741211,35562.25,21482.55078125,21994.5,6.592837199312718,0.7869443651739028,17.15999984741211
2025-04-28,24328.5,55432.80078125,16.940000534057617,35482.94921875,21908.099609375,22352.94921875,8.31778361717037,0.8412210796353348,16.940000534057617
2025-04-29,24335.94921875,55391.25,17.3700008392334,35920.3984375,21676.650390625,22299.05078125,8.169868281979431,0.6980488833028264,17.3700008392334
2025-04-30,24334.19921875,55087.1484375,18.219999313354492,35794.94921875,21772.44921875,22308.400390625,8.293981970806175,0.02157923037611198,18.219999313354492
2025-05-02,24346.69921875,55115.3515625,18.260000228881836,35891.8515625,21627.44921875,22286.5,8.704213330245159,0.412427271431115,18.260000228881836
2025-05-05,24461.150390625,54919.5,18.34000015258789,35991.25,21775.75,22699.19921875,8.673961862053648,1.754626427519912,18.34000015258789
2025-05-06,24379.599609375,54271.3984375,19.0,35869.19921875,21534.349609375,22737.599609375,6.767445357441804,0.21004011498859665,19.0
2025-05-07,24414.400390625,54610.8984375,19.059999465942383,35920.30078125,21462.44921875,23114.099609375,6.577733184376666,0.3223674210108829,19.059999465942383
2025-05-08,24273.80078125,54365.6484375,21.010000228881836,36002.44921875,21115.05078125,22674.150390625,4.670633951098124,-0.2482039246784029,21.010000228881836
2025-05-09,24008.0,53595.25,21.6299991607666,35880.1015625,21071.75,22627.80078125,2.8162241262424725,-1.391150462355728,21.6299991607666
2025-05-12,24924.69921875,55382.8515625,18.389999389648438,38282.55078125,21102.69921875,23400.44921875,5.352654053574346,1.8950409965291737,18.389999389648438
2025-05-13,24578.349609375,54940.8515625,18.200000762939453,37354.6015625,21359.75,23167.25,3.8434773581780712,0.8152307797687275,18.200000762939453
2025-05-14,24666.900390625,54801.30078125,17.229999542236328,37853.55078125,21480.5,23356.849609375,5.024304242059663,1.0342256863165034,17.229999542236328
2025-05-15,25062.099609375,55355.6015625,16.889999389648438,38293.80078125,21650.650390625,23804.849609375,6.231576615367507,3.247529446372943,16.889999389648438
2025-05-16,25019.80078125,55354.8984375,16.549999237060547,37972.3515625,21633.19921875,23953.150390625,6.379645682365753,4.214431777949024,16.549999237060547
2025-05-19,24945.44921875,55420.69921875,17.360000610351562,37477.80078125,21740.44921875,24052.599609375,7.682694932685186,0.08325075387225489,17.360000610351562
2025-05-20,24683.900390625,54877.3515625,17.389999389648438,37283.5,21456.150390625,23531.19921875,5.792604704958393,0.42944617082727454,17.389999389648438
2025-05-21,24813.44921875,55075.1015625,17.549999237060547,37540.1015625,21723.650390625,23700.099609375,6.724055533700257,0.5941112413973881,17.549999237060547
2025-05-22,24609.69921875,54941.30078125,17.260000228881836,37050.1484375,21521.75,23459.900390625,7.4450600567336656,-1.8051176783918432,17.260000228881836
2025-05-23,24853.150390625,55398.25,17.280000686645508,37403.55078125,21434.25,23515.25,12.145110590804986,-0.6660740110684182,17.280000686645508
2025-05-26,25001.150390625,55572.0,18.020000457763672,37785.8984375,21501.80078125,23763.150390625,10.939462341035622,0.22329191744172583,18.020000457763672
2025-05-27,24826.19921875,55352.80078125,18.540000915527344,37501.44921875,21524.94921875,23596.900390625,10.835450388961277,0.5764843718906176,18.540000915527344
2025-05-28,24752.44921875,55417.0,18.020000457763672,37465.75,21393.30078125,23437.05078125,8.42759777410038,-0.24583442415537782,18.020000457763672
2025-05-29,24833.599609375,55546.05078125,16.420000076293945,37754.1484375,21589.349609375,23555.75,6.4515316113620935,0.9098054739913763,16.420000076293945
2025-05-30,24750.69921875,55749.69921875,16.079999923706055,37321.75,21442.05078125,23325.599609375,5.604338589011881,-0.4122260971536451,16.079999923706055
2025-06-02,24716.599609375,55903.3984375,17.15999984741211,37061.8515625,21394.099609375,23327.05078125,3.6263705218904763,-1.1381507522817857,17.15999984741211
2025-06-03,24542.5,55599.94921875,16.559999465942383,36814.8984375,21354.19921875,23268.69921875,1.7282474606716391,-1.1427412478658305,16.559999465942383
2025-06-04,24620.19921875,55676.8515625,15.75,36938.1015625,21371.69921875,23332.599609375,1.8742273893388672,-0.534290561839923,15.75
2025-06-05,24750.900390625,55760.8515625,15.079999923706055,37107.94921875,21644.19921875,23306.19921875,1.7343583895921277,-0.3330134175102861,15.079999923706055
2025-06-06,25003.05078125,56578.3984375,14.630000114440918,37294.8515625,21684.400390625,23661.30078125,3.119400111645354,1.019573468489443,14.630000114440918
2025-06-09,25103.19921875,56839.6015625,14.6899995803833,37669.19921875,21826.80078125,23777.150390625,4.425450882248971,1.5641294331942168,14.6899995803833
2025-06-10,25104.25,56629.1015625,14.020000457763672,38300.0,21948.0,23759.0,3.188647060032479,2.288886625241937,14.020000457763672
2025-06-11,25141.400390625,56459.75,13.670000076293945,38784.30078125,22057.150390625,23805.19921875,3.3097175073591556,2.1169656965166483,13.670000076293945
2025-06-12,24888.19921875,56082.55078125,14.020000457763672,38460.30078125,22036.150390625,23411.80078125,2.2766313163620877,0.5547225594144667,14.020000457763672
2025-06-13,24718.599609375,55527.3515625,15.079999923706055,38469.25,21985.150390625,23327.400390625,1.5275187296789339,-1.1376658567134212,15.079999923706055
2025-06-16,24946.5,55944.8984375,14.84000015258789,39073.05078125,22039.44921875,23368.25,1.9841651010862327,-0.6242201138767944,14.84000015258789
2025-06-17,24853.400390625,55714.1484375,14.399999618530273,39356.1015625,21622.80078125,23227.30078125,1.9434313476903942,-0.9992316415547209,14.399999618530273
2025-06-18,24812.05078125,55828.75,14.279999732971191,39030.8984375,21588.400390625,23312.349609375,1.6287534580521346,-1.3099891185767487,14.279999732971191
2025-06-19,24793.25,55577.44921875,14.260000228881836,38664.94921875,21441.849609375,23434.650390625,2.13995831732805,-0.3815029681957349,14.260000228881836
2025-06-20,25112.400390625,56252.8515625,13.670000076293945,38991.44921875,21613.0,23679.349609375,4.600134915965515,1.5931354828881306,13.670000076293945
2025-06-23,24971.900390625,56059.3515625,14.050000190734863,38414.1015625,21626.19921875,23461.150390625,0.18937509119263396,0.10181945613612076,14.050000190734863
2025-06-24,25044.349609375,56461.8984375,13.640000343322754,38417.94921875,21672.099609375,23598.25,1.8959775876174145,0.7683021870199536,13.640000343322754
2025-06-25,25244.75,56621.1484375,12.960000038146973,39046.30078125,21804.80078125,23827.80078125,2.3426113545852,1.7439075172173357,12.960000038146973
2025-06-26,25549.0,57206.69921875,12.59000015258789,38996.25,21808.19921875,23961.69921875,1.942775737922875,3.0482086858318214,12.59000015258789
2025-06-27,25637.80078125,57443.8984375,12.390000343322754,38822.94921875,21928.599609375,24007.94921875,2.4700436482417265,2.092195020995069,12.390000343322754
2025-06-30,25517.05078125,57312.75,12.789999961853027,38950.0,22038.69921875,23872.55078125,2.2914061698690924,2.183055282527313,12.789999961853027
2025-07-01,25541.80078125,57459.44921875,12.529999732971191,38833.1484375,22041.25,23824.0,3.475546315811706,1.9862810559424071,12.529999732971191
2025-07-02,25453.400390625,56999.19921875,12.449999809265137,38879.1015625,22110.80078125,23899.849609375,2.579049636482744,0.8265100293130212,12.449999809265137
2025-07-03,25405.30078125,56791.94921875,12.390000343322754,38854.30078125,22204.25,24004.94921875,3.2328780430353143,-0.5624455702767261,12.390000343322754
2025-07-04,25461.0,57031.8984375,12.319999694824219,39166.55078125,22384.599609375,23980.400390625,2.445764821848462,-0.6896097787736255,12.319999694824219
2025-07-07,25461.30078125,56949.19921875,12.5600004196167,38866.94921875,22365.05078125,23943.900390625,1.8405168699659136,-0.2184813616507908,12.5600004196167
2025-07-08,25522.5,57256.30078125,12.199999809265137,38983.25,22165.900390625,23852.900390625,2.8047014974572404,-0.07556546781998241,12.199999809265137
2025-07-09,25476.099609375,57213.55078125,11.9399995803833,38680.8515625,22208.5,23944.400390625,2.923550652421225,0.0891795139417173,11.9399995803833
2025-07-10,25355.25,56956.0,11.670000076293945,38376.6484375,22076.80078125,23916.849609375,2.100583076277318,-0.19700920560223878,11.670000076293945
2025-07-11,25149.849609375,56754.69921875,11.819999694824219,37693.25,22225.900390625,23493.80078125,1.6126832906709243,-1.2220666534111024,11.819999694824219
2025-07-14,25082.30078125,56765.3515625,11.979999542236328,37273.69921875,22410.349609375,23552.0,1.479577197731885,-1.4885335327372573,11.979999542236328
2025-07-15,25195.80078125,57006.6484375,11.479999542236328,37424.6015625,22665.69921875,23905.25,2.661916191300806,-1.2800439563130595,11.479999542236328
2025-07-16,25212.05078125,57168.94921875,11.239999771118164,37660.75,22593.900390625,24011.150390625,2.4039267807762554,-1.0364570408094687,11.239999771118164
2025-07-17,25111.44921875,56828.80078125,11.239999771118164,37138.55078125,22680.349609375,24002.5,1.4567099476573642,-0.961539646621512,11.239999771118164
2025-07-18,24968.400390625,56283.0,11.390000343322754,37141.8984375,22592.75,23894.349609375,-0.13858465084182203,-0.7214723808223522,11.390000343322754
2025-07-21,25090.69921875,56952.75,11.199999809265137,37031.75,22531.849609375,24055.0,-0.049794450066198426,0.033483521201849165,11.199999809265137
2025-07-22,25060.900390625,56756.0,10.75,36858.8984375,22307.19921875,23875.849609375,-0.17267836870250575,-0.5354082285227046,10.75
2025-07-23,25219.900390625,57210.44921875,10.520000457763672,36951.5,22417.44921875,24079.400390625,0.3122339996195045,0.03113435492854144,10.520000457763672
2025-07-24,25062.099609375,57066.05078125,10.720000267028809,36135.80078125,22541.05078125,24087.30078125,0.6987262882964584,-0.19652234701831306,10.720000267028809
2025-07-25,24837.0,56528.8984375,11.279999732971191,35623.75,22662.69921875,23781.55078125,0.4789931165036343,-0.526266755455973,11.279999732971191
2025-07-28,24680.900390625,56084.8984375,12.0600004196167,35370.05078125,22761.150390625,23693.0,-1.0646768459503297,-1.633269860485842,12.0600004196167
2025-07-29,24821.099609375,56222.0,11.529999732971191,35373.25,23072.44921875,23888.349609375,-0.12996523913155755,-0.9568721694441118,11.529999732971191
2025-07-30,24855.05078125,56150.69921875,11.210000038146973,35481.69921875,23073.900390625,23745.80078125,0.17330288567882768,-1.4466734750095411,11.210000038146973
2025-07-31,24768.349609375,55961.94921875,11.539999961853027,35301.6484375,22771.05078125,23655.849609375,-0.10043213626692582,-1.1720885503547995,11.539999961853027
2025-08-01,24565.349609375,55617.6015625,11.979999542236328,34649.6015625,22011.69921875,23410.94921875,-2.1784089642590487,-1.0937326997020547,11.979999542236328
2025-08-04,24722.75,55619.3515625,11.970000267028809,35203.3515625,22153.80078125,23787.5,-0.9977229875485882,0.16956273358201823,11.970000267028809
2025-08-05,24649.55078125,55360.25,11.710000038146973,35034.5,21970.150390625,23876.30078125,-1.5763988056500033,-0.6911411292197744,11.710000038146973
2025-08-06,24574.19921875,55411.1484375,11.960000038146973,34426.25,21523.75,23748.849609375,-2.6561989374028316,-1.1299577094884383,11.960000038146973
2025-08-07,24596.150390625,55521.1484375,11.6899995803833,34726.80078125,21684.80078125,23808.099609375,-3.72949864720733,-0.6952389701606165,11.6899995803833
2025-08-08,24363.30078125,55004.8984375,12.029999732971191,34398.5,21402.150390625,23474.650390625,-4.971175222377477,-0.82249522737462,12.029999732971191
2025-08-11,24585.05078125,55510.75,12.220000267028809,34544.6484375,21604.650390625,23723.75,-3.6524597140545567,-0.5569737134825226,12.220000267028809
2025-08-12,24487.400390625,55043.69921875,12.229999542236328,34674.30078125,21753.5,23856.599609375,-4.12813646013176,-0.6578229034029381,12.229999542236328
2025-08-13,24619.349609375,55181.44921875,12.140000343322754,34692.94921875,22130.30078125,24122.650390625,-3.276775473807414,0.18373087246135178,12.140000343322754
2025-08-14,24631.30078125,55341.8515625,12.359999656677246,34833.19921875,22151.849609375,24118.80078125,-3.046608291176933,0.14291013051537238,12.359999656677246
2025-08-18,24876.94921875,55734.8984375,12.34000015258789,34634.94921875,22141.150390625,25127.19921875,-2.293903543655007,2.1082875514770283,12.34000015258789
2025-08-19,24980.650390625,55865.1484375,11.789999961853027,34756.69921875,22066.75,25456.69921875,-1.8877684009724893,1.6091063341496348,11.789999961853027
2025-08-20,25050.55078125,55698.5,11.789999961853027,35690.05078125,21969.5,25469.25,-1.8491496473699631,2.299755717804164,11.789999961853027
2025-08-21,25083.75,55755.44921875,11.369999885559082,35723.8984375,22177.69921875,25377.5,-1.5400693802854248,1.8863227420441664,11.369999885559082
2025-08-22,24870.099609375,55149.3984375,11.729999542236328,35440.8515625,22265.0,25329.44921875,-1.913411978288515,0.9694933704304409,11.729999542236328
2025-08-25,24967.75,55139.30078125,11.760000228881836,36280.1015625,22362.80078125,25423.400390625,-0.7240584425090124,0.3649996647561604,11.760000228881836
2025-08-26,24712.05078125,54450.44921875,12.1899995803833,36063.19921875,21990.0,25320.30078125,-1.4761404993467564,-1.0752306492220143,12.1899995803833
2025-08-28,24500.900390625,53820.3515625,12.180000305175781,35488.80078125,21808.349609375,25183.5,-2.758000813937711,-2.1941648925196677,12.180000305175781
2025-08-29,24426.849609375,53655.6484375,11.75,35181.25,21804.05078125,24960.849609375,-3.1143883482058765,-2.6188284870683254,11.75
2025-09-01,24625.05078125,54002.44921875,11.289999961853027,35740.6484375,21778.849609375,25660.0,-1.936958847985648,-0.9853150247642217,11.289999961853027
2025-09-02,24579.599609375,53661.0,11.399999618530273,35737.8984375,21719.94921875,25584.94921875,-1.5571713652749009,-1.5546070055371453,11.399999618530273
2025-09-03,24715.05078125,54067.55078125,10.930000305175781,35474.94921875,21959.599609375,25775.44921875,-1.497162092713944,0.012139826138080068,10.930000305175781
2025-09-04,24734.30078125,54075.44921875,10.850000381469727,35143.1015625,21915.400390625,25994.849609375,-1.3032237640479116,0.9526196462326997,10.850000381469727
2025-09-05,24741.0,54114.55078125,10.779999732971191,34635.8515625,21924.80078125,26320.599609375,-1.8988988188193723,1.2860863993874538,10.779999732971191
2025-09-08,24773.150390625,54186.8984375,10.84000015258789,34310.44921875,21865.19921875,27189.19921875,-1.1529330074241395,0.6014184932676914,10.84000015258789
2025-09-09,24868.599609375,54216.1015625,10.6899995803833,35255.94921875,22052.650390625,27182.5,0.12722796382413915,1.1757717969082426,10.6899995803833
2025-09-10,24973.099609375,54536.0,10.539999961853027,36183.80078125,22122.05078125,26833.94921875,1.1839082615518803,1.0440958847665716,10.539999961853027
2025-09-11,25005.5,54669.6015625,10.359999656677246,36003.5,22224.0,26744.44921875,0.7429178945615789,1.0964499103834902,10.359999656677246
2025-09-12,25114.0,54809.30078125,10.119999885559082,36110.75,22341.19921875,26866.650390625,1.0418374157792787,1.5076189321369338,10.119999885559082
2025-09-15,25069.19921875,54887.8515625,10.399999618530273,35902.19921875,22198.69921875,26760.650390625,1.2146534352096117,1.195039078425153,10.399999618530273
2025-09-16,25239.099609375,55147.6015625,10.270000457763672,36212.1484375,22264.55078125,27146.400390625,2.7426843530159895,1.4898305727690797,10.270000457763672
2025-09-17,25330.25,55493.30078125,10.25,36447.1484375,22241.349609375,27294.650390625,2.4572509126209674,1.4301404159334785,10.25
2025-09-18,25423.599609375,55727.44921875,9.890000343322754,36750.25,22574.349609375,27329.349609375,3.140214744658909,1.672030590770035,9.890000343322754
2025-09-19,25327.05078125,55458.8515625,9.970000267028809,36578.25,22686.599609375,27219.55078125,3.0635853310962746,0.8483347186827972,9.970000267028809
2025-09-22,25202.349609375,55284.75,10.5600004196167,35500.1484375,22365.75,27154.30078125,2.464610148834745,0.531131407362273,10.5600004196167
2025-09-23,25169.5,55509.75,10.630000114440918,35249.1015625,22299.099609375,27321.94921875,3.309072222965992,-0.27576106300221115,10.630000114440918
2025-09-24,25056.900390625,55121.5,10.520000457763672,34994.30078125,22180.69921875,27007.599609375,1.9192541580384193,-1.0791429590114587,10.520000457763672
2025-09-25,24890.849609375,54976.19921875,10.779999732971191,34548.30078125,21977.69921875,26758.5,1.6475788050758666,-2.095493982699237,10.779999732971191
2025-09-26,24654.69921875,54389.3515625,11.430000305175781,33702.0,21507.19921875,26484.55078125,0.14358465977322155,-2.654677673713801,11.430000305175781
2025-09-29,24634.900390625,54461.0,11.369999885559082,33693.1015625,21475.30078125,26436.55078125,0.01461396378115154,-2.2515726809016035,11.369999885559082
2025-09-30,24611.099609375,54635.8515625,11.069999694824219,33655.1015625,21454.25,26542.349609375,-1.0686584075776717,-2.2185597275472313,11.069999694824219
2025-10-01,24836.30078125,55347.94921875,10.289999961853027,33905.19921875,21733.5,26768.650390625,-0.5778456810282773,-0.8803946455306022,10.289999961853027
2025-10-03,24894.25,55589.25,10.0600004196167,33949.75,21756.349609375,26753.099609375,-0.623941495797331,0.013661207545601073,10.0600004196167
2025-10-06,25077.650390625,56104.8515625,10.1899995803833,34722.55078125,21779.849609375,26857.19921875,-0.024316975631633042,1.715499216284666,10.1899995803833
2025-10-07,25108.30078125,56239.3515625,10.050000190734863,34709.44921875,21875.30078125,26933.55078125,0.9577813342782404,1.921665535961159,10.050000190734863
2025-10-08,25046.150390625,56018.25,10.3100004196167,35232.25,21707.349609375,26522.400390625,0.31400663105405346,1.7677015174254018,10.3100004196167
2025-10-09,25181.80078125,56192.05078125,10.119999885559082,35628.5,21936.19921875,26587.0,1.9008944427890917,1.391108937852903,10.119999885559082
2025-10-10,25285.349609375,56609.75,10.100000381469727,35609.05078125,22218.25,26721.19921875,3.2017158808178348,1.5710439534229792,10.100000381469727
2025-10-13,25227.349609375,56625.0,11.010000228881836,35330.80078125,22205.099609375,26698.150390625,3.277131569569125,0.5969427614556988,11.010000228881836
2025-10-14,25145.5,56496.44921875,11.15999984741211,35214.8515625,22039.25,26640.55078125,2.1134950070692993,0.14815506263881062,11.15999984741211
2025-10-15,25323.55078125,56799.8984375,10.529999732971191,35401.80078125,22057.30078125,26708.650390625,3.026701751444505,1.1075569949816844,10.529999732971191
2025-10-16,25585.30078125,57422.55078125,10.869999885559082,35531.05078125,22103.19921875,27048.75,3.5211337727058645,1.6023476776150236,10.869999885559082
2025-10-17,25709.849609375,57713.3515625,11.630000114440918,34950.69921875,22253.75,27228.599609375,3.9441132245974897,1.678837771903341,11.630000114440918
2025-10-20,25843.150390625,58033.19921875,11.359999656677246,35292.6015625,22439.900390625,27185.44921875,4.454752801523787,2.4410046667017182,11.359999656677246
2025-10-21,25868.599609375,58007.19921875,11.300000190734863,35299.75,22515.69921875,27229.849609375,4.421921319964839,2.8756620841701386,11.300000190734863
2025-10-23,25891.400390625,58078.05078125,11.729999542236328,36078.6484375,22481.25,27218.75,4.112820172087317,2.2423775175930194,11.729999542236328
2025-10-24,25795.150390625,57699.6015625,11.59000015258789,35986.3515625,22357.349609375,27108.69921875,3.2917450941548188,0.8201959835030914,11.59000015258789
2025-10-27,25966.05078125,58114.25,11.859999656677246,36129.1015625,22310.400390625,27263.650390625,3.8413580262342206,0.9965098037040931,11.859999656677246
2025-10-28,25936.19921875,58214.1015625,11.949999809265137,35860.3984375,22250.900390625,27148.349609375,3.273868036752403,0.3600521868214468,11.949999809265137
2025-10-29,26053.900390625,58385.25,11.970000267028809,36090.1015625,22430.69921875,26948.900390625,3.927932293659042,0.7163154714523001,11.970000267028809
2025-10-30,25877.849609375,58031.1015625,12.069999694824219,35906.3984375,22298.19921875,26829.55078125,2.5307955112738645,-0.05233699624415111,12.069999694824219
2025-10-31,25722.099609375,57776.3515625,12.149999618530273,35712.3515625,22175.400390625,26809.849609375,1.5469630555363656,-0.28319579511562054,12.149999618530273
2025-11-03,25763.349609375,58101.44921875,12.670000076293945,35653.1015625,22442.599609375,26841.80078125,1.3363567914069785,-0.780639203021849,12.670000076293945
2025-11-04,25597.650390625,57827.05078125,12.649999618530273,35274.55078125,22334.44921875,26610.05078125,1.0684213164500411,-1.305313956257148,12.649999618530273
2025-11-06,25509.69921875,57554.25,12.40999984741211,35337.6015625,22250.55078125,26626.5,1.2195276001594202,-2.088751256878296,12.40999984741211
2025-11-07,25492.30078125,57876.80078125,12.5600004196167,35117.6484375,22169.80078125,26779.55078125,1.2825077226404913,-1.4898796999937902,12.5600004196167
2025-11-10,25574.349609375,57937.55078125,12.300000190734863,35688.25,22379.849609375,26859.849609375,2.0650966826830874,-0.5744087856115354,12.300000190734863
2025-11-11,25694.94921875,58138.1484375,12.489999771118164,36116.8984375,22369.599609375,27148.25,3.230502863478546,-0.26549494402742235,12.489999771118164
2025-11-12,25875.80078125,58274.6484375,12.109999656677246,36855.3984375,22593.400390625,27485.150390625,4.952814681151518,1.0866246955496761,12.109999656677246
2025-11-13,25879.150390625,58381.94921875,12.15999984741211,36679.5,22686.80078125,27382.80078125,5.050761238204604,1.4482772560620694,12.15999984741211
2025-11-14,25910.05078125,58517.55078125,11.9399995803833,36301.25,22821.05078125,27239.80078125,5.277907905342816,1.6387300761305124,11.9399995803833
2025-11-17,26013.44921875,58962.69921875,11.789999961853027,36375.19921875,22867.599609375,27472.650390625,4.739628690552333,1.71695318192584,11.789999961853027
2025-11-18,25910.05078125,58899.25,12.100000381469727,35975.19921875,22713.650390625,27368.25,4.08046348554385,0.8371355812722747,12.100000381469727
2025-11-19,26052.650390625,59216.05078125,11.970000267028809,37044.6484375,22727.650390625,27434.44921875,3.8879240471606957,0.6834555995776093,11.970000267028809
2025-11-20,26192.150390625,59347.69921875,12.140000343322754,37043.30078125,22687.55078125,27554.0,4.316698365284766,1.2094678352090993,12.140000343322754
2025-11-21,26068.150390625,58867.69921875,13.630000114440918,36885.3515625,22580.94921875,27537.849609375,4.080467393434417,0.6101864126387913,13.630000114440918
2025-11-24,25959.5,58835.3515625,13.239999771118164,37037.94921875,22492.44921875,27442.19921875,3.0883383817771337,-0.2073897171279926,13.239999771118164
2025-11-25,25884.80078125,58820.30078125,12.239999771118164,36826.8984375,22590.94921875,27378.69921875,2.370745040648914,-0.09745252995904119,12.239999771118164
2025-11-26,26205.30078125,59528.05078125,11.970000267028809,37364.6015625,22862.349609375,27696.400390625,3.876551389732885,0.5859303692185236,11.970000267028809
2025-11-27,26215.55078125,59737.30078125,11.789999961853027,37446.30078125,22863.0,27603.650390625,4.255436484659292,0.08934123497310598,11.789999961853027
2025-11-28,26202.94921875,59752.69921875,11.619999885559082,37405.5,22998.30078125,27774.599609375,3.472650597447502,0.5171016205794077,11.619999885559082
2025-12-01,26175.75,59681.3515625,11.630000114440918,37549.75,22887.75,27993.0,2.307767353599788,0.8330283711165398,11.630000114440918
2025-12-02,26032.19921875,59273.80078125,11.229999542236328,37541.25,22905.0,27979.5,1.2537981134570941,0.569440107905983,11.229999542236328
2025-12-03,25986.0,59348.25,11.210000038146973,37825.25,22907.849609375,27643.80078125,0.5527561741343279,-0.8368565699002017,11.210000038146973
2025-12-04,26033.75,59288.69921875,10.819999694824219,38360.25,22958.94921875,27732.69921875,0.6384202976536413,-0.6934844999710199,10.819999694824219
2025-12-05,26186.44921875,59777.19921875,10.319999694824219,38703.6484375,22947.150390625,27939.099609375,1.1395630351142882,-0.06297001097950172,10.319999694824219
2025-12-08,25960.55078125,59238.55078125,11.130000114440918,38590.69921875,22640.69921875,27596.80078125,0.6412073126935924,-0.8221320067237858,11.130000114440918
2025-12-09,25839.650390625,59222.3515625,10.949999809265137,38130.6015625,22522.849609375,27399.25,-0.48679097060179144,-0.7396564020849761,10.949999809265137
2025-12-10,25758.0,58960.3984375,10.90999984741211,37789.8984375,22561.5,27358.25,-0.6870675893836276,-0.8773955206649697,10.90999984741211
2025-12-11,25898.55078125,59209.8515625,10.399999618530273,38097.0,22783.44921875,27661.0,-0.5962623908353448,-0.5193228741537381,10.399999618530273
2025-12-12,26046.94921875,59389.94921875,10.109999656677246,38274.75,22808.69921875,27820.849609375,0.6534530957075235,-0.5327182728543267,10.109999656677246
2025-12-15,26027.30078125,59461.80078125,10.25,38386.30078125,22719.400390625,27568.099609375,1.1865328900435568,0.257120893013596,10.25
2025-12-16,25860.099609375,59034.6015625,10.0600004196167,38062.5,22591.5,27542.19921875,0.37553346698673273,0.07913891419142338,10.0600004196167
2025-12-17,25818.55078125,58926.75,9.84000015258789,38172.05078125,22612.150390625,27489.25,0.8629713557846808,0.23507563184252955,9.84000015258789
2025-12-18,25815.55078125,58912.8515625,9.710000038146973,38633.3515625,22557.599609375,27321.900390625,1.1989618532044277,-0.3204812527969336,9.710000038146973
2025-12-19,25966.400390625,59069.19921875,9.520000457763672,38691.6015625,22751.25,27657.25,1.8597756767553486,-0.30924476969846904,9.520000457763672
2025-12-22,26172.400390625,59304.0,9.680000305175781,39488.0,22927.900390625,27885.30078125,2.3384789462280953,0.5574900393802151,9.680000305175781
2025-12-23,26177.150390625,59299.55078125,9.380000114440918,39173.69921875,22875.099609375,27892.05078125,1.8766379640210884,1.2260230472393774,9.380000114440918
2025-12-24,26142.099609375,59183.6015625,9.1899995803833,38974.80078125,22757.400390625,27885.650390625,1.0291423650083287,1.253164172018395,9.1899995803833
2025-12-26,26042.30078125,59011.3515625,9.149999618530273,38572.30078125,22684.650390625,27739.849609375,0.6304317883793598,0.878346551353415,9.149999618530273
2025-12-29,25942.099609375,58932.3515625,9.720000267028809,38282.69921875,22578.30078125,27592.5,0.12369264883183018,-0.09358548310289816,9.720000267028809
2025-12-30,25938.849609375,59171.25,9.680000305175781,37998.6015625,22540.05078125,27889.650390625,-0.2867732331367612,-0.8923552206302698,9.680000305175781
2025-12-31,26129.599609375,59581.8515625,9.479999542236328,37884.05078125,22723.650390625,28189.599609375,0.8473500495177699,-0.1816499524983861,9.479999542236328
2026-01-01,26146.55078125,59711.55078125,,38171.5,,,0.3604254815425145,0.01702683388675741,
2026-01-02,26328.55078125,60150.94921875,9.449999809265137,38320.30078125,22790.900390625,28803.650390625,0.520768201887778,1.099173235131734,9.449999809265137
2026-01-05,26250.30078125,60044.19921875,10.020000457763672,37771.1484375,22743.400390625,28894.150390625,0.6987468918796313,1.1880348025632426,10.020000457763672
2026-01-06,26178.69921875,60118.3984375,10.020000457763672,37977.3984375,23126.849609375,28922.349609375,0.8443892168570333,0.924673271895271,10.020000457763672
2026-01-07,26140.75,59990.8515625,9.949999809265137,38688.80078125,23286.25,28692.400390625,0.9888011923020024,0.04267340790402585,9.949999809265137
2026-01-08,25876.849609375,59686.5,10.600000381469727,37920.30078125,22962.55078125,28414.94921875,-1.2533768439323079,-1.0314980898681547,10.600000381469727
2026-01-09,25683.30078125,59251.55078125,10.930000305175781,38027.19921875,22761.0,28087.650390625,-2.0302834925775337,-2.4507615529659854,10.930000305175781
2026-01-12,25790.25,59450.5,11.369999885559082,37988.25,22668.44921875,28011.75,-1.575010565813273,-1.7525543234102825,11.369999885559082
2026-01-13,25732.30078125,59578.80078125,11.199999809265137,38236.6015625,22562.30078125,27915.099609375,-1.6941223030858765,-1.7051971672460975,11.199999809265137
2026-01-14,25665.599609375,59580.1484375,11.319999694824219,37822.69921875,22505.400390625,27721.849609375,-1.4082544709128952,-1.8176616609125618,11.319999694824219
2026-01-16,25694.349609375,60095.1484375,11.369999885559082,39086.6484375,22217.05078125,27596.25,-1.1223366067305451,-0.705263595665373,11.369999885559082
2026-01-19,25585.5,59891.3515625,11.829999923706055,38902.5,22136.25,27632.44921875,-1.7218034282421857,-0.3807952181964058,11.829999923706055
2026-01-20,25232.5,59404.19921875,12.729999542236328,38101.05078125,21714.30078125,26948.099609375,-3.642911686044681,-2.162638981785747,12.729999542236328
2026-01-21,25157.5,58800.30078125,13.779999732971191,37992.30078125,21584.400390625,26871.25,-3.093350322251265,-2.233771422681463,13.779999732971191
2026-01-22,25289.900390625,59200.1015625,13.350000381469727,38301.75,21928.0,27110.19921875,-2.127544265070469,-1.4638240464593166,13.350000381469727
2026-01-23,25048.650390625,58473.1015625,14.1899995803833,38238.5,21722.25,26804.55078125,-2.753900183923441,-2.5130008292344796,14.1899995803833
2026-01-27,25175.400390625,59205.44921875,14.449999809265137,38566.1015625,21788.44921875,26554.0,-2.7922426885312213,-1.6028594687420572,14.449999809265137
2026-01-28,25342.75,59598.80078125,13.529999732971191,38725.3515625,21739.849609375,26737.599609375,-2.7035765794908517,0.4369364906370743,13.529999732971191
2026-01-29,25418.900390625,59957.8515625,13.369999885559082,38431.30078125,21564.0,26555.400390625,-2.3375470078068616,1.0390555127695489,13.369999885559082
2026-01-30,25320.650390625,59610.44921875,13.630000114440918,38036.1484375,21715.099609375,26750.349609375,-2.086029160361136,0.12159003999636653,13.630000114440918
2026-02-02,25088.400390625,58619.0,13.869999885559082,38074.1484375,21549.55078125,26749.150390625,-2.8280068730861974,0.15869118447546793,13.869999885559082
2026-02-03,25727.55078125,60041.30078125,12.899999618530273,38611.75,22200.25,27500.30078125,-0.3408798082429998,2.193213939233374,12.899999618530273
2026-02-04,25776.0,60238.1484375,12.25,36345.6484375,22125.80078125,27825.400390625,-0.7332567770685028,1.7095619062651002,12.25
2026-02-05,25642.80078125,60063.6484375,12.170000076293945,36143.30078125,22119.900390625,27664.5,-2.0235041550285326,0.8808421575450254,12.170000076293945
2026-02-06,25693.69921875,60120.55078125,11.9399995803833,35611.05078125,21961.349609375,27519.55078125,-1.8468441547714876,1.4732987595892144,11.9399995803833
2026-02-09,25867.30078125,60669.3515625,12.1899995803833,35616.6484375,22290.69921875,27791.44921875,-1.051173517931403,3.1046235650641796,12.1899995803833
2026-02-10,25935.150390625,60626.3984375,11.670000076293945,35722.19921875,22210.5,28173.19921875,-0.4114474812538349,0.806915555779586,11.670000076293945
2026-02-11,25953.849609375,60745.3515625,11.550000190734863,35095.1484375,22434.19921875,28538.69921875,0.045293172784499625,0.6899814143971117,11.550000190734863
2026-02-12,25807.19921875,60739.75,11.729999542236328,33160.19921875,22386.30078125,28504.05078125,-0.5075413621173808,0.6411095219372775,11.729999542236328
2026-02-13,25471.099609375,60186.6484375,13.289999961853027,32681.5,22194.900390625,28234.30078125,-2.520130464470405,-0.8663587421952723,13.289999961853027
2026-02-16,25682.75,60949.1015625,13.329999923706055,32738.05078125,22403.150390625,28028.19921875,-1.7738507275024462,-0.7134520250515308,13.329999923706055
2026-02-17,25725.400390625,61174.0,12.670000076293945,33075.05078125,22494.900390625,28174.55078125,-2.2908605780707747,-0.808747961129308,12.670000076293945
2026-02-18,25819.349609375,61550.80078125,12.220000267028809,32668.30078125,22541.94921875,28327.599609375,-1.641699938854868,-0.5182275540019154,12.220000267028809
2026-02-19,25454.349609375,60739.55078125,13.460000038146973,32319.400390625,22429.099609375,27734.0,-2.7669427091174925,-1.3672526273933672,13.460000038146973
2026-02-20,25571.25,61172.0,14.359999656677246,32004.05078125,22452.400390625,27846.80078125,-2.1785908973537493,0.39319225381277967,14.359999656677246
2026-02-23,25713.0,61264.25,14.170000076293945,31550.5,22578.55078125,28077.0,-0.6331899433215327,0.11778333706475852,14.170000076293945
2026-02-24,25424.650390625,61047.30078125,14.149999618530273,30053.5,22632.05078125,27950.0,-1.0070761263436423,-1.1690780140767076,14.149999618530273
2026-02-25,25482.5,61043.3515625,13.489999771118164,30526.349609375,23051.849609375,28466.5,-1.1932804063551128,-1.3046401806058316,13.489999771118164
2026-02-26,25496.55078125,61187.69921875,13.0600004196167,30554.19921875,23301.650390625,28693.400390625,-0.9161637041479764,0.1657915936671861,13.0600004196167
2026-02-27,25178.650390625,60529.0,13.699999809265137,30603.849609375,22952.349609375,28158.849609375,-1.8972836254023462,-1.5353164564696709,13.699999809265137
2026-03-02,24865.69921875,59839.6484375,17.1299991607666,30272.94921875,22956.69921875,27540.099609375,-3.225029639678656,-3.2952233549177423,17.1299991607666
2026-03-04,24480.5,58755.25,21.139999389648438,30305.30078125,22672.19921875,26867.150390625,-4.318852475034685,-3.7135235927300836,21.139999389648438
2026-03-05,24765.900390625,59055.8515625,17.860000610351562,30126.80078125,23005.5,27366.80078125,-1.8492008694144468,-2.8121244358873754,17.860000610351562
2026-03-06,24450.44921875,57783.25,19.8799991607666,30138.400390625,22970.19921875,27076.400390625,-2.810496993938194,-4.102914043060668,19.8799991607666
2026-03-09,24028.05078125,56019.80078125,23.360000610351562,30162.05078125,22933.75,25965.94921875,-4.989539657668118,-4.569742982743086,23.360000610351562
2026-03-10,24261.599609375,56950.80078125,18.90999984741211,30024.05078125,23253.650390625,26770.55078125,-3.1420885715446434,-2.429449516221438,18.90999984741211
2026-03-11,23866.849609375,55735.75,21.059999465942383,29651.69921875,23348.05078125,25926.0,-5.197735729904373,-2.50669059302302,21.059999465942383
2026-03-12,23639.150390625,55100.94921875,21.520000457763672,29579.44921875,23275.19921875,25098.0,-6.722236574069507,-4.5496024058407585,21.520000457763672
2026-03-13,23151.099609375,53757.8515625,22.649999618530273,29071.30078125,22832.19921875,24195.099609375,-8.921710799442806,-5.314215692931256,22.649999618530273
2026-03-16,23408.80078125,54413.3984375,21.600000381469727,29042.55078125,22547.19921875,24599.099609375,-7.550554902345096,-2.5771961514382324,21.600000381469727
2026-03-17,23581.150390625,54876.0,19.790000915527344,28760.900390625,22597.55078125,25117.099609375,-6.007756479218285,-2.804634606561829,19.790000915527344
2026-03-18,23777.80078125,55326.05078125,18.719999313354492,29559.30078125,22632.599609375,25598.849609375,-7.578451662880248,-0.373106755111996,18.719999313354492
2026-03-19,23002.150390625,53451.0,22.799999237060547,28579.599609375,22101.650390625,24509.900390625,-10.76136564779252,-2.6946822938806902,22.799999237060547
2026-03-20,23114.5,53427.05078125,22.809999465942383,29199.599609375,22540.69921875,24715.900390625,-9.859690455883008,-0.15809015551113692,22.809999465942383
2026-03-23,22512.650390625,51437.75,26.729999542236328,29147.05078125,22053.099609375,23934.75,-12.380657222777902,-3.828262707685559,26.729999542236328
2026-03-24,22912.400390625,52605.6484375,24.739999771118164,29648.900390625,22239.80078125,24515.25,-11.423303945059738,-2.835951549954363,24.739999771118164
2026-03-25,23306.44921875,53708.1015625,24.639999389648438,29671.30078125,22679.75,25058.599609375,-10.135669669473824,-1.9823177376087853,24.639999389648438
2026-03-27,22819.599609375,52274.6015625,26.799999237060547,29541.650390625,22565.599609375,24351.94921875,-12.07624320543128,-0.7936248487637187,26.799999237060547
2026-03-30,22331.400390625,50275.3515625,27.889999389648438,29062.599609375,22232.25,23769.599609375,-13.468330285138762,-3.3879149857232504,27.889999389648438
2026-04-01,22679.400390625,51448.6484375,25.010000228881836,29669.05078125,22011.599609375,24238.849609375,-10.960261871546662,0.7406946632522615,25.010000228881836
2026-04-02,22713.099609375,51548.75,25.520000457763672,30441.44921875,21808.400390625,24089.650390625,-11.562820923090399,-0.8698380695701724,25.520000457763672
2026-04-06,22968.25,52609.1015625,25.469999313354492,30636.55078125,21835.349609375,24350.400390625,-10.71761896320097,-1.4510971430084618,25.469999313354492
2026-04-07,23123.650390625,52716.25,24.700000762939453,31403.349609375,21868.69921875,24373.30078125,-10.440616280168392,1.3324106752735876,24.700000762939453
2026-04-08,23997.349609375,55703.8984375,19.700000762939453,31565.80078125,21991.19921875,26002.94921875,-5.7239726112011,7.460119784737662,19.700000762939453
2026-04-09,23775.099609375,54821.69921875,20.43000030517578,31636.19921875,22135.400390625,25901.900390625,-7.024100857897054,4.831253030847016,20.43000030517578
2026-04-10,24050.599609375,55912.75,18.850000381469727,31030.599609375,22164.849609375,26640.900390625,-6.465213668669545,5.888672277243634,18.850000381469727
2026-04-13,23842.650390625,55605.05078125,20.5,30669.80078125,22100.099609375,26084.55078125,-6.222307782778169,3.8069961386914652,20.5
2026-04-15,24231.30078125,56301.94921875,18.670000076293945,31539.75,22435.650390625,26483.099609375,-4.910033233591681,4.790119085497313,18.670000076293945
2026-04-16,24196.75,56086.3984375,18.09000015258789,31817.5,22465.0,26382.75,-5.097947531812286,0.8309267226206618,18.09000015258789
2026-04-17,24353.55078125,56565.69921875,17.209999084472656,31809.849609375,22497.25,26435.0,-3.2769810795030385,2.4330126114252115,17.209999084472656
2026-04-20,24364.849609375,56582.3515625,18.790000915527344,31585.75,22456.75,26522.30078125,-2.0142188842907527,1.306620230281097,18.790000915527344
2026-04-21,24576.599609375,57371.44921875,17.530000686645508,31729.099609375,22438.44921875,26625.19921875,0.392555745899803,3.0783038241360527,17.530000686645508
2026-04-22,24378.099609375,57124.44921875,18.299999237060547,30496.25,22455.44921875,26450.25,-1.5658658685262283,0.6058231435870365,18.299999237060547
